{
    "js/8wayrun/porta/countdown.js": "44b30b1e14d60425b751b6baa8dd4f1688f2aaa9a06b5daa092471957bd882ce",
    "js/8wayrun/porta/countdown.min.js": "277a3a2862476d9b3d6218b17314a6682c62ffa9cfba1bd781736f53cc200333",
    "js/8wayrun/porta/images.js": "f7b3dc94297cd47d4b2195477eff1acd681aa73851590061b58b32fc05a4a007",
    "js/8wayrun/porta/images.min.js": "00ab66a9addbd4b25cf1bd4e4ff3bdc70a668670c81f37303028711b77b3c2f0",
    "js/8wayrun/porta/infinite.js": "10b831c6b76c618dfd2e65364c58836fd9b62b3891a3c7a051651d7966353005",
    "js/8wayrun/porta/infinite.min.js": "f17934cede25bf28a89b87de18db3a2fef13350684ceac49f3ff815b272f900f",
    "js/8wayrun/porta/infinite.pdf": "15eaebd060f9aca25431a32cd167d000cbb67baa742e2e7d163d70e93df7ebf8",
    "js/8wayrun/porta/masonry.js": "605003a102486058fe8ac757b2c30652b9ac54d6d50df3799bc8cf81537ef66e",
    "js/8wayrun/porta/masonry.min.js": "fd38c7d5c3b82788c4c21d8ecd09c9d9361448784e4e4d05bfaff7c40dcb02e1",
    "js/8wayrun/porta/portal.js": "01f023b6aed3899cb42ba2c98a6cd3a10e42d0dd91c381fe9eca124194312464",
    "js/8wayrun/porta/portal.min.js": "07bc7054320c71fd19fd0f9c2302b3b5d4b3a66d4076361e663dc6b4863ee278",
    "js/8wayrun/porta/slider.js": "3100c1e5934f1d7b33a7bb9cc5c558101de148365dc361323fd6ed2369a84050",
    "js/8wayrun/porta/slider.min.js": "0a701b641fdfcad59f509976e05895d5e23e604a8261c71908c30f42b4fe5465",
    "src/addons/EWR/Porta/addon.json": "56d2780575fb5bdfaf262a178a9b084b9854dbc30ac2c538408cd7f3b5848801",
    "src/addons/EWR/Porta/Admin/Controller/Article.php": "b2a4375892f7339e8c1b433e9bd4f453bf956caf60dbf0c3b574c3dd41029447",
    "src/addons/EWR/Porta/Admin/Controller/Author.php": "39928be49b9a7af93600c1c2c7533dbf89528832435e7e070c8311200cc4ffae",
    "src/addons/EWR/Porta/Admin/Controller/Category.php": "28cb299c517eedcac04e57e5d9f29a1c649bcbe3c0a5b7ade9d60d438ef2dea6",
    "src/addons/EWR/Porta/Admin/Controller/Feature.php": "f54d71cde8323c57aba8ef44305845634f1d64f4565f81ab1ed8281fa0403daf",
    "src/addons/EWR/Porta/Admin/Controller/Index.php": "04baeeb3d2ac25bb14de9fcb0f007bc5ee03516139a51db34520aed58437d324",
    "src/addons/EWR/Porta/BbCode/Prebreak.php": "3ca5dca334a1437f7de0a2db94ac7f8821c04435d1d52631db06ec5c8d945f62",
    "src/addons/EWR/Porta/Entity/Article.php": "e5f34d2a92da920e99213e44dc0fab21e4c1c3ed39029b7d0ca14edf436b4d64",
    "src/addons/EWR/Porta/Entity/Author.php": "7882adb018f0ce3d725af60e9d1c64c5fabce6b0cd6b720f5d0ad2cccb2f4b03",
    "src/addons/EWR/Porta/Entity/Category.php": "be50ea1fe434e12b23b179ff7aa800f9dcf7027ecf4fb92ed38520ba46ffcffb",
    "src/addons/EWR/Porta/Entity/CatLink.php": "abdfcfb36244c0c767b2ac24ba391cd37226ab646ba2e6974017153510796945",
    "src/addons/EWR/Porta/Entity/Feature.php": "7679e8b5726070e5a1e2b09cdb698cac513eaac2d37f9aba9a82dbcafe0cca5c",
    "src/addons/EWR/Porta/Entity/Thread.php": "85cedd91cbdbdc6b41a9ef15f29941032d0b679a0aabb692938d2db7b296327a",
    "src/addons/EWR/Porta/Finder/Article.php": "225010570fc11bc5d7dbf9e2d7d88b33824e4745e45e3dbecf175d7daea29c63",
    "src/addons/EWR/Porta/Finder/Feature.php": "1f2927a527eecccc8e5ceadbd8ab1252dc8b5ddc67984b24a8d5b5ca5fecb406",
    "src/addons/EWR/Porta/Import/Importer/Porta100.php": "a3e6aba138fc2a680c36b27f7089dc44752e054e64a5b35a87d5f6cb00da3554",
    "src/addons/EWR/Porta/Import/Importer/Porta121.php": "3ec2d803d61a9466c071770c2b7c7fc15882da483ed36b91bb64d34a8f8285d1",
    "src/addons/EWR/Porta/Listener/Importer.php": "d132de3fca5fc49e40d30ec74230cb9adbec01611725555795d2ea1afd93c72c",
    "src/addons/EWR/Porta/Listener/UserManagement.php": "29275052b10789a2ee3923c0b67c0107cbadf87732f8c25f1e6b76cdc1af2012",
    "src/addons/EWR/Porta/Pub/Controller/Article.php": "68fc286a7a67384afeaa9d771a8686daed696f56ee9e1441d9dc39a6d1e500ee",
    "src/addons/EWR/Porta/Pub/Controller/Attachment.php": "eb12357ae5bed5a4fd6725b0c2ebbec47fd48965e2cb7c2a32e96e81377830ae",
    "src/addons/EWR/Porta/Pub/Controller/Author.php": "51bd91af329759df3da7ce03d6b1a4d5d1b0e414e87b776a23868d8e81510b31",
    "src/addons/EWR/Porta/Pub/Controller/Category.php": "321eeb51d8664e7e12f5c2b4c8ea2594fd4b2053c9a2632b371ea3ece92a2b94",
    "src/addons/EWR/Porta/Pub/Controller/Forum.php": "1a40d48b519be6ec86cbdb22b58705e53d64ed25b98c213a977eecb6fdf28df2",
    "src/addons/EWR/Porta/Pub/Controller/Post.php": "9a57d35a39aec1d7ae92d13da6b328ecce5dc01860cb1aa50d4f99d88e16b95e",
    "src/addons/EWR/Porta/Pub/Controller/Thread.php": "93d1aa3d9698771ec3676c35d60861a40cc7d8c6318794040ac742cc70d83a71",
    "src/addons/EWR/Porta/Repository/Article.php": "84b7bb2c8ff0aa4f40026d346f7d76cba88182939553d60edfcc27fb9f2333e7",
    "src/addons/EWR/Porta/Repository/Author.php": "fd77846522f9bef1a8b16f7883af56bd1913c2c506b9c3f06931a1e0bb255ffe",
    "src/addons/EWR/Porta/Repository/Category.php": "55eadbea7fa26eeeef486919328aaa7df5b621826c0b98b3ed8c871d4f5cbc17",
    "src/addons/EWR/Porta/Repository/CatLink.php": "4e3fec8c9b3821f3b0463c02086c94a1f6efa2c94075d1495b3d417cab46e5e8",
    "src/addons/EWR/Porta/Repository/Feature.php": "79731c437b5c817fae2594ac7013ca13fc55604fa3bb962f4f5fb9a390d845c3",
    "src/addons/EWR/Porta/Setup.php": "41c2f349d969c41ad260339a43f17aab8d8aeb9996ceff83111bfc421abb0d6d",
    "src/addons/EWR/Porta/Widget/Articles.php": "167896ab5ddcdc272f01fd45f8250262675e717ff5e5ca0414fb93771adc0005",
    "src/addons/EWR/Porta/Widget/Categories.php": "cf0475cdd6d6917b1be320abde2a46857b5ceffe3fea42fd6f4e5e4855ff3769",
    "src/addons/EWR/Porta/Widget/Countdown.php": "fd6bd0e1337b93d7e1358d0875a749e74b8f3d427a27f7a09745d1c1f994f7e0",
    "src/addons/EWR/Porta/Widget/Discord.php": "256ef47dad56e0827c42bae04f9e627618870736846b63b8c7d0231940c83f8a",
    "src/addons/EWR/Porta/Widget/Facebook.php": "c8d149bd0f088ea548682c242ca8c11af0f525f8c0c907fe83ab4311f0d799a8",
    "src/addons/EWR/Porta/Widget/Features.php": "5c341e8aaaa9e274493b0d6409af2ec28c8cf64827c54c5afb5d0b84ffcef063",
    "src/addons/EWR/Porta/Widget/Twitter.php": "483b28d58cbfb50be75c6dfa79311c77f5b594110218f995f545677a6024755a",
    "src/addons/EWR/Porta/_data/admin_navigation.xml": "4f10cfcca3e36057e4c99258924f748c18ab2e424acd5de3c6ea1ca98898968c",
    "src/addons/EWR/Porta/_data/admin_permission.xml": "cffa06154d074a3f5143b48628fb0269b7282ae34d522e84d8575079e8e53a87",
    "src/addons/EWR/Porta/_data/bb_codes.xml": "ea8969ff7ba4edfc68e4e9762de8274a5ff7ec5f8eeb2d90d925c78b5750a72e",
    "src/addons/EWR/Porta/_data/class_extensions.xml": "82740c7c1209c858f2b560d9b2ae0f4c3f90816a822699a822cbe29056132714",
    "src/addons/EWR/Porta/_data/code_event_listeners.xml": "230c022b4c8be41d364275363115b437be73cf764287a30d12aba27b5e3a4c03",
    "src/addons/EWR/Porta/_data/navigation.xml": "5f27f0f612e0167b6c954a8c2ddff4c245c1f80276e21cd2e52b1e0e5b9b8065",
    "src/addons/EWR/Porta/_data/options.xml": "fec7c9c4b074e5bd62f56bd8ebf8b3a09a1536d72d1cd1a62b4a56fbe180a9c7",
    "src/addons/EWR/Porta/_data/option_groups.xml": "b14f45cb3b37f5134c34c5f10d12c0a70208a4d30a62286fbd0b9486fa6d4c9c",
    "src/addons/EWR/Porta/_data/permissions.xml": "d008edbae21990fb82f0a168ca7e56dd51dd9e02a2f9030cb1706301ded037ab",
    "src/addons/EWR/Porta/_data/permission_interface_groups.xml": "cb2b34c8d2c982872241c940cd3395367d8b8ee743879cbb62e606122ff70b5d",
    "src/addons/EWR/Porta/_data/phrases.xml": "3710e066dfacc74492832db838b1373bb4681e37469a0bec61053b19f9c11856",
    "src/addons/EWR/Porta/_data/routes.xml": "ee0403334f1744e76573afbb4aa616724673ea44f619ce687ac7596d2f020f9a",
    "src/addons/EWR/Porta/_data/style_properties.xml": "803abc67266bdd2bc81d388be2182083c141aa113e06b01c8a859e74b9be0bf6",
    "src/addons/EWR/Porta/_data/style_property_groups.xml": "594512c3d58265e11b25bc93650b65822222f1b35bb9950a6d4786fcccd8a631",
    "src/addons/EWR/Porta/_data/templates.xml": "c95f080443b9596c876b44fefd445c4966dc1b5e292f5aa62a56eb772ddb74bb",
    "src/addons/EWR/Porta/_data/template_modifications.xml": "a829c309fde373080d9cc0ba5dad571a4dcc241e474aec10d61fd7ad157b664a",
    "src/addons/EWR/Porta/_data/widget_definitions.xml": "e447136cd9f5cc8000f334d156afae0b65d4f183f3a030f8d68416954b1f1bd1",
    "src/addons/EWR/Porta/_data/widget_positions.xml": "6ff506fbe59b5adebf3d3a52876643367f1dee023b7516725fdf805fcc84841b",
    "styles/8wayrun/porta/_author.jpg": "4dd64c0512e5a4b85ee90eb1797b7eed15038a98b6fb0dfd2407ae36d07298e0",
    "styles/8wayrun/porta/_feature.jpg": "f14cdabb666837272c159de00e52d360be2874dec4bf42a024fbe2ffb5f87fbe",
    "styles/8wayrun/porta/_slider.png": "13a2f604a9db0d773f2bbc4ea215039c429fe6ed68a2d991d1621382e51b9cb5"
}