{
    "src/addons/Siropu/Custom404Page/addon.json": "e2e22b593f46848e2397a0d9d7ee2560fbf985d519c20653dad0f0c32fc4ea16",
    "src/addons/Siropu/Custom404Page/Admin/Controller/NotFound.php": "68454d04266dac578dd645b7fe4f1652a4a94939771911dc5313e20a9581fe5e",
    "src/addons/Siropu/Custom404Page/Entity/NotFound.php": "c53663a4efdc8aa436c7958cb36b7065b327ccac2bcb0dc6c249bf50073bf039",
    "src/addons/Siropu/Custom404Page/Job/Url.php": "398c6dcae32d38bbba392999a3dd5c9751c6a71d85c427b20d81a1c99c8bcc00",
    "src/addons/Siropu/Custom404Page/Listener.php": "d461efcddad56ee486f787f9b63e675f9886a8371955cb9e131e52a02c06a17d",
    "src/addons/Siropu/Custom404Page/Option/ContentTemplate.php": "d729dff8d496235659258315a9326991615cd770582f69a7d7ef60a16823f1dc",
    "src/addons/Siropu/Custom404Page/Option/Regex.php": "4b82c22ea62443bef7eaa3e52560768fcfd9bcb83ec31e8c5c624bc60619a5e8",
    "src/addons/Siropu/Custom404Page/Setup.php": "69ea1a4c83cf1edbb89a7bac3013c43005104aa0b2bcacedf2271b948d4112bd",
    "src/addons/Siropu/Custom404Page/_data/admin_navigation.xml": "444f73db9d21c6143257ca03d913f70a4d75aaa4e8b4bf140d90c5f37c3b9f76",
    "src/addons/Siropu/Custom404Page/_data/admin_permission.xml": "ec6fb97cebf0bceb24f1ed1d5778c1db54eeb7535fbb3e31d824840e7aa9ff87",
    "src/addons/Siropu/Custom404Page/_data/advertising_positions.xml": "d2f7cbe844bb1df3cf878d22ff6306249245c8ff6b0b87b9b729744bec538261",
    "src/addons/Siropu/Custom404Page/_data/api_scopes.xml": "6793eaf758f140e8137187ba20e65f4faccf53410433ae3ad7a8b3b38cb6b3b7",
    "src/addons/Siropu/Custom404Page/_data/bb_codes.xml": "faa4ddd5f4a365e5ac39aebdcbe2d25aedf74e7eb9ea4a812766e2fd5e13bdb1",
    "src/addons/Siropu/Custom404Page/_data/bb_code_media_sites.xml": "29762987990187b33e43cfb68c08dc917b2d3f0176613d78f8e6c453f82da3f3",
    "src/addons/Siropu/Custom404Page/_data/class_extensions.xml": "1f548b8006e9952a3f5889f71e09fdfa6726ac1a47c1af7b2626d1a88920d5a4",
    "src/addons/Siropu/Custom404Page/_data/code_events.xml": "8370dec3df47f91df4cf79da253446ad11b29f4ea568fe76c774e97a0379f0eb",
    "src/addons/Siropu/Custom404Page/_data/code_event_listeners.xml": "a9cc10693e139867ddcc45eda849178707e6e31c15c44397373b3beea9d657e5",
    "src/addons/Siropu/Custom404Page/_data/content_type_fields.xml": "c7ad5472b28f465b7ac7617627707eba1b7a39d28089460d52e1ed292fc0b06a",
    "src/addons/Siropu/Custom404Page/_data/cron.xml": "323c4284742ef24329cd6db6f288eb9736d2353f36852e1db12591e1583aea26",
    "src/addons/Siropu/Custom404Page/_data/help_pages.xml": "a8a0c0b06cdc550438bc8a8d385af3e1e5ab3459877dfb934c1c31be59c89163",
    "src/addons/Siropu/Custom404Page/_data/member_stats.xml": "89fb2b93ff1eca7a1f6f752248edf6090dfd24037db1446fd18ff7143f08124d",
    "src/addons/Siropu/Custom404Page/_data/navigation.xml": "f75e1c03a45a360bbdfcd0567121665082315068475d5b0feb8b1acbb1688651",
    "src/addons/Siropu/Custom404Page/_data/options.xml": "606d2808fd366705fda79b4e078e33576d3fdb9dc9e065b53a4f21a366daef29",
    "src/addons/Siropu/Custom404Page/_data/option_groups.xml": "2e67297188c42b11014a314667d6a39aa45436fdf9da14e910b2c45d575baab2",
    "src/addons/Siropu/Custom404Page/_data/permissions.xml": "7e4fc7d5826733d15ea2d8936b9bdd41afcaad810eb38e50da3c8d8eafda1550",
    "src/addons/Siropu/Custom404Page/_data/permission_interface_groups.xml": "3177224e96458b829aa7fb24866dda9e0455a4922aee3d669b53f59a1ffdf5d1",
    "src/addons/Siropu/Custom404Page/_data/phrases.xml": "2226d7416b1e75c873757f240d781fde2de77c0e4121d5d65e1606189ccbbe25",
    "src/addons/Siropu/Custom404Page/_data/routes.xml": "42440941f36d9e971395e77b22bd33f64d4ced4ab292ed9898c71cee43b1c314",
    "src/addons/Siropu/Custom404Page/_data/style_properties.xml": "8b8690a8512f01f219dd2da76e3d0c5f62afc1f317b87794a7331c859c36a7a8",
    "src/addons/Siropu/Custom404Page/_data/style_property_groups.xml": "68e1879cb3846c42d978487aa8d5145ff3335fc39e58016878824d5cf3fd684c",
    "src/addons/Siropu/Custom404Page/_data/templates.xml": "3608f41ca0eb55313d16fe963566584c34e4819e887e50adebe64dfa7102346f",
    "src/addons/Siropu/Custom404Page/_data/template_modifications.xml": "2b95d576672b9f06545a68b9d3944064eaecc26fa86a14152bf583d81c940232",
    "src/addons/Siropu/Custom404Page/_data/widget_definitions.xml": "37e46965256430f24004c2e7f08ba08f9b0d1cbcc4d70e84b3f4e3ffb713e64b",
    "src/addons/Siropu/Custom404Page/_data/widget_positions.xml": "a29cee66134f6bc5d75ed9df1eef21096c24401915c5b5c774389c3d7bb2d5b3"
}