<?xml version="1.0" encoding="utf-8"?>
<style title="IPBee (Parent DO NOT EDIT)" description="IPBee - A fun take on IPB's official style" user_selectable="" base_version_id="2020170" export_version="2">
  <assets>
    <asset key="stylefolder" path="styles/ipbee"/>
  </assets>
  <templates>
    <template title="app_user_banners.less" type="public" addon_id="XF" version_id="2000170" version_string="2.0.1"><![CDATA[.m-userBannerVariation(@color; @bg; @border: false)
{
	color: @color;
	background: @bg;
	border-color: xf-intensify(@bg, 10%);

	& when (iscolor(@border))
	{
		border-color: @border;
	}
}

.userBanner
{
	font-size: 75%;
	font-weight: @xf-fontWeightNormal;
	font-style: normal;
	padding: 1px @xf-paddingMedium;
	border: 1px solid transparent;
	border-radius: @xf-borderRadiusSmall;
	text-align: center;
	display: inline-block;

	strong
	{
		font-weight: inherit;
	}

	// variations
	&.userBanner--hidden
	{
		background: none;
		border: none;
		box-shadow: none;
	}

	&.userBanner--staff,
	&.userBanner--primary
	{
		.m-userBannerVariation(@xf-linkColor, @xf-contentHighlightBg, @xf-borderColorHighlight);
	}

	&.userBanner--accent
	{
		.m-userBannerVariation(@xf-textColorAccentContent, @xf-contentAccentBg, @xf-borderColorAccentContent);
	}

	&.userBanner--red { .m-userBannerVariation(white, #d80000); }
	&.userBanner--green { .m-userBannerVariation(white, green); }
	&.userBanner--olive { .m-userBannerVariation(white, olive); }
	&.userBanner--lightGreen { .m-userBannerVariation(black, #ccf9c8, #bee8ba); }
	&.userBanner--blue { .m-userBannerVariation(white, #0008e3); }
	&.userBanner--royalBlue { .m-userBannerVariation(white, royalblue); }
	&.userBanner--skyBlue { .m-userBannerVariation(white, #7cc3e0); }
	&.userBanner--gray { .m-userBannerVariation(white, gray); }
	&.userBanner--silver { .m-userBannerVariation(black, silver); }
	&.userBanner--yellow { .m-userBannerVariation(black, #ffff91, #e6e687); }
	&.userBanner--orange { .m-userBannerVariation(black, #ffcb00); }
}

{{ include('ipbee.less') }}]]></template>
    <template title="ipbee.less" type="public" addon_id="" version_id="0" version_string=""><![CDATA[.node-main > *
{
    margin-left: 10px;
}
.node-body .node-icon i
{
	.node--unread &
	{
		background-color: @xf-nodeIconUnreadColor;
	}
	&:before
	{
		color: #FFF !important;
	}
	background-color: @xf-nodeIconReadColor;
	border-radius: 100px;
	text-shadow: none;
	height: 40px;
    line-height: 40px;
    width: 40px;
    text-align: center;
	font-size: 18px;
}
.p-body
{
	padding-top: 10px;
}
.notices--block .notice
{
	background: #f8f8f8;
    color: #35373a;
    border: 1px solid #e0e0e0;
    box-shadow: 0px 1px 0px rgba(0,0,0,0.1);
}
.p-nav-list .p-navEl.is-selected
{
	background-color: transparent;
	color: @xf-publicNavTab--color;
}
.p-nav-list .p-navEl.is-selected .p-navEl-link
{
	position: relative;
	background-color: transparent;
}
.p-nav-list .p-navEl.is-selected .p-navEl-link:after {
    position: absolute;
    width: 0;
    height: 0;
    bottom: 0;
    left: 50%;
	content: "";
    margin-left: -10px;
    border: 10px solid transparent;
    border-top-width: 0;
    border-bottom-color: @xf-publicSubNav--background-color;
}
.p-navSticky.is-sticky .p-nav-list .p-navEl.is-selected .p-navEl-link:after
{
	margin-left: 0;
}
.p-nav-list .p-navEl.is-selected
{
    .p-navEl-splitTrigger
    {
        display: inline;
        position: relative;
    }
    .p-navEl-link.p-navEl-link--splitMenu
    {
        padding-right: 5px;
    }
    &
    {
        &:hover,
        .p-navEl-link:hover,
        .p-navEl-splitTrigger:hover
        {
            .xf-publicNavTabHover();
            color: @xf-publicNavTab--color;
        }
    }
}
.p-sectionLinks
{
    display: none;
}

.node + .node:nth-child(even), .structItem + .structItem:nth-child(even)
{
    background-color: @xf-contentAltBg;
}]]></template>
  </templates>
  <properties>
    <property property_name="avatarBorderRadius" group_name="avatar" title="Avatar border radius" description="Controls the size of the rounded corners on avatars - a sufficiently large value will make avatars circular" property_type="value" value_type="unit" depends_on="" value_group="" display_order="200" addon_id="XF">
      <value>"100px"</value>
    </property>
    <property property_name="blockBorder" group_name="block" title="Block border framework" description="Virtually all blocks have their borders styled with these settings" property_type="css" value_type="" depends_on="" value_group="" display_order="20000" css_components="border,extra" addon_id="XF">
      <value>{
    "border-width": "@xf-borderSize",
    "border-top-color": "@xf-borderColorLight",
    "border-right-color": "@xf-borderColor",
    "border-bottom-color": "@xf-borderColorHeavy",
    "border-left-color": "@xf-borderColor",
    "extra": "box-shadow: 0px 1px 0px rgba(0,0,0,0.1);"
}</value>
    </property>
    <property property_name="blockHeader" group_name="block" title="Block header" description="Blocks often have title bars at their tops, which are styled here" property_type="css" value_type="" depends_on="" value_group="" display_order="20100" css_components="text,background,border,extra" addon_id="XF">
      <value>{
    "font-size": "13px",
    "color": "#828e99",
    "background-color": "#ebedf0",
    "border-bottom-width": "@xf-borderSize",
    "border-bottom-color": "@xf-borderColorLight",
    "extra": "text-transform: uppercase;\nfont-weight: 500;\npadding: 10px;"
}</value>
    </property>
    <property property_name="blockMinorHeader" group_name="block" title="Block minor header" description="Sub-headings in blocks use these settings" property_type="css" value_type="" depends_on="" value_group="" display_order="20400" css_components="text,background,border,extra" addon_id="XF">
      <value>{
    "font-size": "12px",
    "color": "#828e99",
    "background-color": "#ebedf0",
    "extra": "padding: 10px;\ntext-transform: uppercase;\nfont-weight: 500;"
}</value>
    </property>
    <property property_name="borderColor" group_name="color" title="Border color" description="Structural borders around blocks of content generally use this color" property_type="value" value_type="color" depends_on="" value_group="borderBasic" display_order="4000" addon_id="XF">
      <value>"#e0e0e0"</value>
    </property>
    <property property_name="buttonCta" group_name="button" title="Button - call to action" description="Call to action buttons sit alone and invite the user to do something, like post a new thread" property_type="css" value_type="" depends_on="" value_group="" display_order="20300" css_components="text,background,extra" addon_id="XF">
      <value>{
    "color": "contrast(@xf-paletteAccent2)",
    "background-color": "#1e7499"
}</value>
    </property>
    <property property_name="buttonDefault" group_name="button" title="Button - default" description="Most buttons use this styling, except for primary form submit buttons" property_type="css" value_type="" depends_on="" value_group="" display_order="20100" css_components="text,background,extra" addon_id="XF">
      <value>{
    "color": "@xf-paletteColor1",
    "background-color": "#3e4148"
}</value>
    </property>
    <property property_name="contentAltBg" group_name="color" title="Alternate content background color" description="In order to differentiate it, some content will be presented on this alternative background" property_type="value" value_type="color" depends_on="" value_group="contentBg" display_order="2200" addon_id="XF">
      <value>"xf-intensify(@xf-contentBg, 2.5%)"</value>
    </property>
    <property property_name="fontFamilyBody" group_name="fonts" title="Body Text Font" description="This font is used for the text of messages etc." property_type="value" value_type="string" depends_on="" value_group="font" display_order="200" addon_id="XF">
      <value>"\"helvetica neue\", helvetica, arial, sans-serif"</value>
    </property>
    <property property_name="fontFamilyUi" group_name="fonts" title="User Interface Font" description="The font list for your main text" property_type="value" value_type="string" depends_on="" value_group="font" display_order="100" addon_id="XF">
      <value>"\"helvetica neue\", helvetica, arial, sans-serif"</value>
    </property>
    <property property_name="linkColor" group_name="color" title="Link color" description="Basic hyperlinks on standard background colors will use this style" property_type="value" value_type="color" depends_on="" value_group="link" display_order="1000" addon_id="XF">
      <value>"#33465d"</value>
    </property>
    <property property_name="linkHoverColor" group_name="color" title="Link hover color" description="Basic hyperlinks will turn this color when hovered" property_type="value" value_type="color" depends_on="" value_group="link" display_order="1100" addon_id="XF">
      <value>"#4588c5"</value>
    </property>
    <property property_name="messageUserBlock" group_name="message" title="Message user info block" description="Apart from its width, the (left) message user info column is styled here" property_type="css" value_type="" depends_on="" value_group="" display_order="20000" css_components="text,background,border_width_simple,border_color_simple,extra" addon_id="XF">
      <value>{
    "border-width": "0"
}</value>
    </property>
    <property property_name="messageUserBlockWidth" group_name="message" title="Message user info block width" description="Controls the width of the (left) user info column on the full size message block" property_type="value" value_type="unit" depends_on="" value_group="user" display_order="500" addon_id="XF">
      <value>"150px"</value>
    </property>
    <property property_name="nodeIconReadColor" group_name="nodeList" title="Read node icon color" description="When the content within a node has been read, its icon will revert to a less attention-grabbing color, defined here" property_type="value" value_type="color" depends_on="" value_group="" display_order="200" addon_id="XF">
      <value>"#e9e9e9"</value>
    </property>
    <property property_name="nodeIconUnreadColor" group_name="nodeList" title="Unread node icon color" description="Node icons give an at-a-glance indication of whether or not the content housed within the node has been read. The unread icon color should stand out from its background for quick identification" property_type="value" value_type="color" depends_on="" value_group="" display_order="100" addon_id="XF">
      <value>"#b73c3c"</value>
    </property>
    <property property_name="pageBg" group_name="color" title="Page background color" description="The background of the page itself, on which all other content rests" property_type="value" value_type="color" depends_on="" value_group="contentBg" display_order="2100" addon_id="XF">
      <value>"@xf-paletteNeutral1"</value>
    </property>
    <property property_name="pageWidthMax" group_name="page" title="Maximum page width" description="As the window is resized, it will continue to grow in width until this value, after which it will remain static" property_type="value" value_type="unit" depends_on="" value_group="page" display_order="100" addon_id="XF">
      <value>"1300px"</value>
    </property>
    <property property_name="paletteAccent1" group_name="palette" title="Accent 1" description="" property_type="value" value_type="color" depends_on="" value_group="accent" display_order="2000" addon_id="XF">
      <value_parameters>hidePalette=true</value_parameters>
      <value>"rgb(171, 213, 241)"</value>
    </property>
    <property property_name="paletteAccent2" group_name="palette" title="Accent 2" description="" property_type="value" value_type="color" depends_on="" value_group="accent" display_order="2100" addon_id="XF">
      <value_parameters>hidePalette=true</value_parameters>
      <value>"rgb(66, 133, 178)"</value>
    </property>
    <property property_name="paletteAccent3" group_name="palette" title="Accent 3" description="" property_type="value" value_type="color" depends_on="" value_group="accent" display_order="2200" addon_id="XF">
      <value_parameters>hidePalette=true</value_parameters>
      <value>"#327098"</value>
    </property>
    <property property_name="paletteColor1" group_name="palette" title="Color 1" description="" property_type="value" value_type="color" depends_on="" value_group="primary" display_order="1000" addon_id="XF">
      <value_parameters>hidePalette=true</value_parameters>
      <value>"#ffffff"</value>
    </property>
    <property property_name="paletteColor2" group_name="palette" title="Color 2" description="" property_type="value" value_type="color" depends_on="" value_group="primary" display_order="1100" addon_id="XF">
      <value_parameters>hidePalette=true</value_parameters>
      <value>"#ebecf0"</value>
    </property>
    <property property_name="paletteColor3" group_name="palette" title="Color 3" description="" property_type="value" value_type="color" depends_on="" value_group="primary" display_order="1200" addon_id="XF">
      <value_parameters>hidePalette=true</value_parameters>
      <value>"rgb(109, 142, 209)"</value>
    </property>
    <property property_name="paletteColor4" group_name="palette" title="Color 4" description="" property_type="value" value_type="color" depends_on="" value_group="primary" display_order="1300" addon_id="XF">
      <value_parameters>hidePalette=true</value_parameters>
      <value>"#39465d"</value>
    </property>
    <property property_name="paletteColor5" group_name="palette" title="Color 5" description="" property_type="value" value_type="color" depends_on="" value_group="primary" display_order="1400" addon_id="XF">
      <value_parameters>hidePalette=true</value_parameters>
      <value>"#3a568d"</value>
    </property>
    <property property_name="publicFooter" group_name="footer" title="Footer" description="The footer is the primary element that sits below the main content on all public pages" property_type="css" value_type="" depends_on="" value_group="" display_order="20000" css_components="text,background,border,extra" addon_id="XF">
      <value>{
    "font-size": "@xf-fontSizeSmall",
    "color": "@xf-paletteColor1",
    "background-color": "xf-intensify(@xf-paletteColor5, 12%)",
    "extra": "padding: 20px 0;\n/* Permalink - use to edit and share this gradient: http://colorzilla.com/gradient-editor/#3a568d+0,296e87+100 */\nbackground: #3a568d; /* Old browsers */\nbackground: -moz-linear-gradient(left, #3a568d 0%, #296e87 100%); /* FF3.6-15 */\nbackground: -webkit-linear-gradient(left, #3a568d 0%,#296e87 100%); /* Chrome10-25,Safari5.1-6 */\nbackground: linear-gradient(to right, #3a568d 0%,#296e87 100%); /* W3C, IE10+, FF16+, Chrome26+, Opera12+, Safari7+ */\nfilter: progid:DXImageTransform.Microsoft.gradient( startColorstr='#3a568d', endColorstr='#296e87',GradientType=1 ); /* IE6-9 */"
}</value>
    </property>
    <property property_name="publicHeader" group_name="headerNav" title="Header/logo row" description="The header row contains your logo and sits at the top of every public page" property_type="css" value_type="" depends_on="" value_group="" display_order="20000" css_components="text,background,extra" addon_id="XF">
      <value>{
    "color": "@xf-paletteColor2",
    "background-color": "@xf-paletteColor5",
    "extra": "padding: 20px 0;\n/* Permalink - use to edit and share this gradient: http://colorzilla.com/gradient-editor/#3a568d+0,296e87+100 */\nbackground: #3a568d; /* Old browsers */\nbackground: -moz-linear-gradient(left, #3a568d 0%, #296e87 100%); /* FF3.6-15 */\nbackground: -webkit-linear-gradient(left, #3a568d 0%,#296e87 100%); /* Chrome10-25,Safari5.1-6 */\nbackground: linear-gradient(to right, #3a568d 0%,#296e87 100%); /* W3C, IE10+, FF16+, Chrome26+, Opera12+, Safari7+ */\nfilter: progid:DXImageTransform.Microsoft.gradient( startColorstr='#3a568d', endColorstr='#296e87',GradientType=1 ); /* IE6-9 */"
}</value>
    </property>
    <property property_name="publicLogoUrl" group_name="basic" title="Logo URL" description="The web path from your site's XenForo installation directory to your logo image." property_type="value" value_type="string" depends_on="" value_group="logo" display_order="100" addon_id="XF">
      <value>"%ASSET:stylefolder%/xenforo/style-logo.png"</value>
    </property>
    <property property_name="publicNav" group_name="headerNav" title="Navigation row" description="The navigation row sits below the header and contains the primary site navigation tabs and menus" property_type="css" value_type="" depends_on="" value_group="" display_order="20100" css_components="text,background,extra" addon_id="XF">
      <value>{
    "color": "@xf-paletteColor2",
    "background-color": "@xf-paletteColor4"
}</value>
    </property>
    <property property_name="publicNavPaddingV" group_name="headerNav" title="Navigation padding vertical" description="This value defines the amount of padding applied to the main navigational tabs in the header" property_type="value" value_type="unit" depends_on="" value_group="navPad" display_order="4000" addon_id="XF">
      <value>"15px"</value>
    </property>
    <property property_name="sidebarSpacer" group_name="page" title="Sidebar and side navigation spacer" description="Distance between the main content and the sidebar" property_type="value" value_type="unit" depends_on="" value_group="sidebar" display_order="1000" addon_id="XF">
      <value>"20px"</value>
    </property>
    <property property_name="sidebarWidth" group_name="page" title="Sidebar and side navigation width" description="Width of any elements that make up the sidebar" property_type="value" value_type="unit" depends_on="" value_group="sidebar" display_order="1100" addon_id="XF">
      <value>"290px"</value>
    </property>
  </properties>
</style>
