<?xml version="1.0" encoding="utf-8"?>
<style title="Pie" description="Pie Theme" user_selectable="1" addon_id="XF" base_version_id="2010170" export_version="2">
  <templates>
    <template title="PAGE_CONTAINER" type="public" addon_id="XF" version_id="2010170" version_string="2.1.1"><![CDATA[<!DOCTYPE html>
<html id="XF" lang="{$xf.language.language_code}" dir="{$xf.language.text_direction}"
	data-app="public"
	data-template="{$template}"
	data-container-key="{$containerKey}"
	data-content-key="{$contentKey}"
	data-logged-in="{{ $xf.visitor.user_id ? 'true' : 'false' }}"
	data-cookie-prefix="{$xf.cookie.prefix}"
	class="has-no-js {{ $template ? 'template-' . $template : '' }}"
	{{ $xf.runJobs ? ' data-run-jobs=""' : '' }}>
<head>
	<meta charset="utf-8" />
	<meta http-equiv="X-UA-Compatible" content="IE=Edge" />
	<meta name="viewport" content="width=device-width, initial-scale=1, viewport-fit=cover">

	<xf:set var="$siteName" value="{$xf.options.boardTitle}" />
	<xf:set var="$h1"><xf:h1 fallback="{$siteName}" /></xf:set>
	<xf:set var="$description"><xf:description /></xf:set>

	<title><xf:title formatter="%s | %s" fallback="{$xf.options.boardTitle}" page="{$pageNumber}" /></title>

	<xf:foreach loop="$head" value="$headTag">
		{$headTag}
	</xf:foreach>

	<xf:if is="!$head.meta_site_name && $siteName is not empty">
		<xf:macro template="metadata_macros" name="site_name" arg-siteName="{$siteName}" arg-output="{{ true }}" />
	</xf:if>
	<xf:if is="!$head.meta_type">
		<xf:macro template="metadata_macros" name="type" arg-type="website" arg-output="{{ true }}" />
	</xf:if>
	<xf:if is="!$head.meta_title">
		<xf:macro template="metadata_macros" name="title" arg-title="{{ page_title() ?: $siteName }}" arg-output="{{ true }}" />
	</xf:if>
	<xf:if is="!$head.meta_description && $description is not empty && $pageDescriptionMeta">
		<xf:macro template="metadata_macros" name="description" arg-description="{$description}" arg-output="{{ true }}" />
	</xf:if>
	<xf:if is="!$head.meta_share_url">
		<xf:macro template="metadata_macros" name="share_url" arg-shareUrl="{$xf.fullUri}" arg-output="{{ true }}" />
	</xf:if>
	<xf:if is="!$head.meta_image_url && property('publicMetadataLogoUrl')">
		<xf:macro template="metadata_macros" name="image_url"
			arg-imageUrl="{{ base_url(property('publicMetadataLogoUrl'), true) }}"
			arg-output="{{ true }}" />
	</xf:if>

	<xf:if is="property('metaThemeColor')">
		<meta name="theme-color" content="{{ parse_less_color(property('metaThemeColor')) }}" />
	</xf:if>

	<xf:macro template="helper_js_global" name="head" arg-app="public" />

	<xf:if is="property('publicFaviconUrl')">
		<link rel="icon" type="image/png" href="{{ base_url(property('publicFaviconUrl'), true) }}" sizes="32x32" />
	</xf:if>
	<xf:if is="property('publicMetadataLogoUrl')">
		<link rel="apple-touch-icon" href="{{ base_url(property('publicMetadataLogoUrl'), true) }}" />
	</xf:if>
	<xf:include template="google_analytics" />

	<link href="https://fonts.googleapis.com/css?family=Karla:400,700" rel="stylesheet">
	<link rel="stylesheet" href="https://cdnjs.cloudflare.com/ajax/libs/izimodal/1.5.1/css/iziModal.min.css" />
	<link rel="stylesheet" href="https://cdnjs.cloudflare.com/ajax/libs/izitoast/1.4.0/css/iziToast.min.css" />
	
</head>
<body data-template="{$template}">

<div class="p-pageWrapper" id="top">

<xf:if contentcheck="true">
	<div class="p-staffBar">
		<div class="p-staffBar-inner hScroller" data-xf-init="h-scroller">
			<div class="hScroller-scroll">
			<xf:contentcheck>
				<xf:if is="$xf.visitor.is_moderator && $xf.session.unapprovedCounts.total">
					<a href="{{ link('approval-queue') }}" class="p-staffBar-link badgeContainer badgeContainer--highlighted" data-badge="{$xf.session.unapprovedCounts.total|number}">
						{{ phrase('approval_queue') }}
					</a>
				</xf:if>

				<xf:if is="$xf.visitor.is_moderator && !$xf.options.reportIntoForumId && $xf.session.reportCounts.total">
					<a href="{{ link('reports') }}"
						class="p-staffBar-link badgeContainer badgeContainer--visible {{ ($xf.session.reportCounts.total && ($xf.session.reportCounts.lastBuilt > $xf.session.reportLastRead) OR $xf.session.reportCounts.assigned) ? ' badgeContainer--highlighted' : '' }}"
						data-badge="{{ $xf.session.reportCounts.assigned ? $xf.session.reportCounts.assigned|number . ' / ' . $xf.session.reportCounts.total|number : $xf.session.reportCounts.total|number }}"
						title="{{ $xf.session.reportCounts.lastBuilt ? phrase('last_report_update:')|for_attr . ' ' . date_time($xf.session.reportCounts.lastBuilt) : '' }}">
						{{ phrase('reports') }}
					</a>
				</xf:if>

				<xf:if contentcheck="true">
					<a class="p-staffBar-link menuTrigger" data-xf-click="menu" data-xf-key="alt+m" role="button" tabindex="0" aria-expanded="false" aria-haspopup="true">{{ phrase('moderator') }}</a>
					<div class="menu" data-menu="menu" aria-hidden="true">
						<div class="menu-content">
							<h4 class="menu-header">{{ phrase('moderator_tools') }}</h4>
							<xf:contentcheck>
							<!--[XF:mod_tools_menu:top]-->
							<xf:if is="$xf.visitor.is_moderator">
								<a href="{{ link('approval-queue') }}" class="menu-linkRow">{{ phrase('approval_queue') }}</a>
							</xf:if>
							<xf:if is="$xf.visitor.is_moderator && !$xf.options.reportIntoForumId">
								<a href="{{ link('reports') }}" class="menu-linkRow" title="{{ $xf.session.reportCounts.lastBuilt ? phrase('last_report_update:')|for_attr . ' ' . date_time($xf.session.reportCounts.lastBuilt) : '' }}">{{ phrase('reports') }}</a>
							</xf:if>
							<!--[XF:mod_tools_menu:bottom]-->
							</xf:contentcheck>
						</div>
					</div>
				</xf:if>

				<xf:if is="$xf.visitor.is_admin">
					<a href="{{ base_url('admin.php') }}" class="p-staffBar-link" target="_blank">{{ phrase('admin') }}</a>
				</xf:if>
			</xf:contentcheck>
			</div>
		</div>
	</div>
</xf:if>

<div id="loading__main">
    <div id="obj_wrap">
        <div class="obj"></div>
        <div class="obj"></div>
        <div class="obj"></div>
        <div class="obj"></div>
        <div class="obj"></div>
        <div class="obj"></div>
        <div class="obj"></div>
        <div class="obj"></div>
    </div>
</div>

<header class="p-header" id="header">
	<div class="p-header-inner">
		<div class="p-header-content">
			<div id="particles-js"></div>
            <div class="navbar">
				<a class="navres" data-xf-click="off-canvas" data-menu=".js-headerOffCanvasMenu" role="button" tabindex="0">
					<i aria-hidden="true"></i>
					<span class="p-nav-menuText">Navigation <i class="fas fa-bars"></i></span>
				</a>
                <ul class="p-nav-list js-offCanvasNavSource">
                    <xf:foreach loop="$navTree" key="$navSection" value="$navEntry" i="$i" if="{{ $navSection != $xf.app.defaultNavigationId }}">
                        <li>
                            <xf:macro name="nav_entry"
                                arg-navId="{$navSection}"
                                arg-nav="{$navEntry}"
                                arg-selected="{{ $navSection == $pageSection }}"
                                arg-shortcut="{$i}" />
                        </li>
                    </xf:foreach>
                </ul>
            </div>
			<div id="server_bar">
				<div class="inner_fx">
					<div class="serverbox pid">
						<div class="on_players">
							<span id="online"><i class="fas fa-spinner fa-spin"></i></span> Currently playing
							<p>What are you waiting for?</p>
						</div>
					</div>
					<div class="serverbox ipid">
						<div id="ip" data-clipboard-text="">
							<span></span> <i class="fas fa-copy"></i>
							<p>Click to copy IP address!</p>
						</div>
						<div id="modal-alert" data-izimodal-title="IP Has been successfully copied!"
							data-izimodal-subtitle="Hoping to see you soon!"></div>
					</div>
				</div>
			</div>
			<div class="header_middle_wrap">
				<div id="logo">
					<img src="YOUR_LOGO_URL_GOES_HERE" />
				</div>
				<div id="inf__boxes">
					<xf:if is="$xf.visitor.user_id">
						<xf:if is="$xf.visitor.user_state == 'rejected' OR $xf.visitor.user_state == 'disabled'">
							<div class="info__box">
								<div class="info_icon"><i class="fas fa-user"></i></div>
								<div class="info_text">
									<h2>Userhub</h2>
									<div class="info_user"><a href="{{ link('account') }}">
										<xf:avatar user="$xf.visitor" size="xxs" href="" />
										<span class="p-navgroup-linkText">{$xf.visitor.username}</span>
									</a>
									<a href="{{ link('logout', null, {'t': csrf_token()}) }}" class="p-navgroup-link">
										<span class="p-navgroup-linkText">{{ phrase('log_out') }}</span>
									</a>
									</div>
								</div>
							</div>

						<xf:else />
							<div class="info__box">
								<div class="info_icon"><i class="fas fa-user"></i></div>
								<div class="info_text">
									<h2>Userhub</h2>
									<div class="info_user"><a href="{{ link('account') }}"
										data-xf-click="menu"
										data-xf-key="{{ phrase('shortcut.visitor_menu')|for_attr }}"
										aria-expanded="false"
										aria-haspopup="true">
										<xf:avatar user="$xf.visitor" size="xxs" href="" />
										<span class="p-navgroup-linkText">{$xf.visitor.username}</span>
									</a>
									<div class="menu menu--structural menu--wide menu--account" data-menu="menu" aria-hidden="true"
										data-href="{{ link('account/visitor-menu') }}"
										data-load-target=".js-visitorMenuBody">
										<div class="menu-content js-visitorMenuBody">
											<div class="menu-row">
												{{ phrase('loading...') }}
											</div>
										</div>
									</div>
									</div>
								</div>
							</div>
							<div class="info__box">
								<div class="info_icon"><i class="fas fa-bell"></i></div>
								<div class="info_text">
									<h2>Alerts</h2>
									<div class="notifs_user"><a href="{{ link('conversations') }}"
										class="pie_info pie_conversations js-badge--conversations badgeContainer{{ $xf.visitor.conversations_unread ? ' badgeContainer--highlighted' : '' }}"
										data-badge="{$xf.visitor.conversations_unread|number}"
										data-xf-click="menu"
										data-xf-key="{{ phrase('shortcut.conversations_menu')|for_attr }}"
										aria-label="{{ phrase('inbox')|for_attr }}"
										aria-expanded="false"
										aria-haspopup="true">
										<i aria-hidden="true"></i>Inbox
										<span class="p-navgroup-linkText">{{ phrase('nav_inbox') }}</span>
									</a>
									<div class="menu menu--structural menu--medium" data-menu="menu" aria-hidden="true"
										data-href="{{ link('conversations/popup') }}"
										data-nocache="true"
										data-load-target=".js-convMenuBody">
										<div class="menu-content">
											<h3 class="menu-header">{{ phrase('conversations') }}</h3>
											<div class="js-convMenuBody">
												<div class="menu-row">{{ phrase('loading...') }}</div>
											</div>
											<div class="menu-footer menu-footer--split">
												<span class="menu-footer-main">
													<a href="{{ link('conversations') }}">{{ phrase('show_all...') }}</a>
												</span>
												<xf:if is="$xf.visitor.canStartConversation()">
													<span class="menu-footer-opposite">
														<a href="{{ link('conversations/add') }}">{{ phrase('start_new_conversation') }}</a>
													</span>
												</xf:if>
											</div>
										</div>
									</div>
			
									<a href="{{ link('account/alerts') }}"
										class="pie_info pie_alerts js-badge--alerts badgeContainer{{ $xf.visitor.alerts_unread ? ' badgeContainer--highlighted' : '' }}"
										data-badge="{$xf.visitor.alerts_unread|number}"
										data-xf-click="menu"
										data-xf-key="{{ phrase('shortcut.alerts_menu')|for_attr }}"
										aria-label="{{ phrase('alerts')|for_attr }}"
										aria-expanded="false"
										aria-haspopup="true">
										<i aria-hidden="true"></i>Alerts
										<span class="p-navgroup-linkText">{{ phrase('nav_alerts') }}</span>
									</a>
									<div class="menu menu--structural menu--medium" data-menu="menu" aria-hidden="true"
										data-href="{{ link('account/alerts-popup') }}"
										data-nocache="true"
										data-load-target=".js-alertsMenuBody">
										<div class="menu-content">
											<h3 class="menu-header">{{ phrase('alerts') }}</h3>
											<div class="js-alertsMenuBody">
												<div class="menu-row">{{ phrase('loading...') }}</div>
											</div>
											<div class="menu-footer menu-footer--split">
												<span class="menu-footer-main">
													<a href="{{ link('account/alerts') }}">{{ phrase('show_all...') }}</a>
												</span>
												<span class="menu-footer-opposite">
													<a href="{{ link('account/preferences') }}">{{ phrase('preferences') }}</a>
												</span>
											</div>
										</div>
									</div></div>
								</div>
							</div>

						</xf:if>
					<xf:else />
						<div class="info__box">
							<div class="info_icon"><i class="fas fa-key"></i></div>
							<div class="info_text">
								<h2>Login Or Register</h2>
								<div class="user_guest_options">
									<a href="{{ link('login') }}"
										data-xf-click="overlay" data-follow-redirects="on">
										<span class="p-navgroup-linkText">{{ phrase('log_in') }}</span>
									</a>
									<xf:if is="$xf.options.registrationSetup.enabled">
										<a href="{{ link('register') }}"
											data-xf-click="overlay" data-follow-redirects="on">
											<span class="p-navgroup-linkText">{{ phrase('register') }}</span>
										</a>
									</xf:if>
								</div>
							</div>
						</div>
					</xf:if>
				<xf:if is="$xf.visitor.canSearch()">
				<div class="info__box">
						<div class="info_icon"><i class="fas fa-search"></i></div>
						<div class="info_text">
							<h2>Search</h2>
							<div class="user_search_bar">
									<a href="{{ link('search') }}"
										class="pie_info pie_search"
										data-xf-click="menu"
										data-xf-key="{{ phrase('shortcut.search_menu')|for_attr }}"
										aria-label="{{ phrase('search')|for_attr }}"
										aria-expanded="false"
										aria-haspopup="true"
										title="{{ phrase('search')|for_attr }}">
										<i aria-hidden="true"></i>
										<span class="pie_info_search">{{ phrase('search') }}</span>
									</a>
									<div class="menu menu--structural menu--wide" data-menu="menu" aria-hidden="true">
										<form action="{{ link('search/search') }}" method="post"
											class="menu-content"
											data-xf-init="quick-search">
			
											<h3 class="menu-header">{{ phrase('search') }}</h3>
											<!--[XF:search_menu:above_input]-->
											<div class="menu-row">
												<xf:if is="$searchConstraints">
													<div class="inputGroup inputGroup--joined">
														<xf:textbox name="keywords"
															placeholder="{{ phrase('search...') }}"
															aria-label="{{ phrase('search') }}"
															data-menu-autofocus="true" />
														<xf:select name="constraints"
															class="js-quickSearch-constraint"
															aria-label="{{ phrase('search_within') }}">
			
															<xf:option value="">{{ phrase('everywhere') }}</xf:option>
															<xf:foreach loop="$searchConstraints" key="$constraintName" value="$constraint">
																<xf:option value="{$constraint|json}">{$constraintName}</xf:option>
															</xf:foreach>
														</xf:select>
													</div>
												<xf:else />
													<xf:textbox name="keywords"
														placeholder="{{ phrase('search...') }}"
														aria-label="{{ phrase('search') }}"
														data-menu-autofocus="true" />
												</xf:if>
											</div>
			
											<!--[XF:search_menu:above_title_only]-->
											<div class="menu-row">
												<xf:checkbox standalone="true"><xf:option name="c[title_only]" label="{{ phrase('search_titles_only') }}" /></xf:checkbox>
											</div>
											<!--[XF:search_menu:above_member]-->
											<div class="menu-row">
												<div class="inputGroup">
													<span class="inputGroup-text" id="ctrl_search_menu_by_member">{{ phrase('by:') }}</span>
													<input type="text" class="input" name="c[users]" data-xf-init="auto-complete" placeholder="{{ phrase('member')|for_attr }}" aria-labelledby="ctrl_search_menu_by_member" />
												</div>
											</div>
											<div class="menu-footer">
												<span class="menu-footer-controls">
													<xf:button type="submit" class="button--primary" icon="search" />
													<xf:button href="{{ link('search') }}">{{ phrase('advanced_search...') }}</xf:button>
												</span>
											</div>
			
											<xf:csrf />
										</form>
									</div>
							</div>
						</div>
					</div>
					</xf:if>
				</div>
			</div>	

			<xf:ad position="container_header" />
		</div>
	</div>
	<a href="#" class="scroll__top"><i class="fa fa-arrow-up"></i></a>
</header>

<div id="color_switch">
    <div class="color_selection">
        <div class="colors_each orange"></div>
        <div class="colors_each purple"></div>
        <div class="colors_each green"></div>
        <div class="colors_each lblue"></div>
        <div class="colors_each red"></div>
    </div>
    <div class="color_icon"><i class="fas fa-adjust"></i></div>
</div>
<div id="discord">
    <a href="" target="_blank">
        <div class="dinfo">
            <h3><b><i class="fas fa-spinner fa-spin"></i></b> USERS CURRENTLY ONLINE ON DISCORD</h3>
            <h4>Become one of us today, click to join!</h4>
        </div>
    </a>
    <div class="dicon"><i class="fab fa-discord"></i></div>
</div>

<xf:if is="property('publicNavSticky') == 'primary'">
	<div class="p-navSticky p-navSticky--primary" data-xf-init="sticky-header">
		{$navHtml|raw}
	</div>
	{$subNavHtml|raw}
<xf:elseif is="property('publicNavSticky') == 'all'" />
	<div class="p-navSticky p-navSticky--all" data-xf-init="sticky-header">
		{$navHtml|raw}
		{$subNavHtml|raw}
	</div>
<xf:else />
	{$navHtml|raw}
	{$subNavHtml|raw}
</xf:if>

<div class="offCanvasMenu offCanvasMenu--nav js-headerOffCanvasMenu" data-menu="menu" aria-hidden="true" data-ocm-builder="navigation">
	<div class="offCanvasMenu-backdrop" data-menu-close="true"></div>
	<div class="offCanvasMenu-content">
		<div class="offCanvasMenu-header">
			{{ phrase('menu') }}
			<a class="offCanvasMenu-closer" data-menu-close="true" role="button" tabindex="0" aria-label="{{ phrase('close')|for_attr }}"></a>
		</div>
		<xf:if is="$xf.visitor.user_id">
			<div class="p-offCanvasAccountLink">
				<div class="offCanvasMenu-linkHolder">
					<a href="{{ link('account') }}" class="offCanvasMenu-link">
						<xf:avatar user="$xf.visitor" size="xxs" href="" />
						{$xf.visitor.username}
					</a>
				</div>
				<hr class="offCanvasMenu-separator" />
			</div>
		<xf:else />
			<div class="p-offCanvasRegisterLink">
				<div class="offCanvasMenu-linkHolder">
					<a href="{{ link('login') }}" class="offCanvasMenu-link" data-xf-click="overlay" data-menu-close="true">
						{{ phrase('log_in') }}
					</a>
				</div>
				<hr class="offCanvasMenu-separator" />
				<xf:if is="$xf.options.registrationSetup.enabled">
					<div class="offCanvasMenu-linkHolder">
						<a href="{{ link('register') }}" class="offCanvasMenu-link" data-xf-click="overlay" data-menu-close="true">
							{{ phrase('register') }}
						</a>
					</div>
					<hr class="offCanvasMenu-separator" />
				</xf:if>
			</div>
		</xf:if>
		<div class="js-offCanvasNavTarget"></div>
	</div>
</div>

<div class="p-body">
	<div class="p-body-inner">
		<!--XF:EXTRA_OUTPUT-->

		<xf:if is="$notices.block">
			<xf:macro template="notice_macros" name="notice_list" arg-type="block" arg-notices="{$notices.block}" />
		</xf:if>

		<xf:if is="$notices.scrolling">
			<xf:macro template="notice_macros" name="notice_list" arg-type="scrolling" arg-notices="{$notices.scrolling}" />
		</xf:if>

		<xf:ad position="container_breadcrumb_top_above" />
		<xf:macro name="breadcrumbs"
			arg-breadcrumbs="{$breadcrumbs}"
			arg-navTree="{$navTree}"
			arg-selectedNavEntry="{$selectedNavEntry}" />
		<xf:ad position="container_breadcrumb_top_below" />

		<xf:macro template="browser_warning_macros" name="javascript" />
		<xf:macro template="browser_warning_macros" name="browser" />

		<xf:if is="$headerHtml is not empty">
			<div class="p-body-header">
				{$headerHtml|raw}
			</div>
		<xf:elseif contentcheck="true" />
			<div class="p-body-header">
			<xf:contentcheck>
				<xf:if contentcheck="true">
					<div class="p-title {{ $noH1 ? 'p-title--noH1' : '' }}">
					<xf:contentcheck>
						<xf:if is="!$noH1">
							<h1 class="p-title-value">{$h1}</h1>
						</xf:if>
						<xf:if contentcheck="true">
							<div class="p-title-pageAction"><xf:contentcheck><xf:pageaction /></xf:contentcheck></div>
						</xf:if>
					</xf:contentcheck>
					</div>
				</xf:if>

				<xf:if is="$description is not empty">
					<div class="p-description">{$description}</div>
				</xf:if>
			</xf:contentcheck>
			</div>
		</xf:if>

		<div class="p-body-main {{ $sidebar ? 'p-body-main--withSidebar' : '' }} {{ $sideNav ? 'p-body-main--withSideNav' : '' }}">
			<xf:if is="$sideNav">
				<div class="p-body-sideNav">
					<div class="p-body-sideNavTrigger">
						<xf:button class="button--link" data-xf-click="off-canvas" data-menu="#js-SideNavOcm">
							{{ $sideNavTitle ?: phrase('navigation') }}
						</xf:button>
					</div>
					<div class="p-body-sideNavInner" data-ocm-class="offCanvasMenu offCanvasMenu--blocks" id="js-SideNavOcm" data-ocm-builder="sideNav">
						<div data-ocm-class="offCanvasMenu-backdrop" data-menu-close="true"></div>
						<div data-ocm-class="offCanvasMenu-content">
							<div class="p-body-sideNavContent">
								<xf:ad position="container_sidenav_above" />
								<xf:foreach loop="$sideNav" value="$sideNavHtml">
									{$sideNavHtml}
								</xf:foreach>
								<xf:ad position="container_sidenav_below" />
							</div>
						</div>
					</div>
				</div>
			</xf:if>

			<div class="p-body-content">
				<xf:ad position="container_content_above" />
				<div class="p-body-pageContent">{$content|raw}</div>
				<xf:ad position="container_content_below" />
			</div>

			<xf:if is="$sidebar">
				<div class="p-body-sidebar">
					<xf:ad position="container_sidebar_above" />
					<xf:foreach loop="$sidebar" value="$sidebarHtml">
						{$sidebarHtml}
					</xf:foreach>
					<xf:ad position="container_sidebar_below" />
				</div>
			</xf:if>
		</div>

		<xf:ad position="container_breadcrumb_bottom_above" />
		<xf:macro name="breadcrumbs"
			arg-breadcrumbs="{$breadcrumbs}"
			arg-navTree="{$navTree}"
			arg-selectedNavEntry="{$selectedNavEntry}"
			arg-variant="bottom" />
		<xf:ad position="container_breadcrumb_bottom_below" />
	</div>
</div>

<footer>
	<div id="footer_info">
		<div class="inner_fx">
			<div id="ft_servern"><span>Server Name</span></div>
			<div class="pie_style_changer">
				<xf:if contentcheck="true">
					<ul class="pie_footer_extra">
						<xf:contentcheck>
							<xf:if is="$xf.visitor.canChangeStyle()">
								<li><a href="{{ link('misc/style') }}" data-xf-click="overlay"
									data-xf-init="tooltip" title="{{ phrase('style_chooser')|for_attr }}" rel="nofollow">
									<xf:fa icon="fa-paint-brush" /> {$xf.style.title}
								</a></li>
							</xf:if>
							<xf:if is="$xf.visitor.canChangeLanguage()">
								<li><a href="{{ link('misc/language') }}" data-xf-click="overlay"
									data-xf-init="tooltip" title="{{ phrase('language_chooser')|for_attr }}" rel="nofollow">
									<xf:fa icon="fa-globe" /> {$xf.language.title}</a></li>
							</xf:if>
						</xf:contentcheck>
					</ul>
				</xf:if>
			</div>

			<div id="ft_server">
				<div id="ft_ip" data-clipboard-text=""></div>
				<div id="ft_players"><span id="ft_online"><i class="fas fa-spinner fa-spin"></i></span> Playing Now</div>
			</div>
		</div>
	</div>
	<div class="inner__footer">
		<div class="ft__row">
			<div class="row__inner">
				<img src="YOUR_LOGO_URL_GOES_HERE">
			</div>
		</div>
		
		<div class="ft__row">
			<div class="row__inner">
				<h1>About Us</h1>
				<div class="about_us">
					<p>Appela ete fin crosse moi ecarta lazzis. Glisse pleine bas pas charge boules but touffe raison pic. Des monte iii decor ans crete ils. Murmure allures je encourt beffroi ensuite il geantes. Et durant eperon gloire balaye canons labour je ah. Avons ils peu oncle eux canif drape irise.<br><b>Server Name is in no way affiliated with Mojang or Minecraft.</b> </p>
				</div>
			</div>
		</div>
		
		<div class="ft__row">
			<div class="row__inner">
				<h1>Quick Links</h1>
				<div class="sitemap">
					<ul>
				<li><a href="/home">HOME</a></li>
				<li><a href="/home">FORUMS</a></li>
				<li><a href="/home">STORE</a></li>
				<li><a href="/home">STAFF</a></li>
				<li><a href="/home">VOTE</a></li>
				</ul>
				</div>
			</div>
		</div>
		
	</div>
	<div class="ft__copyright">
		<div class="inner__ft">
				<div class="copyright">
					Copyright © 2019 Server Name. All Rights Reserved.</a>
				</div>
				<a href="https://www.mc-market.org/resources/10210/">
					<div class="themecop">
						<img src="https://i.imgur.com/o2nG4DR.png">
					</div>
				</a>
			<div class="pie_extra_copyright">
				<xf:if contentcheck="true">
					<xf:contentcheck>
						<xf:copyright />
						{{ phrase('extra_copyright') }}
					</xf:contentcheck>
				</xf:if>
			</div>
		</div>
	</div>
	</footer>

</div> <!-- closing p-pageWrapper -->

<div class="u-bottomFixer js-bottomFixTarget">
	<xf:if is="$notices.floating">
		<xf:macro template="notice_macros" name="notice_list" arg-type="floating" arg-notices="{$notices.floating}" />
	</xf:if>
	<xf:if is="$notices.bottom_fixer">
		<xf:macro template="notice_macros" name="notice_list" arg-type="bottom_fixer" arg-notices="{$notices.bottom_fixer}" />
	</xf:if>
</div>

<xf:macro template="helper_js_global" name="body" arg-app="public" arg-jsState="{$jsState}" />

<xf:if is="count($xf.reactionsActive) > 1">
	<script type="text/template" id="xfReactTooltipTemplate">
		<div class="tooltip-content-inner">
			<div class="reactTooltip">
				<xf:foreach loop="$xf.reactionsActive" key="$reactionId" value="$reaction">
					<xf:reaction id="{$reactionId}" tooltip="true" />
				</xf:foreach>
			</div>
		</div>
	</script>
</xf:if>

<div id="modal-default" data-iziModal-title="" data-iziModal-subtitle="" data-iziModal-icon="icon-home">
    <div id="userhub-popup">
        <div id="boot_username">
            <div id="prof"><xf:avatar user="$xf.visitor" size="m" href="" /></div>
            <div class="bottom__btns">
				<xf:if is="{$xf.visitor.user_id}">
                <div class="logged__in">
                    <h1>General</h1>
                    <a href="{{ link('account') }}" class="lin__button"><i class="fas fa-user"></i> Profile</a>
                    <a href="{{ link('whats-new') }}" class="lin__button"><i class="fas fa-info"></i> News feed</a>
                    <a href="{{ link('account/reactions') }}" class="lin__button"><i class="fas fa-users-cog"></i> Reactions Received</a>

					<h1>Account</h1>
                    <a href="{{ link('account/account-details') }}" class="lin__button"><i class="fas fa-user"></i> Account Details</a>
                    <a href="{{ link('account/signature') }}" class="lin__button"><i class="fas fa-info"></i> Signature</a>
                    <a href="{{ link('account/security') }}" class="lin__button"><i class="fas fa-users-cog"></i> Password & Security</a>
					<a href="{{ link('account/following') }}" class="lin__button"><i class="fas fa-cogs"></i> Following</a>
					<a href="{{ link('account/privacy') }}" class="lin__button"><i class="fas fa-cogs"></i> Privacy</a>
					<a href="{{ link('account/ignored') }}" class="lin__button"><i class="fas fa-cogs"></i> Ignoring</a>
					<a href="{{ link('account/preferences') }}" class="lin__button"><i class="fas fa-cogs"></i> Preferences</a>
					

                    <h1>Dashboard</h1>
                    <a href="{{ link('conversations') }}" class="lin__button js-badge--conversations badgeContainer{{ $xf.visitor.conversations_unread ? ' badgeContainer--highlighted' : '' }}"
						data-badge="{$xf.visitor.conversations_unread|number}"><i class="far fa-envelope"></i> Messages
					</a>
                    <a href="{{ link('account/alerts') }}" class="lin__button js-badge--alerts badgeContainer{{ $xf.visitor.alerts_unread ? ' badgeContainer--highlighted' : '' }}"
						data-badge="{$xf.visitor.alerts_unread|number}"><i class="far fa-comments"></i> Notifications
					</a>
					<xf:if is="$xf.visitor.is_admin">
						<div id="admin_status">
							<h1 class="aaccess">Admin Access</h1>
							<a href="{{ link('approval-queue') }}" class="abtn"><i class="fas fa-align-justify"></i> Approval Queue</a>
							<a href="{{ link('reports') }}" class="abtn badgeContainer badgeContainer--visible {{ ($xf.session.reportCounts.total && ($xf.session.reportCounts.lastBuilt > $xf.session.reportLastRead) OR $xf.session.reportCounts.assigned) ? ' badgeContainer--highlighted' : '' }}"
									data-badge="{{ $xf.session.reportCounts.assigned ? $xf.session.reportCounts.assigned|number . ' / ' . $xf.session.reportCounts.total|number : $xf.session.reportCounts.total|number }}">
									<i class="fas fa-users-cog"></i> Reports</a>

							<a href="/admin.php" class="abtn"><i class="fas fa-th-large"></i> Admin Panel</a>
						</div>
					</xf:if>
                    <h1>Logout</h1>
                    <a href="{{ link('logout', null, {'t': csrf_token()}) }}" class="lin__button logout"><i class="fas fa-power-off"></i> Logout</a>
				</div>
				</xf:if>
			</div>
			<xf:if is="!{$xf.visitor.user_id}">
				<div class="logged__out">
					<a href="{{ link('login') }}" class="lout__button">Login</a>
					<a href="{{ link('register') }}" class="lout__button">New Account</a>
				</div>
			</xf:if>
        </div>
    </div>
</div>	

<script src="https://cdnjs.cloudflare.com/ajax/libs/clipboard.js/1.5.12/clipboard.min.js"></script>
<script src="https://cdnjs.cloudflare.com/ajax/libs/particles.js/2.0.0/particles.min.js"></script>
<script src="https://cdnjs.cloudflare.com/ajax/libs/izimodal/1.5.1/js/iziModal.min.js"></script>
<script src="https://cdnjs.cloudflare.com/ajax/libs/izitoast/1.4.0/js/iziToast.min.js"></script>
<script src="https://cdnjs.cloudflare.com/ajax/libs/jquery-cookie/1.4.1/jquery.cookie.js"></script>

<script>
// HTML MODIFIERS (SETTINGS)

var serverIP = 'play.serverip.com'; // Change to your server IP (Displayed under navigation bar & on Footer)

var discordLink = 'https://discordapp.com/'; // Replace with your discord server invite link 

// SETTINGS

var xenStaffBar = true; // Set to false to hide Staff bar at the top of the page

var serverAddress = 'https://mcapi.us/server/status?ip=YOUR_SERVER_IP_HERE'; // Replace 'YOUR_SERVER_IP_HERE'

var discordWidget = true; // Set to false to hide discord Widget

var discordServerID = 'https://discordapp.com/api/guilds/YOUR_DISCORD_SERVER_GUILD_ID/embed.json'; // REPLACE 'YOUR_DISCORD_SERVER_GUILD_ID'

var colorSwitcher = true; // Set to false to hide color switcher

var defaultColor = 'orange'; // Other options are: 'purple', 'green', 'lblue', 'red'

var infoBoxes = true; // Set to false to hide 'Info Boxes' next to the logo (Header)

var pieStyleChanger = true; // Set to false to hide Style Switcher on the footer



$(document).ready(function() {
    $('#loading__main').hide();
});

$(function() {
	// Online Player function call
    getOnlinePlayers();
    // Discord function call
    getDiscordUsers();
    // Cursor
	$('#ip,#ft_ip').css('cursor', 'pointer');
	// Discord Link
	$("#discord a").attr("href", discordLink);
    // Widget Settings
    if (!discordWidget) {
        $('#discord').hide();
    }
    if (!colorSwitcher) {
        $('#color_switch').hide();
	}
	if (!xenStaffBar) {
		$('.p-staffBar').hide();
	}
	if (!pieStyleChanger) {
		$('.pie_style_changer').hide();
	}
	if (!infoBoxes) {
		$('#inf__boxes').hide();
		$('.header_middle_wrap').css("justify-content", "center");
	}
	// HTML IP
	$('#ip span, #ft_ip').text(serverIP);
	$('#ip, #ft_ip').attr('data-clipboard-text', serverIP);
	// Add shrink class to navbar on scroll
	$(window).scroll(function() {
        if ($(document).scrollTop() > 350) {
            $('.navbar').addClass('shrink');
        } else {
            $('.navbar').removeClass('shrink');
        }
	});
	// Display back to top button on scroll
	$(window).on("scroll", function() {
        if ($(this).scrollTop() > 350) {
            $('.scroll__top').fadeIn(300);
        } else {
            $('.scroll__top').fadeOut(300);
        }
	});
    // Smooth back to top button animation
    $('.scroll__top').click(function() {
        $('html, body').animate({
            scrollTop: 0
        }, '400');
    });
	// iziModal default
    $("#modal-default").iziModal({
        overlayClose: false,
        overlayColor: 'rgba(0, 0, 0, 0.6)',
        width: 1000,
        padding: 20
	});
	$('#modal-alert').iziModal({
        headerColor: 'var(--theme-main-color-dark)',
        width: 400,
        timeout: 3000,
        pauseOnHover: false,
        timeoutProgressbar: true,
        attached: 'bottom'
    });
    // User Control Panel (iziModal)
    $('.cpanel').click(function() {
        event.preventDefault();
        $('#modal-default').iziModal('open');
		console.log("Clicked");
	});
	// Actionbar Extra
	if($('.actionBar-set.actionBar-set--internal, .message--simple .message-actionBar .actionBar-set').length == 0) {
		$('.message-actionBar.actionBar').hide();
	}
	// Userhub Extra
	if($('#userhub').length == 0) {
		$('#modal-default .iziModal-header-title').html("Welcome, Guest");
		$('#modal-default .iziModal-header-subtitle').html('Login or Register');
		$(".cpanel").text("Login or Register");
	} else {
		$('#modal-default .iziModal-header-title').html("Welcome back, {$xf.visitor.username}");
		$('#modal-default .iziModal-header-subtitle').html("{$xf.visitor.username}'s Control Panel");
	}
	// Discord Extra
	$('#discord').css("cursor", "pointer");
    $("#discord").click(function() {
        if ($(this).css("left") == "-315px") {
            $(this).animate({
                left: '0px'
            }, {
                queue: false,
                duration: 500
            });
        } else {
            $(this).animate({
                left: '-315px'
            }, {
                queue: false,
                duration: 500
            });
        }
	});
	// Color Switch Extra
	$('#color_switch').css("cursor", "pointer");
    var cookieColor = $.cookie("selected_class");
    if (cookieColor) {
        $('body').addClass(cookieColor);
    } else {
        $('body').addClass(defaultColor);
    }
    $("#color_switch").click(function() {
        if ($(this).css("left") == "-315px") {
            $(this).animate({
                left: '0px'
            }, {
                queue: false,
                duration: 500
            });
        } else {
            $(this).animate({
                left: '-315px'
            }, {
                queue: false,
                duration: 500
            });
        }
	});
	// Color Switch (Main)
    $('#color_switch .color_selection .colors_each').click(function() {
        classColor = $(this).attr('class').split(' ')[1];
        if ($('body').hasClass('orange')) {
            $('body').removeClass("orange");
        } else {
            if ($('body').hasClass('purple')) {
                $('body').removeClass("purple");
            } else {
                if ($('body').hasClass('green')) {
                    $('body').removeClass("green");
                } else {
                    if ($('body').hasClass('lblue')) {
                        $('body').removeClass("lblue");
                    } else {
                        if ($('body').hasClass('red')) {
                            $('body').removeClass("red");
                        }
                    }
                }
            }
        }
        $.cookie("selected_class", classColor);
        $('body').addClass(classColor);
        iziToast.success({
            timeout: 5000,
            icon: 'fas fa-adjust',
            title: 'Success!',
            message: 'Color switched',
            position: 'topLeft'
		});
	});
});
$(function() {
    particlesJS("particles-js", {
        "particles": {
            "number": {
                "value": 1000,
                "density": {
                    "enable": true,
                    "value_area": 3000
                }
            },
            "color": {
                "value": "#e22d2d"
            },
            "shape": {
                "type": "circle",
                "stroke": {
                    "width": 0,
                    "color": "#000000"
                },
                "polygon": {
                    "nb_sides": 3
                },
                "image": {
                    "src": "img/github.svg",
                    "width": 100,
                    "height": 100
                }
            },
            "opacity": {
                "value": 0.5,
                "random": true,
                "anim": {
                    "enable": false,
                    "speed": 1,
                    "opacity_min": 0.1,
                    "sync": false
                }
            },
            "size": {
                "value": 2,
                "random": true,
                "anim": {
                    "enable": true,
                    "speed": 5,
                    "size_min": 0,
                    "sync": false
                }
            },
            "line_linked": {
                "enable": false,
                "distance": 500,
                "color": "#ffffff",
                "opacity": 0.4,
                "width": 2
            },
            "move": {
                "enable": true,
                "speed": 7.8914764163227265,
                "direction": "top",
                "random": true,
                "straight": false,
                "out_mode": "out",
                "bounce": false,
                "attract": {
                    "enable": false,
                    "rotateX": 600,
                    "rotateY": 1200
                }
            }
        },
        "interactivity": {
            "detect_on": "canvas",
            "events": {
                "onhover": {
                    "enable": false,
                    "mode": "bubble"
                },
                "onclick": {
                    "enable": false,
                    "mode": "repulse"
                },
                "resize": true
            },
            "modes": {
                "grab": {
                    "distance": 400,
                    "line_linked": {
                        "opacity": 0.5
                    }
                },
                "bubble": {
                    "distance": 400,
                    "size": 4,
                    "duration": 0.3,
                    "opacity": 1,
                    "speed": 3
                },
                "repulse": {
                    "distance": 200,
                    "duration": 0.4
                },
                "push": {
                    "particles_nb": 4
                },
                "remove": {
                    "particles_nb": 2
                }
            }
        },
        "retina_detect": true
    });
    var count_particles, stats, update;
});
function getOnlinePlayers() {
    $.getJSON(serverAddress, function(json) {
        if (json.status !== "error") {
            $("#online, #ft_online").html('<i class="fas fa-users"></i> ' + json.players.now);
        } else {
            $("#online, #ft_online").html('<i class="fas fa-spinner fa-spin"></i>');
        }

        setTimeout(getOnlinePlayers, 5000);
    });
}

var discord_status = false;

function getDiscordUsers() {
    $.getJSON(discordServerID, function(json) {
        discord_status = true;
        $('.dinfo h3 b').html(json['members'].length)
    });
}

setTimeout(function() {
    if (!discord_status) {
        $('.discordtxt h4 b').html('<i class="fas fa-spinner fa-spin"></i>');
    }
}, 5000);
$(function() {
    var ip = new Clipboard('#ip');
    ip.on("success", function() {
        event.preventDefault();
        $('#modal-alert').iziModal('open');
    });
});
$(function() {
    var ft_ip = new Clipboard('#ft_ip');
    ft_ip.on("success", function() {
        $('#modal-alert').iziModal('open');
    });
});
</script>

{$ldJsonHtml|raw}

</body>
</html>

<xf:macro name="nav_entry" arg-navId="!" arg-nav="!" arg-selected="{{ false }}" arg-shortcut="">
	<div class="p-navEl {{ $selected ? 'is-selected' : '' }}" {{ $nav.children ? 'data-has-children="true"' : '' }}>
		<xf:if is="$nav.href">

			<xf:macro name="nav_link"
				arg-navId="{$navId}"
				arg-nav="{$nav}"
				arg-class="p-navEl-link {{ $nav.children ? 'p-navEl-link--splitMenu' : '' }}"
				arg-shortcut="{{ $nav.children ? false : $shortcut }}" />

			<xf:if is="$nav.children"><a data-xf-key="{$shortcut}"
				data-xf-click="menu"
				data-menu-pos-ref="< .p-navEl"
				class="p-navEl-splitTrigger"
				role="button"
				tabindex="0"
				aria-label="{{ phrase('toggle_expanded')|for_attr }}"
				aria-expanded="false"
				aria-haspopup="true"></a></xf:if>

		<xf:elseif is="$nav.children" /><a data-xf-key="{$shortcut}"
			data-xf-click="menu"
			data-menu-pos-ref="< .p-navEl"
			class="p-navEl-linkHolder"
			role="button"
			tabindex="0"
			aria-expanded="false"
			aria-haspopup="true">
			<xf:macro name="nav_link"
				arg-navId="{$navId}"
				arg-nav="{$nav}"
				arg-class="p-navEl-link p-navEl-link--menuTrigger" />
		</a>

		<xf:else />

			<xf:macro name="nav_link"
				arg-navId="{$navId}"
				arg-nav="{$nav}"
				arg-class="p-navEl-link"
				arg-shortcut="{$shortcut}" />

		</xf:if>
		<xf:if is="$nav.children">
			<div class="menu menu--structural" data-menu="menu" aria-hidden="true">
				<div class="menu-content">
					<xf:foreach loop="$nav.children" key="$childNavId" value="$child">
						<xf:macro name="nav_menu_entry"
							arg-navId="{$childNavId}"
							arg-nav="{$child}" />
					</xf:foreach>
				</div>
			</div>
		</xf:if>
	</div>
</xf:macro>

<xf:macro name="nav_link" arg-navId="!" arg-nav="!" arg-class="" arg-titleHtml="" arg-shortcut="{{ false }}">
	<xf:set var="$tag" value="{{ $nav.href ? 'a' : 'span' }}" />
	<{$tag} {{ $nav.href ? 'href="' . $nav.href . '"' : '' }}
		class="{{ trim($class) }} {$nav.attributes.class}"
		{{ attributes($nav.attributes, ['class']) }}
		{{ $shortcut !== false ? 'data-xf-key="' . $shortcut . '"' : '' }}
		data-nav-id="{$navId}"><xf:if is="$nav.icon"><xf:fa icon="{$nav.icon}" /> </xf:if>{{ $titleHtml ? $titleHtml|raw : $nav.title }}<xf:if is="$nav.counter"> <span class="badge badge--highlighted">{$nav.counter|number}</span></xf:if></{$tag}>
</xf:macro>

<xf:macro name="nav_menu_entry" arg-navId="!" arg-nav="!" arg-depth="0">
	<xf:macro name="nav_link"
		arg-navId="{$navId}"
		arg-nav="{$nav}"
		arg-class="menu-linkRow u-indentDepth{$depth} js-offCanvasCopy" />
	<xf:if is="$nav.children">
		<xf:foreach loop="$nav.children" key="$childNavId" value="$child">
			<xf:macro name="nav_menu_entry"
				arg-navId="{$childNavId}"
				arg-nav="{$child}"
				arg-depth="{{ $depth + 1 }}" />
		</xf:foreach>
		<xf:if is="$depth == 0">
			<hr class="menu-separator" />
		</xf:if>
	</xf:if>
</xf:macro>

<xf:macro name="breadcrumbs" arg-breadcrumbs="!" arg-navTree="!" arg-selectedNavEntry="{{ null }}" arg-variant="">
	<xf:if contentcheck="true">
		<ul class="p-breadcrumbs {{ $variant ? 'p-breadcrumbs--' . $variant : '' }}"
			itemscope itemtype="https://schema.org/BreadcrumbList">
		<xf:contentcheck>
			<xf:set var="$position" value="{{ 0 }}" />

			<xf:set var="$rootBreadcrumb" value="{$navTree.{$xf.options.rootBreadcrumb}}" />
			<xf:if is="$rootBreadcrumb AND $rootBreadcrumb.href != $xf.uri">
				<xf:set var="$position" value="{{ $position + 1 }}" />
				<xf:macro name="crumb"
					arg-position="{$position}"
					arg-href="{$rootBreadcrumb.href}"
					arg-value="{$rootBreadcrumb.title}" />
			</xf:if>

			<xf:if is="$selectedNavEntry && $selectedNavEntry.href && $selectedNavEntry.href != $xf.uri && $selectedNavEntry.href != $rootBreadcrumb.href">
				<xf:set var="$position" value="{{ $position + 1 }}" />
				<xf:macro name="crumb"
					arg-position="{$position}"
					arg-href="{$selectedNavEntry.href}"
					arg-value="{$selectedNavEntry.title}" />
			</xf:if>
			<xf:foreach loop="$breadcrumbs" value="$breadcrumb" if="$breadcrumb.href != $xf.uri">
				<xf:set var="$position" value="{{ $position + 1 }}" />
				<xf:macro name="crumb"
					arg-position="{$position}"
					arg-href="{$breadcrumb.href}"
					arg-value="{$breadcrumb.value}" />
			</xf:foreach>

		</xf:contentcheck>
		</ul>
	</xf:if>
</xf:macro>

<xf:macro name="crumb" arg-href="!" arg-value="!" arg-position="{{ 0 }}">
	<li itemprop="itemListElement" itemscope itemtype="https://schema.org/ListItem">
		<a href="{$href}" itemprop="item">
			<span itemprop="name">{$value}</span>
		</a>
		<xf:if is="$position"><meta itemprop="position" content="{$position}" /></xf:if>
	</li>
</xf:macro>]]></template>
    <template title="extra.less" type="public" addon_id="XF" version_id="2010170" version_string="2.1.1"><![CDATA[/* GENERAL */
html {
    color: #bdbdbd;
}
body {
	overflow-y: scroll;
	overflow-x: hidden;
	--main-color: #efba4d;
	--main-color-dark: #a7791c;
	--main-color-light: #ffb92a;
	--admin-username: #e22d2d;
	--theme-main-color: #232f4c;
	--theme-main-color-dark: #151f38;
	--theme-text-color: #bdbdbd;
	--theme-border-light: rgba(255, 255, 255, 0.1);
	background-image: none;
	background: var(--theme-main-color-dark);
}

/* HEADER */
.p-header {
    height: 500px;
    position: relative;
    background: url(https://i.imgur.com/G0eRXzK.jpg) no-repeat top;
    -webkit-background-size: cover;
    -moz-background-size: cover;
    -o-background-size: cover;
    background-size: cover;
}
.p-header-inner {
    align-items: center;
    max-width: initial;
	padding: 0;
    background: linear-gradient(to right, rgba(21, 31, 56, 0.23137254901960785), rgba(0, 167, 207, 0.30196078431372547), rgba(239, 227, 72, 0.3215686274509804), rgba(134, 26, 84, 0.2901960784313726), rgba(5, 79, 125, 0.30196078431372547));
    background-size: 600%;
    background-position: 0 0;
    box-shadow: inset 0 0 5em rgba(0,0,0,0.5);
    font-family: 'Lato',Arial,sans-serif;
    height: 100%;
    justify-content: center;
    animation-duration: 20s;
    animation-iteration-count: infinite;
    animation-name: gradients;
}
.p-header-inner:before {
    position: absolute;
    content: "";
    left: 0;
    right: 0;
    height: 100%;
    width: 100%;
    margin: 0 auto;
    background: linear-gradient(rgba(21, 31, 56, 0), var(--theme-main-color-dark));
}
.p-header-content {
    padding: 0;
}
@keyframes gradients {
	0% {
		background-position: 0 0;
	}
	25% {
		background-position: 50% 0;
	}
	50% {
		background-position: 90% 0;
	}
	60% {
		background-position: 60%;
	}
	75% {
		background-position: 40%;
	}
	100% {
		background-position: 0 0;
	}
}

/* PAGE PRE-LOADER */
/* LOADER */

#loading__main {
	position: fixed;
	text-align: center;
	top: 0;
	left: 0;
	right: 0;
	width: 100%;
	height: 100%;
	background: var(--theme-main-color);
	z-index: 999999;
}

#obj_wrap {
	position: absolute;
	top: 50%;
	left: 50%;
	transform: translate(-50%, -50%);
	height: 50px;
	display: flex;
	align-items: center;
}

.obj {
	width: 7px;
	background: var(--main-color);
	margin: 0 6px;
	border-radius: 8px;
	animation: loading 0.8s infinite;
}

.obj:nth-child(2) {
	animation-delay: 0.1s;
}

.obj:nth-child(3) {
	animation-delay: 0.2s;
}

.obj:nth-child(4) {
	animation-delay: 0.3s;
}

.obj:nth-child(5) {
	animation-delay: 0.4s;
}

.obj:nth-child(6) {
	animation-delay: 0.5s;
}

.obj:nth-child(7) {
	animation-delay: 0.6s;
}

.obj:nth-child(8) {
	animation-delay: 0.7s;
}

@keyframes loading {
	0% {
		height: 0;
	}
	50% {
		height: 60px;
	}
	100% {
		height: 0;
	}
}

/* PARTICLES */

#particles-js {
    position: absolute;
    height: 520px;
    width: 100%;
    max-width: 1450px;
    margin: 0 auto;
    left: 0;
    right: 0;
    margin-left: auto;
    margin-right: auto;
    pointer-events: none;
}

/* SCROLL TO TOP BUTTON */

.scroll__top {
    position: fixed;
    background-color: var(--theme-main-color);
    color: var(--main-color) !important;
    padding: 10px;
    font-size: 20px;
    border-radius: 3px;
    bottom: 80px;
    right: 40px;
    z-index: 99999;
    border-bottom: 3px solid var(--theme-main-color-dark);
    -webkit-transition: .25s all;
    -moz-transition: .25s all;
    transition: .25s all;
}

.scroll__top:hover {
	background: var(--theme-main-color-dark);
	text-shadow: 0 0 5px;
}

/* NAVBAR */
.navbar {
    position: relative;
    height: 70px;
    width: 100%;
    text-align: center;
    margin: 0 auto;
    background: rgba(0, 0, 0, 0.5);
}
.navbar.shrink {
	top: 0;
	position: fixed;
	z-index: 999;
	background-color: rgba(0, 0, 0, 0.8);
	border-bottom: 1px solid var(--main-color);
}
.p-nav-list>li {
    display: inline-block;
    margin-left: 15px !important;
    margin-right: 15px;
    width: 160px;
    z-index: 9;
    position: relative;
    -webkit-transition: 0.25s all;
    -moz-transition: 0.25s all;
    transition: 0.25s all;
}
.p-nav-list>li:hover {
	background: var(--theme-border-light);
}
.p-nav-list .p-navEl:not(.is-selected):not(.is-menuOpen):hover, .p-nav-list .p-navEl:not(.is-selected):not(.is-menuOpen) .p-navEl-link:hover, 
.p-nav-list .p-navEl:not(.is-selected):not(.is-menuOpen) .p-navEl-splitTrigger:hover {
	background: none;
}
.p-nav-list .p-navEl.is-selected .p-navEl-splitTrigger {
	display: block;
}
.p-nav-list .p-navEl.is-selected {
    background: transparent;
}
a.navres {
	display: none;
	text-align: left;
    margin: 0 10px;
}
.p-nav-list .p-navEl-link, a.navres {
    padding: 0;
    float: none;
    font-family: 'Karla',sans-serif;
    text-transform: uppercase;
    font-weight: 700;
    line-height: 70px;
    font-size: 16px;
    color: #fdfbfb;
    text-decoration: none;
    letter-spacing: 2px;
    -webkit-transition: .25s all;
    -moz-transition: .25s all;
    transition: .25s all;
}
.p-nav-list .p-navEl-splitTrigger {
    padding-top: 25px;
    padding-bottom: 24px;
    float: right;
}
.p-nav-list .p-navEl:not(.is-selected):not(.is-menuOpen) .p-navEl-link:hover {
    background: none;
}
.p-nav-list .p-navEl.is-menuOpen {
	background: var(--theme-border-light);
}
/* offCanvas Menu */
body.is-modalOpen .overlay-container, body.is-modalOpen .offCanvasMenu {
    z-index: 9999;
}
.offCanvasMenu--nav .offCanvasMenu-content {
    color: var(--main-color);
    background: var(--theme-main-color-dark);
}
.offCanvasMenu--nav .offCanvasMenu-subList .offCanvasMenu-link:hover {
    background: var(--theme-border-light);
}
.offCanvasMenu--nav .offCanvasMenu-linkHolder:hover {
    background: var(--theme-border-light);
}
/* SERVER BAR */

#server_bar {
    z-index: 1;
    width: 100%;
    position: relative;
    font-family: 'Karla',sans-serif;
    background: rgba(0,0,0,0.3);
    border-top: 1px solid var(--theme-border-light);
    border-bottom: 1px solid rgba(255,255,255,0.04);
    height: 70px;
    box-shadow: 0 2px 10px rgba(0,0,0,0.05);
}

.inner_fx {
    max-width: 1300px;
    margin: 0 auto;
}

#server_bar .pid {
	float: left;
	margin: 8px 0;
	text-align: left;
}

#server_bar .ipid {
	float: right;
	margin: 8px 0;
	text-align: right;
}

.serverbox .on_players,
.serverbox #ip {
	font-size: 17px;
	font-weight: 700;
	color: var(--main-color);
	letter-spacing: 0.8px;
	padding: 10px;
	text-transform: uppercase;
	-webkit-transition: 0.25s all;
	-moz-transition: 0.25s all;
	transition: 0.25s all;
}
.on_players p, #ip p {
    color: rgba(255,255,255,0.5);
    font-size: 8px;
    font-weight: 900;
    margin: 0;
    letter-spacing: 1px;
    -webkit-transition: .25s all;
    -moz-transition: .25s all;
    transition: .25s all;
}

#server_bar .ipid:hover #ip,
#server_bar .ipid:hover #ip p {
	letter-spacing: 1.5px;
}
/* HEADER MIDDLE */
.header_middle_wrap {
    display: flex;
    height: 370px;
    align-items: center;
    width: 100%;
    max-width: 1250px;
    margin: 0 auto;
    z-index: 9;
}
/* LOGO */

#logo {
    width: 500px;
}

#logo img {
    width: 100%;
}


/* INFO BOXES */

#inf__boxes {
    font-family: 'Karla',sans-serif;
    margin-left: auto;
}

.info__box {
    height: 80px;
    width: 340px;
    max-width: 340px;
    background: rgba(0,0,0,0.3);
    border: 1px solid rgba(255,255,255,0.05);
    display: flex;
    align-items: center;
    margin-top: 10px;
}

.info_icon {
	float: left;
	color: var(--main-color);
	font-size: 30px;
	padding: 0 20px;
}

.info_text h2 {
    color: var(--theme-text-color);
    text-align: left;
    font-size: 16px;
    font-weight: bold;
    margin: 2px 2px;
}

.user_guest_options {
    margin: 6px 0;
}
.user_guest_options a {
    background: var(--theme-border-light);
    padding: 4px 10px;
    border-radius: 3px;
    margin: 2px;
}
.info_user {
    background: var(--theme-border-light);
    padding: 2px 10px;
    border-radius: 3px;
    margin: 0 2px;
}
.notifs_user a, .user_search_bar a {
    background: var(--theme-border-light);
    padding: 4px 10px;
    border-radius: 3px;
    margin: 0 2px;
}
.info_text p i {
	color: var(--main-color);
}
.pie_info i {
	font-style: none;
}
.pie_info i:after {
	font-family: 'Font Awesome 5 Pro';
    font-size: inherit;
    font-style: normal;
    font-weight: 400;
    text-rendering: auto;
    -webkit-font-smoothing: antialiased;
    -moz-osx-font-smoothing: grayscale;
    display: inline-block;
    min-width: 1.2em;
    text-align: center;
}
.pie_conversations i:after {
    content: "\f0e0";
    display: inline-block;
    width: 1em;
}
.pie_alerts i:after {
    content: "\f0f3";
    display: inline-block;
    width: .88em;
}
.pie_search i:after {
    content: "\f002";
    display: inline-block;
    width: 1em;
}
/* STAFF BAR */
.p-staffBar {
    color: var(--admin-username);
    background: var(--theme-main-color-dark);
}
.p-staffBar-link:hover {
    background: var(--theme-border-light);
}
/* THEME */
.p-body {
    background: var(--theme-main-color-dark);
}
.p-body-sidebar .block-container {
	color: var(--theme-text-color);
    box-shadow: 1px 4px 10px rgba(0, 0, 0, 0.45);
    border-radius: 2px;
    border: none;
	background-color: var(--theme-main-color);
	margin: 0 !important;
}
.block-outer-middle {
    color: var(--theme-text-color);
}
.block-header {
    color: var(--main-color-light);
    border-bottom: 1px solid var(--theme-border-light);
    background: var(--theme-main-color);
    font-family: 'Karla', sans-serif;
    text-transform: uppercase;
    font-weight: 700;
    font-size: 18px;
}
.block-minorHeader {
    font-family: 'Karla', sans-serif;
    text-transform: uppercase;
    font-weight: 700;
    padding: 10px;
    font-size: 18px;
    color: var(--main-color);
}
.block-row.block-row--alt {
    color: var(--main-color-light);
    background: var(--theme-main-color-dark);
}
.block-footer {
    color: var(--main-color);
    background: #f5f5f5;
    border-top: 1px solid var(--theme-border-light);
    background: var(--theme-main-color);
}
.block-filterBar, .tabs--standalone {
    background: var(--theme-main-color-dark);
    border-color: var(--theme-border-light);
}
.tabs--standalone .tabs-tab.is-active {
    color: var(--main-color-light);
    border-color: var(--main-color-light);
}
.block-filterBar .filterBar-filterToggle:hover, .block-filterBar .filterBar-menuTrigger:hover {
    text-decoration: none;
    background: var(--theme-border-light);
}
.block-filterBar.block-filterBar--standalone {
    border-color: var(--theme-border-light);	
}
.structItem.structItem--note {
    background: var(--theme-main-color-dark);
    color: var(--main-color);
}
.structItem {
    border-color: var(--theme-border-light);
}
.structItem-parts>li:nth-child(even) {
    color: var(--theme-text-color);
}
.structItem-pageJump a {
    border-color: var(--theme-border-light);
    color: var(--main-color);
}
.menu-row {
    color: var(--main-color);
}
.menu-linkRow.menu-linkRow--alt {
    color: var(--main-color-light);
    background: var(--theme-border-light);
}
.inputChoices-explain {
    color: var(--theme-text-color);
}
.block-filterBar .filterBar-filterToggle {
    background: var(--theme-border-light);
}
.p-body-sidebar {
    width: 320px;
}
.p-title-value {
    display: none;
    font-family: 'Karla',sans-serif;
    text-transform: uppercase;
    font-weight: 700;
    font-size: 16px;
    color: var(--main-color);
}
.template-thread_view .p-title-value {
    display: block;
}
.p-body-header {
    margin: 10px 0;
}
.formRow>dt, .formSubmitRow-bar {
    background: var(--theme-main-color-dark);
	color: var(--theme-text-color);
	border-color: var(--theme-border-light);
}
.formRowSep, .block-formSectionHeader {
    border-color: var(--theme-border-light);
}
.formRow .formRow-explain {
	color: var(--theme-text-color);
}
.formRow.formRow--fullWidth+.formRow, .formRow+.formRow.formRow--fullWidth, .formRow.formRow--fullWidth+*>.formRow:first-of-type, .formRow+*>.formRow.formRow--fullWidth:first-of-type {
	border-color: var(--theme-border-light);
}
.blockLink {
    transition: all .25s ease-in-out;
    -moz-transition: all .25s ease-in-out;
    -webkit-transition: all .25s ease-in-out;
}
.blockLink.is-selected {
    background: var(--theme-border-light);
    border-left: 3px solid var(--main-color-dark);
}
.block-body+.block-minorHeader {
    border-color: var(--theme-border-light);
}
.blockLink:hover {
    background: var(--theme-border-light);
	color: var(--main-color);
}
.p-body-pageContent {
    padding: 15px;
    background: var(--theme-main-color);
    border-radius: 2px;
    box-shadow: 2px 2px 5px rgba(0, 0, 0, 0.20);
}
.block-formSectionHeader {
	color: var(--main-color-light);
}
.block-row.block-row--separated+.block-row {
    border-color: var(--theme-border-light);
}
.block-row.block-row--clickable:hover {
    color: var(--main-color);
    background: var(--theme-main-color-dark);
}
.contentRow-header {
    color: var(--main-color);
}
.contentRow-minor {
    color: var(--theme-text-color);
}
.bbCodeDemoBlock-item>dd {
    background: var(--theme-main-color-dark);
    border-color: var(--theme-border-light);
}
.block-textHeader {
    color: var(--main-color);
}
.block-textHeader .block-textHeader-highlight {
    color: var(--admin-username);
}
.bbCodeDemoBlock-item>dt {
    color: var(--theme-text-color);
}
.bbCodeBlock {
	background: var(--theme-border-light);
    border-color: var(--theme-border-light);
    border-radius: 3px;
    box-shadow: 2px 2px 5px rgba(0, 0, 0, 0.21);
    color: var(--main-color);
}
.bbCodeBlock-title {
    color: var(--theme-text-color);
    background: var(--theme-border-light);
}
.bbCodeInline {
    background: var(--theme-border-light);
	border-color: var(--theme-border-light);
}
.bbTable>table>thead>tr>th, .bbTable>table>tbody>tr>th {
    background: var(--theme-main-color-dark);
    border-color: #424a5e;
}
.bbTable>table>thead>tr>td, .bbTable>table>tbody>tr>td {
    background: var(--theme-main-color);
    border-color: #424a5e;
}
.block-container {
    font-family: 'Karla',sans-serif;
    color: var(--theme-text-color);
    box-shadow: 1px 4px 10px rgba(0,0,0,0.05);
    border-radius: 2px;
    border: none;
    background-color: var(--theme-main-color);
}
.dataList-row.dataList-row--header .dataList-cell {
    color: var(--main-color-light);
    background: var(--theme-main-color-dark);
    border-color: var(--theme-border-light);
}
.dataList-cell.dataList-cell--alt, .dataList-cell.dataList-cell--action {
    background: var(--theme-main-color-dark);
}
.dataList-cell {
    border-color: var(--theme-border-light);
}
.smilieText {
    color: var(--main-color);
    background: var(--theme-main-color-dark);
    border-color: var(--theme-border-light);
}
.memberTooltip-separator {
    border-color: var(--theme-border-light) !important;
}
hr {
    border-color: var(--theme-border-light);
}
.menu-row.menu-row--separated+.menu-row {
    border-color: var(--theme-border-light);
}
.structItem.is-mod-selected {
    background: var(--theme-border-light);
}
.message+.message, .message.message--bordered {
	border-color: var(--theme-border-light);
}
.block-container>.tabPanes>li>.blocks>.block:last-child .block-outer.block-outer--after, .block-container>.block-body>.blocks>.block:last-child .block-outer.block-outer--after, 
.block-container>.block-body>.block-row>.blocks>.block:last-child .block-outer.block-outer--after, .overlay-content>.blocks>.block:last-child .block-outer.block-outer--after, 
.block-container>.tabPanes>li>.block:last-child .block-outer.block-outer--after, .block-container>.block-body>.block:last-child .block-outer.block-outer--after, 
.block-container>.block-body>.block-row>.block:last-child .block-outer.block-outer--after, .overlay-content>.block:last-child .block-outer.block-outer--after, 
.block-container>.tabPanes>li>.blockMessage:last-child .block-outer.block-outer--after, .block-container>.block-body>.blockMessage:last-child .block-outer.block-outer--after, 
.block-container>.block-body>.block-row>.blockMessage:last-child .block-outer.block-outer--after, .overlay-content>.blockMessage:last-child .block-outer.block-outer--after {
	border-color: var(--theme-border-light);
}
.inputGroup.inputGroup--joined .input+.inputGroup-text, .inputGroup.inputGroup--joined .input+.input, .inputGroup.inputGroup--joined .inputGroup-text+.input {
    border-color: var(--theme-border-light);	
}
.inputGroup.inputGroup--joined .inputGroup-text {
    background: var(--theme-border-light);
    border-color: var(--theme-border-light);
}
.formRow .iconic>i, .inputGroup .iconic>i, .inputChoices .iconic>i, .block-footer .iconic>i, .dataList-cell .iconic>i, .message-cell--extra .iconic>i, .formRow.dataList-cell--fa>a>i, 
.inputGroup.dataList-cell--fa>a>i, .inputChoices.dataList-cell--fa>a>i, .block-footer.dataList-cell--fa>a>i, .dataList-cell.dataList-cell--fa>a>i, .message-cell--extra.dataList-cell--fa>a>i {
	color: var(--theme-text-color);
	transition: all .25s ease-in-out;
	-moz-transition: all .25s ease-in-out;
	-webkit-transition: all .25s ease-in-out;
}
.formRow .iconic:hover>i, .inputGroup .iconic:hover>i, .inputChoices .iconic:hover>i, .block-footer .iconic:hover>i, .dataList-cell .iconic:hover>i, .message-cell--extra .iconic:hover>i, 
.formRow.dataList-cell--fa>a:hover>i, .inputGroup.dataList-cell--fa>a:hover>i, .inputChoices.dataList-cell--fa>a:hover>i, .block-footer.dataList-cell--fa>a:hover>i, .dataList-cell.dataList-cell--fa>a:hover>i, 
.message-cell--extra.dataList-cell--fa>a:hover>i {
	color: var(--main-color);
}
.memberOverviewBlock-seeMore {
    background: var(--theme-main-color-dark);
	border-color: var(--theme-border-light);
}
.memberTooltip-separator {
	border-color: var(--theme-border-light);	
}
.select2 .select2-selection ul>li.select2-selection__choice {
    color: var(--main-color);
    background: var(--theme-border-light);
    border-color: var(--theme-border-light);
}
.select2 .select2-selection ul .select2-search .select2-search__field {
	color: var(--theme-text-color);
}
.pika-single {
    color: var(--theme-text-color);
    background: var(--theme-main-color);
    border-color: var(--theme-border-light);
}
.pika-table th {
    color: var(--main-color-light);
}
.is-disabled .pika-button, .is-outside-current-month .pika-button {
    color: var(--theme-text-color);
}
.pika-button {
    color: var(--theme-text-color);
    background: var(--theme-main-color-dark);
    -webkit-transition: .25s all;
    -moz-transition: .25s all;
    transition: .25s all;
}
.pika-button:hover {
    color: var(--main-color);
    background: var(--theme-main-color);
}
.is-today .pika-button {
    color: var(--main-color-light);
}
.pageNav-page.pageNav-page--current {
    background: rgba(255, 255, 255, 0.2);
    color: var(--main-color);
    border-color: var(--theme-border-light);
}
.pageNav-page {
    background: var(--theme-border-light);
    color: var(--main-color-dark);
    border-color: var(--theme-border-light) !important;
}
.pageNav-page.pageNav-page--current:hover, .pageNav-page.pageNav-page--current:active {
    background: var(--theme-main-color-dark);
}
.pageNav-page:hover, .pageNav-page:active {
    background: var(--theme-main-color);
}
.pageNav-jump {
    background: var(--theme-main-color);
    color: var(--main-color-light);
    border-color: var(--theme-border-light);
}
.pageNav-jump:hover, .pageNav-jump:active {
    background: var(--theme-main-color-dark);
}
/* BREADCRUMBS */
.p-breadcrumbs {
    background: var(--theme-border-light);
    padding: 15px;
    display: none;
}
.p-breadcrumbs>li a {
    color: var(--main-color);
}
.p-breadcrumbs>li:after, .p-breadcrumbs>li:before {
	color: var(--theme-border-light);
	
}
.p-breadcrumbs.p-breadcrumbs--bottom {
    display: block;
}
.comment-likes.is-active, .comment-reactions.is-active {
    padding: 3px;
    margin-top: 0;
}
/* OVERLAY */
.overlay-title {
    background: var(--theme-main-color-dark);
    border-color: var(--theme-border-light);
    color: var(--main-color-light);
}
.overlay {
    background: var(--theme-main-color);
	color: var(--theme-text-color);
	border-color: var(--theme-border-light);
}
/* GENERAL */
a {
    color: #5673bb;
    text-decoration: none;
	transition: all .25s ease-in-out;
	-moz-transition: all .25s ease-in-out;
	-webkit-transition: all .25s ease-in-out;
}
a:hover,
a:focus {
	text-decoration: none;
	color: var(--main-color);
}
/* POPUP / TOOLTIP */
.tooltip--bookmark .tooltip-content, .tooltip--member .tooltip-content, .tooltip--share .tooltip-content {
    color: var(--main-color);
    background: var(--theme-main-color-dark);
	border-color: var(--theme-border-light);
}
.tooltip--member.tooltip--top .tooltip-arrow {
    border-top-color: var(--theme-border-light);
}
.tooltip--member.tooltip--top .tooltip-arrow:after {
    border-top-color: var(--theme-main-color-dark);
}
.memberTooltip-header {
    background: var(--theme-main-color-dark) !important;
    border-color: var(--theme-border-light) !important;
}
.tooltip--share.tooltip--bottom .tooltip-arrow:after {
	border-bottom-color: var(--theme-main-color-dark);
}
.tooltip--share.tooltip--bottom .tooltip-arrow {
	border-bottom-color: var(--theme-border-light);
}
.fr-popup {
    background: var(--theme-main-color);
    border-color: var(--main-color);
}
.fr-popup .fr-arrow {
    border-bottom: 4px solid var(--main-color);
}
.fr-popup .fr-input-line input[type="text"], .fr-popup .fr-input-line textarea {
    color: var(--main-color);
    background: var(--theme-border-light);
    border-color: var(--theme-border-light);
}
.fr-popup .fr-action-buttons button.fr-command {
    color: var(--main-color);
    font-family: 'Karla',sans-serif;
    text-transform: uppercase;
    font-weight: 700;
    font-size: 12px;
    margin: 0 2px;
    border-radius: 2px;
    text-align: center;
    background: var(--theme-border-light);
    border: none;
    box-shadow: 2px 2px 5px rgba(0,0,0,0.2);
    transition: all .25s ease-in-out;
    -moz-transition: all .25s ease-in-out;
    -webkit-transition: all .25s ease-in-out;
}
.fr-popup .fr-input-line input[type="text"]:focus, .fr-popup .fr-input-line textarea:focus {
    background: rgba(255,255,255,0.2);
    border-color: var(--theme-border-light);
}
.fr-popup .fr-action-buttons button.fr-command:not(.button--splitTrigger):hover, .fr-popup .fr-action-buttons button.fr-command.button--splitTrigger>.button-text:hover, .fr-popup .fr-action-buttons button.fr-command.button--splitTrigger>.button-menu:hover, .fr-popup .fr-action-buttons button.fr-command:not(.button--splitTrigger):focus, .fr-popup .fr-action-buttons button.fr-command.button--splitTrigger>.button-text:focus, .fr-popup .fr-action-buttons button.fr-command.button--splitTrigger>.button-menu:focus, .fr-popup .fr-action-buttons button.fr-command:not(.button--splitTrigger):active, .fr-popup .fr-action-buttons button.fr-command.button--splitTrigger>.button-text:active, .fr-popup .fr-action-buttons button.fr-command.button--splitTrigger>.button-menu:active {
    background: rgba(255,255,255,0.2) !important;
    color: #fff !important;
}
/* MENU */
.menu-arrow {
    border-bottom-color: var(--main-color);
}
.menu-content {
    border-top: 3px solid var(--main-color-light);
    background: var(--theme-main-color-dark);
}
.menu-header {
    color: var(--main-color);
    background: var(--theme-main-color-dark) !important;
    border-color: var(--theme-border-light);
}
.menu-linkRow {
    color: var(--theme-text-color);
    background: var(--theme-main-color);
}
.menu-linkRow.is-selected, .menu-linkRow:hover, .menu-linkRow:focus {
    color: var(--main-color);
    background: var(--theme-main-color-dark);
    border-left-color: var(--main-color-light);
}
.tabPanes>li.is-active {
    background: var(--theme-main-color);
}
.menu-tabHeader .tabs-tab.is-active {
    color: var(--main-color-light);
    border-color: var(--main-color);
}
.menu-row.menu-row--highlighted {
    color: var(--main-color);
	background: var(--theme-main-color);
	transition: all .25s ease-in-out;
	-moz-transition: all .25s ease-in-out;
	-webkit-transition: all .25s ease-in-out;
}
.menu-row.menu-row--clickable:hover {
    background: var(--theme-main-color-dark);
}
.menu.menu--wide, .menu.menu--medium {
    margin-top: 20px;
}
.menu-tabHeader {
    background: var(--theme-main-color-dark);
    border-color: var(--theme-border-light);
}
.menu-row.menu-row--alt {
    color: var(--main-color);
    background: var(--theme-main-color-dark);
}
.menu-separator {
	border-color: var(--theme-border-light);
	margin: 0
}
.menu-footer {
    background: var(--theme-main-color);
    border-color: var(--theme-border-light);
}
/* SCROLLBAR */

::-webkit-scrollbar {
	width: 5px;
}

::-webkit-scrollbar-track {
	background: var(--theme-main-color);
}

::-webkit-scrollbar-thumb {
	background: var(--main-color);
}

::-webkit-scrollbar-thumb:hover {
	background: var(--main-color-dark);
}
/* FORUMS  */
.block-container .block-header {
    color: var(--main-color);
    border-bottom: 2px solid var(--theme-border-light);
    background: none;
    padding: 10px;
    box-shadow: none;
    font-family: 'Karla',sans-serif;
    text-transform: capitalize;
    margin-bottom: 20px;
}
.node-icon i:before {
	font-size: 27px;
	color: var(--theme-text-color);
}
.block-container .node {
    color: var(--theme-text-color);
    border-radius: 2px;
    border: none;
    background-color: var(--theme-main-color);
}
.pairs>dt {
    padding: 0;
    margin: 0;
    color: var(--theme-text-color);
}
.node-title {
    font-family: 'Karla',sans-serif;
    font-weight: 700;
    font-size: 16px;
}
.node-title a {
    color: var(--main-color) !important;
}
.fr-toolbar {
    color: var(--main-color) !important;
	background: var(--theme-main-color-dark) !important;
}
.fr-toolbar .fr-command.fr-btn, .fr-popup .fr-command.fr-btn {
	color: var(--main-color) !important;
}
.fr-separator {
	background: var(--theme-border-light);
}
.fr-toolbar .fr-command.fr-btn.fr-dropdown::after, .fr-popup .fr-command.fr-btn.fr-dropdown::after {
	border-top-color: var(--theme-border-light) !important;
}
.fr-toolbar .fr-command.fr-btn.fr-dropdown.fr-active, .fr-popup .fr-command.fr-btn.fr-dropdown.fr-active, 
.fr-toolbar .fr-command.fr-btn.fr-dropdown.fr-active:hover, .fr-popup .fr-command.fr-btn.fr-dropdown.fr-active:hover, 
.fr-toolbar .fr-command.fr-btn.fr-dropdown.fr-active:focus, .fr-popup .fr-command.fr-btn.fr-dropdown.fr-active:focus {
    color: var(--main-color-light) !important;
    background: var(--theme-border-light) !important;
}
.fr-command.fr-btn+.fr-dropdown-menu .fr-dropdown-wrapper {
    background: var(--theme-main-color) !important;
    border-color: var(--theme-border-light) !important;
}
.fr-desktop .fr-command:hover, .fr-desktop .fr-command:focus {
    color: var(--main-color-light) !important;
    background: var(--theme-border-light) !important;
}
.fr-box.fr-basic .fr-wrapper {
    background: var(--theme-main-color-dark) !important;
}
.fr-box.fr-basic .fr-element {
    color: var(--theme-text-color) !important;
}
.fr-desktop .fr-command:hover::after, .fr-desktop .fr-command:focus::after {
    border-top-color: var(--theme-text-color) !important;
}
.message-avatar-wrapper .message-avatar-online:before {
    color: var(--main-color);
    background: var(--theme-main-color-dark) !important;
    border-color: var(--theme-main-color-dark) !important;
}
.message-cell.message-cell--user, .message-cell.message-cell--action {
    background: var(--theme-main-color-dark);
}
.shareButtons-label {
    color: var(--theme-text-color);
}
.shareButtons-button {
	color: var(--theme-border-light);
}
/* FORUM SIGNATURE */
.message-signature {
    border-color: var(--theme-border-light);
}
.message-signature {
    height: 200px;
    overflow-y: auto;
}
/* BUTTONS */
.button.button--link, a.button.button--link, .button.button--primary, a.button.button--primary, .button, a.button {
    color: var(--main-color);
    font-family: 'Karla', sans-serif;
    text-transform: uppercase;
    font-weight: 700;
	font-size: 12px;
	margin: 0 2px;
    border-radius: 2px;
    text-align: center;
    background: var(--theme-border-light);
    border: none;
    box-shadow: 2px 2px 5px rgba(0, 0, 0, 0.20);
    transition: all .25s ease-in-out;
    -moz-transition: all .25s ease-in-out;
    -webkit-transition: all .25s ease-in-out;
}
.button.button--primary:not(.button--splitTrigger):hover, a.button.button--primary:not(.button--splitTrigger):hover, 
.button.button--primary.button--splitTrigger>.button-text:hover, a.button.button--primary.button--splitTrigger>.button-text:hover, 
.button.button--primary.button--splitTrigger>.button-menu:hover, a.button.button--primary.button--splitTrigger>.button-menu:hover, .button.button--primary:not(.button--splitTrigger):focus, 
a.button.button--primary:not(.button--splitTrigger):focus, .button.button--primary.button--splitTrigger>.button-text:focus, a.button.button--primary.button--splitTrigger>.button-text:focus, 
.button.button--primary.button--splitTrigger>.button-menu:focus, a.button.button--primary.button--splitTrigger>.button-menu:focus, .button.button--primary:not(.button--splitTrigger):active, 
a.button.button--primary:not(.button--splitTrigger):active, .button.button--primary.button--splitTrigger>.button-text:active, a.button.button--primary.button--splitTrigger>.button-text:active, 
.button.button--primary.button--splitTrigger>.button-menu:active, a.button.button--primary.button--splitTrigger>.button-menu:active, .button.button--link:hover, a.button.button--link:hover, 
.button.button--link:active, a.button.button--link:active, .button.button--link:focus, a.button.button--link:focus, .button:not(.button--splitTrigger):hover, a.button:not(.button--splitTrigger):hover, 
.button.button--splitTrigger>.button-text:hover, a.button.button--splitTrigger>.button-text:hover, .button.button--splitTrigger>.button-menu:hover, a.button.button--splitTrigger>.button-menu:hover, 
.button:not(.button--splitTrigger):focus, a.button:not(.button--splitTrigger):focus, .button.button--splitTrigger>.button-text:focus, a.button.button--splitTrigger>.button-text:focus, 
.button.button--splitTrigger>.button-menu:focus, a.button.button--splitTrigger>.button-menu:focus, .button:not(.button--splitTrigger):active, a.button:not(.button--splitTrigger):active, 
.button.button--splitTrigger>.button-text:active, a.button.button--splitTrigger>.button-text:active, .button.button--splitTrigger>.button-menu:active, a.button.button--splitTrigger>.button-menu:active {
    background: rgba(255, 255, 255, 0.2);
    color: #fff;
}
/* INPUT & EXTRA  */
.input, .fr-box.fr-basic .fr-wrapper, .fr-toolbar {
	color: var(--theme-text-color) !important;
    background: var(--theme-main-color-dark) !important;
    border-color: var(--theme-border-light) !important;
}
.inputChoices>.inputChoices-choice .iconic {
	color: var(--main-color);
}
::placeholder { 
	color: var(--theme-text-color) !important;
}
option {
    background: var(--theme-main-color-dark);
}
.fr-box.fr-basic .fr-element {
	color: var(--theme-text-color);	
}
.fr-toolbar .fr-command.fr-btn, .fr-popup .fr-command.fr-btn {
    color: var(--main-color);
}
.fr-separator {
    background: var(--theme-border-light) !important;
}
.input:focus, .input.is-focused {
    background: var(--theme-border-light);
}
/* PROFILES */
.memberHeader-main {
    background: var(--theme-main-color-dark);
    border-color: var(--theme-border-light);
}
.memberHeader-separator {
    border-color: var(--theme-border-light);
}
.block--messages .message, .block--messages .block-row {
	color: var(--theme-text-color);
	background: var(--theme-main-color);
	border-color: var(--theme-border-light) !important;
}
.block--messages .message-cell:first-child {
    background: var(--theme-main-color-dark);
}
.block--messages .message-cell:last-child {
    background: var(--theme-main-color);
}
.message-userArrow {
    border-right-color: var(--theme-border-light);
}
.message-userArrow:after {
	border-right-color: var(--theme-main-color);
}
.message-cell.message-cell--user, .message-cell.message-cell--action {
    border-color: var(--theme-border-light);
}
/* TAG */
.userBanner.userBanner--staff, .userBanner.userBanner--primary {
    color: var(--main-color-light);
    background: var(--theme-border-light);
    border-color: var(--theme-border-light);
}
/* PROFILE PAGES & EXTRA */
.memberHeader-content {
    background: var(--theme-main-color-dark);
}
.block-tabHeader {
    color: #fff;
    background: var(--theme-border-light);
    border-color: var(--theme-border-light);
	padding: 20px;
}
.block-tabHeader .tabs-tab.is-active {
    color: var(--main-color-light);
    border: none;
    background: var(--theme-border-light);
}
.block-tabHeader .tabs-tab {
    border: none;
    margin: 0 3px;
}
.block-tabHeader .tabs-tab:hover {
    color: var(--main-color-light);
    background: var(--theme-border-light);
}
.blockMessage {
    color: var(--theme-text-color);
	background: var(--theme-border-light);
	border-color: var(--theme-border-light);
}
.js-memberTabPanes .block-row {
    margin: 0;
    padding: 10px 10px;
    background: var(--theme-border-light);
}
.message-footer {
    margin-top: 20px;
}
.message-responseRow {
    background: var(--theme-main-color-dark);
    border-color: var(--theme-border-light);
    padding: 6px;
}
.actionBar-set.actionBar-set--internal, .message--simple .message-actionBar .actionBar-set {
	margin: 0;
}
.message-actionBar .actionBar-set {
	margin-top: 0;
}
.message-actionBar.actionBar {
    border: 1px solid var(--theme-border-light);
    padding: 5px;
}
.actionBar-action.actionBar-action--inlineMod label {
    color: var(--main-color-dark);
}
.message-responses {
	margin-top: 0;
}
.message-content .listInline {
	background: var(--theme-border-light);
    padding: 10px;
}
.message-attribution {
	color: var(--theme-text-color);
	border-color: var(--theme-border-light);
}
.message.is-mod-selected .message-userArrow:after, .block--messages .message.is-mod-selected .message-userArrow:after {
    border-right-color: var(--theme-main-color);
}
.message.is-mod-selected .message-cell--user, .block--messages .message.is-mod-selected .message-cell--user {
    background: var(--admin-username);
}
.message.is-mod-selected, .block--messages .message.is-mod-selected {
    background: var(--admin-username);
}
/* MOD BAR */
.inlineModBar {
    color: var(--main-color);
	background: var(--theme-main-color);
}
optgroup {
	background: var(--theme-main-color);
}
/* XENPORTA */
.porta-masonry .porta-article-item .porta-article-container {
	margin: 0;
}
.porta-masonry .porta-article-item {
    width: 100%;
}
.pie_news_header {
    background: var(--theme-main-color-dark);
    display: flex;
    align-items: center;
    padding: 15px;
    position: relative;
}
.pie_news_left {
    display: flex;
    align-items: center;
}
.pie_news_header:before {
    position: absolute;
    top: 0;
    left: 0;
    content: " ";
    background: url(https://i.imgur.com/G0eRXzK.jpg);
    background-size: cover;
    width: 100%;
    height: 100%;
    opacity: 0.25;
    pointer-events: none;
}
.pie_news_title {
    padding: 0;
    margin: 0;
}
.pie_news_title a {
	color: var(--main-color);
}
.pie_left_wrap {
    margin-left: 15px;
    margin-top: -5px;
}
.pie_news_details {
    color: var(--theme-text-color);
    font-size: 13px;
}
.pie_news_date {
    width: 70px;
    margin: 10px;
    margin-left: auto;
    text-align: center;
    color: var(--main-color);
    font-family: 'Karla',sans-serif;
    text-transform: uppercase;
    font-weight: 700;
    font-size: 20px;
    background: var(--theme-border-light);
    box-shadow: 2px 2px 5px rgba(0,0,0,0.21);
    padding: 7px;
}
.message-body {
    color: var(--theme-text-color);
}
/* DISCORD */

#discord {
    position: fixed;
    display: flex;
    align-items: center;
    height: 50px;
    width: 375px;
	top: 450px;
	left: -315px;
    background-color: var(--theme-main-color);
    z-index: 99;
    border-top-right-radius: 2px;
    border-bottom-right-radius: 2px;
    border: 1px solid rgba(255,255,255,0.05);
}
#discord a {
	display: flex;
    align-items: center;
}
.dinfo {
    display: inline-block;
    color: var(--main-color);
    font-family: 'Karla',sans-serif;
    letter-spacing: 0.5px;
    margin-left: 2px;
    text-transform: uppercase;
    max-width: 313px;
    overflow: hidden;
    white-space: nowrap;
    text-overflow: ellipsis;
}
.dinfo h3 {
	font-size: 14px;
    margin: 0;
}

.dinfo h4 {
	font-size: 11px;
	text-align: right;
	margin: 0;
}

.dicon {
    display: inline-block;
    font-size: 36px;
    width: 50px;
    margin-left: auto;
    margin-right: 5px;
    color: #738adb;
    text-shadow: 0 0 4px var(--theme-main-color-dark);
    -webkit-transition: .25s all;
    -moz-transition: .25s all;
    transition: .25s all;
    text-align: center;
}

.dicon:hover {
	text-shadow: 0 0 5px;
}
/* COLOR SWITCH */

#color_switch {
	display: flex;
    align-items: center;
    position: fixed;
    height: 50px;
    width: 375px;
	top: 380px;
	left: -315px;
    background-color: var(--theme-main-color);
    z-index: 99;
    border-top-right-radius: 2px;
    border-bottom-right-radius: 2px;
    border: 1px solid rgba(255,255,255,0.05);
}
.color_selection {
    float: left;
    display: flex;
    align-items: center;
    margin-left: 20px;
}

.colors_each {
    height: 35px;
    width: 35px;
    border-radius: 50%;
    margin: 0 10px;
    vertical-align: middle;
    display: inline-block;
    border-bottom: 5px solid rgba(0,0,0,0.1);
    transition: all .2s ease-in-out;
    -moz-transition: all .2s ease-in-out;
    -webkit-transition: all .2s ease-in-out;
}
.colors_each:hover {
    transform: scale(1.25);
}
.colors_each:nth-child(1) {
	background: #efba4d;
}

.colors_each:nth-child(2) {
	background: #9068be;
}

.colors_each:nth-child(3) {
	background: #7dce94;
}

.colors_each:nth-child(4) {
	background: #7acfd6;
}

.colors_each:nth-child(5) {
	background: #cd5554;
}

.orange {
	--main-color: #efba4d;
	--main-color-dark: #a7791c;
	--main-color-light: #ffb92a;
	--admin-username: #e22d2d;
}

.purple {
	--main-color: #9068be;
	--main-color-dark: #613692;
	--main-color-light: #a864f7;
	--admin-username: #e1e8f0;
}

.green {
	--main-color: #7dce94;
	--main-color-dark: #438e59;
	--main-color-light: #58ff87;
	--admin-username: #bd8c7d;
}

.lblue {
	--main-color: #7acfd6;
	--main-color-dark: #3c8288;
	--main-color-light: #69ecf7;
	--admin-username: #e0474c;
}

.red {
	--main-color: #cd5554;
	--main-color-dark: #862726;
	--main-color-light: #ff5857;
	--admin-username: #e1e8f0;
}

.color_icon {
    display: inline-block;
    font-size: 36px;
    color: var(--main-color-light);
    margin-left: auto;
    margin-right: 12px;
    text-shadow: 0 0 4px var(--theme-main-color-dark);
}
/* iziModal */

.iziModal {
	background: transparent !important;
	border-bottom: none !important;
}

.iziModal .iziModal-header-title {
	color: var(--main-color) !important;
	font-family: 'Karla', sans-serif !important;
}

.iziModal .iziModal-header-subtitle {
	color: var(--theme-text-color) !important;
	font-family: 'Karla', sans-serif !important;
}

#modal-default .iziModal-wrap {
	background: var(--theme-main-color) !important;
}

#modal-default .iziModal-header {
	background: var(--theme-main-color-dark) !important;
}
/* USER HUB - iziModal */
.avatar.avatar--default.avatar--default--text {
    color: var(--main-color) !important;
    background: var(--theme-border-light) !important;
}
.bottom__btns,
.logged__out {
	position: relative;
	font-family: 'Karla', sans-serif;
	text-transform: uppercase;
	font-weight: 700;
}
.logged__out {
    margin-top: 20px;
}
.logged__in h1 {
	font-family: 'Karla', sans-serif;
	text-transform: uppercase;
	font-weight: 700;
	color: var(--main-color);
	margin: 20px 0px 5px 5px;
}

.lin__button,
.abtn,
.lout__button {
	text-align: center;
	padding: 11px;
	display: inline-block;
	margin: 10px 5px 5px 5px;
	font-size: 13px !important;
	color: var(--main-color);
	background: var(--theme-border-light);
	box-shadow: 2px 2px 5px rgba(0, 0, 0, 0.20);
	transition: all .25s ease-in-out;
	-moz-transition: all .25s ease-in-out;
	-webkit-transition: all .25s ease-in-out;
}

.badge, .badgeContainer:after {
    margin: 0 5px;
}

.abtn {
    background: rgba(255, 20, 20, 0.1);
}

.aaccess {
	color: #f54d4d !important;
}

.lin__button i,
.abtn i,
.lout__button i {
	color: #ffffff54;
	padding-right: 5px;
}

.lin__button:hover,
.lout__button:hover {
	background: rgba(255, 255, 255, 0.3);
}

.abtn:hover {
	background: rgba(255, 20, 20, 0.35);
}

.logged__in span.numspan {
	background: var(--theme-main-color-dark);
	float: right;
	padding: 1px;
	width: 15px;
	margin-left: 10px;
	text-align: center;
	border-radius: 5px;
}
.logout {
	color: #fff;
}
.logout i {
    color: #d03a3a !important
}
/* USER HUB - WIDGET */
#userhub, #userhub_loggedout {
    text-align: center;
}
.loginhub {
    text-decoration: none !important;
}
span.pname {
    display: block;
    margin: 15px;
    font-size: 20px;
    color: var(--main-color);
}
#userhub .avatar, #userhub_loggedout .pfp img {
	-webkit-animation: rainbow 18s infinite;
	animation: rainbow 18s infinite;
    border: 3px solid var(--theme-main-color-dark);
}
.cpanel {
    color: var(--main-color);
    font-family: 'Karla', sans-serif;
    text-transform: uppercase;
    font-weight: 700;
    font-size: 17px;
    background: var(--theme-border-light);
    margin: 15px 0;
    padding: 15px 0;
    cursor: pointer;
    z-index: 9;
    transition: all .25s ease-in-out;
	-moz-transition: all .25s ease-in-out;
	-webkit-transition: all .25s ease-in-out;
}
.cpanel:hover {
    background: var(--theme-main-color-dark);
    color: var(--theme-text-color);
}
@keyframes rainbow {
	from, to { box-shadow: 0 0 15px 0 #efba4d }
	24% { box-shadow: 0 0 15px 0  #9068be }
	40% { box-shadow: 0 0 15px 0  #7dce94 }
	56% { box-shadow: 0 0 15px 0  #7acfd6 }
	72% { box-shadow: 0 0 15px 0  #cd5554 }
}
@-webkit-keyframes rainbow {
	from, to { box-shadow: 0 0 15px 0 #efba4d }
	24% { box-shadow: 0 0 15px 0  #9068be }
	40% { box-shadow: 0 0 15px 0  #7dce94 }
	56% { box-shadow: 0 0 15px 0  #7acfd6 }
	72% { box-shadow: 0 0 15px 0  #cd5554 }
}

/* AVATARS */
.avatar.avatar--s, .contentRow-figure .avatar {
    border-radius: 0;
}
.avatar.avatar--separated {
    border: 1px solid var(--theme-border-light);
}
/* FOOTER */
footer {
    width: 100%;
    background: var(--theme-main-color-dark);
    font-family: 'Karla',sans-serif;
    font-weight: 700;
}

#footer_info {
    background: var(--theme-main-color);
    text-transform: uppercase;
}

footer .inner_fx {
    width: 100%;
    max-width: 1300px;
    margin: 0 auto;
    display: flex;
    height: 60px;
    align-items: center;
}

#ft_servern {
	font-size: 30px;
	color: var(--main-color);
}
.pie_style_changer {
    display: inline-block;
}
.pie_style_changer ul {
    margin: 0;
    padding: 0 30px;
}
.pie_style_changer ul li {
    list-style: none;
}
.pie_style_changer ul li a {
    list-style: none;
    font-size: 12px;
    background: var(--theme-border-light);
    padding: 8px;
    color: var(--main-color-light);
}
#ft_server {
    margin-left: auto;
}

#ft_ip {
	color: var(--main-color);
	font-size: 26px;
	font-weight: 700;
	-webkit-transition: 0.25s all;
	-moz-transition: 0.25s all;
	transition: 0.25s all;
}

#ft_ip:hover {
	color: #5673bb;
}

#ft_players {
	color: #5673bb;
	font-size: 13px;
}

footer .inner__footer {
    max-width: 1300px;
    margin: 0 auto;
    height: 240px;
}

footer .inner__ft {
    width: 100%;
    max-width: 1300px;
    margin: 0 auto;
    border-top: 1px solid var(--theme-border-light);
    display: flex;
    height: 60px;
    align-items: center;
}

.pie_extra_copyright {
    padding: 10px 0;
    font-size: 11px;
}

footer .ft__row {
	display: inline-block;
	float: left;
	width: 31.3%;
	height: 220px;
	margin-top: 20px;
	margin-right: 20px;
}
footer .ft__row .row__inner img {
	width: 350px;
	opacity: 0.2;
	-webkit-filter: grayscale(70%);
	filter: grayscale(70%);
}

footer .ft__row .row__inner .about_us {
	color: var(--theme-text-color);
	text-transform: lowercase;
	font-size: 13px;
}

footer .ft__row .row__inner .about_us b {
	color: var(--main-color);
}

footer .ft__row .row__inner h1 {
    margin: 0;
    color: var(--main-color);
    font-size: 25px;
    padding: 5px;
    font-weight: bold;
    background: var(--theme-main-color);
    text-align: center;
    text-transform: uppercase;
}

footer .ft__row .sitemap {
	margin-top: 10px;
	text-align: center;
}
footer .ft__row .sitemap ul {
	margin: 0;
    list-style: none;
    padding: 0;
}
footer .ft__row .sitemap li {
	-webkit-transition: 0.25s all;
	-moz-transition: 0.25s all;
	transition: 0.25s all;
}

footer .ft__row .sitemap li:hover {
	background: var(--theme-main-dark);
}

footer .ft__row .sitemap li a {
	color: #5673bb;
	display: block;
	text-decoration: none;
	font-size: 15px;
	padding: 4px;
}

footer .ft__row .sitemap li a:hover {
	color: var(--main-color);
}
.ft__copyright {
    text-transform: uppercase;
}
.copyright {
	color: var(--main-color);
}

.ft__copyright a {
    margin-left: auto;
}
.themecop {
    height: 50px;
}

.themecop img {
	width: 50px;
	-webkit-filter: grayscale(1);
	-webkit-transition: 0.25s all;
	-moz-transition: 0.25s all;
	transition: 0.25s all;
}

.themecop img:hover {
	-webkit-filter: grayscale(0);
}

/* RESPONSIVE hm? */
@media (max-width: 988px) {
	footer .ft__row {
		display: block;
		width: 100%;
		padding: 20px;
	}
	.ft__row:nth-child(1) {
		text-align: center;
    }
    .pie_extra_copyright {
        display: none;
    }
}
@media (max-width: 850px) {
	.p-nav-list .p-navEl, #logo {
		display: none;
	}
	a.navres {
		display: block
	}
	#inf__boxes {
		margin: 30px auto;
	}
	.p-body-sidebar {
		width: auto;
	}
}
@media (max-width: 650px) {
	.has-js .p-header {
		display: block;
	}
	#server_bar .ipid, #ft_server {
		display: none;
	}
	#discord, #color_switch, .scroll__top {
		display: none !important;
	}

}
@media (max-width: 500px) {
	.pie_news_date, .pie_avatar {
		display: none;
	}
	.copyright {
		font-size: 11px;
	}

}]]></template>
  </templates>
  <properties/>
</style>
