<?xml version="1.0" encoding="utf-8"?>
<navigation>
  <navigation_entry navigation_id="EWRporta" display_order="100" navigation_type_id="basic" enabled="1"><![CDATA[{"link":"{{ link('ewr-porta') }}","display_condition":"$xf.options.EWRporta_navtab","extra_attributes":[]}]]></navigation_entry>
  <navigation_entry navigation_id="EWRporta_authors" parent_navigation_id="EWRporta" display_order="9" navigation_type_id="basic" enabled="1"><![CDATA[{"link":"{{ link('ewr-porta\/authors') }}","display_condition":"","extra_attributes":[]}]]></navigation_entry>
  <navigation_entry navigation_id="EWRporta_latest" parent_navigation_id="EWRporta" display_order="3" navigation_type_id="basic" enabled="1"><![CDATA[{"link":"{{ link('whats-new\/latest-activity') }}","display_condition":"$xf.options.enableNewsFeed","extra_attributes":{"rel":"nofollow"}}]]></navigation_entry>
  <navigation_entry navigation_id="EWRporta_newsfeed" parent_navigation_id="EWRporta" display_order="2" navigation_type_id="basic" enabled="1"><![CDATA[{"link":"{{ link('whats-new\/news-feed') }}","display_condition":"$xf.options.enableNewsFeed AND $xf.visitor.user_id","extra_attributes":{"rel":"nofollow"}}]]></navigation_entry>
  <navigation_entry navigation_id="EWRporta_whatsnaw" parent_navigation_id="EWRporta" display_order="1" navigation_type_id="basic" enabled="1"><![CDATA[{"link":"{{ link('whats-new') }}","display_condition":"","extra_attributes":[]}]]></navigation_entry>
</navigation>
