<?xml version="1.0" encoding="utf-8"?>
<template_modifications>
  <modification type="public" template="PAGE_CONTAINER" modification_key="EWRporta_PAGE_CONTAINER_copyright" description="{{ phrase('extra_copyright') }}" execution_order="10" enabled="1" action="str_replace">
    <find><![CDATA[{{ phrase('extra_copyright') }}]]></find>
    <replace><![CDATA[$0
<div class="porta-copyright">
	<a href="https://xenforo.com/community/resources/6023/"
		target="_blank">XenPorta 2 PRO</a> &copy; Jason Axelrod of
	<a href="https://8wayrun.com/" target="_blank">8WAYRUN</a>
</div>]]></replace>
  </modification>
  <modification type="public" template="forum_list" modification_key="EWRporta_forum_list_widgets" description="adds split widgets around the forum list" execution_order="10" enabled="1" action="str_replace">
    <find><![CDATA[<xf:widgetpos id="forum_list_above_nodes" />
<xf:macro name="node_list" arg-children="{$nodeTree}" arg-extras="{$nodeExtras}" />
<xf:widgetpos id="forum_list_below_nodes" />]]></find>
    <replace><![CDATA[<xf:css src="EWRporta.less" />
<div class="porta-forumlist-above-split porta-widgets-split">
	<xf:widgetpos id="ewr_porta_forumlist_above_split" />
</div>
$0
<div class="porta-forumlist-below-split porta-widgets-split">
	<xf:widgetpos id="ewr_porta_forumlist_below_split" />
</div>]]></replace>
  </modification>
  <modification type="public" template="forum_post_thread" modification_key="EWRporta_post_thread_options" description="adds promotion option to thread create" execution_order="10" enabled="1" action="str_replace">
    <find><![CDATA[<xf:macro template="helper_thread_options" name="thread_status" arg-thread="{$thread}" />]]></find>
    <replace><![CDATA[$0
<xf:macro template="EWRporta_helper_thread_options"
	name="thread_promote" arg-thread="{$thread}" />]]></replace>
  </modification>
  <modification type="public" template="post" modification_key="EWRporta_post_article_comments" description="changes deleted reply to simple comment" execution_order="10" enabled="1" action="str_replace">
    <find><![CDATA[<xf:macro template="post_macros" name="post" arg-post="{$post}" arg-thread="{$thread}" />]]></find>
    <replace><![CDATA[<xf:if is="$articlePost">
	<xf:macro template="EWRporta_article_macros" name="article_post"
		arg-post="{$post}" arg-thread="{$thread}" />
<xf:elseif is="$articleComment" />
	<xf:macro template="EWRporta_article_macros" name="article_comment"
		arg-post="{$post}" arg-thread="{$thread}" />
<xf:else/>
$0
</xf:if>]]></replace>
  </modification>
  <modification type="public" template="post_edit_new_post" modification_key="EWRporta_post_edit_new_post_article_comments" description="changes edited reply to simple comment" execution_order="10" enabled="1" action="str_replace">
    <find><![CDATA[<xf:macro template="post_macros" name="post" arg-post="{$post}" arg-thread="{$thread}" />]]></find>
    <replace><![CDATA[<xf:if is="$articlePost">
	<xf:macro template="EWRporta_article_macros" name="article_post"
		arg-post="{$post}" arg-thread="{$thread}" />
<xf:elseif is="$articleComment" />
	<xf:macro template="EWRporta_article_macros" name="article_comment"
		arg-post="{$post}" arg-thread="{$thread}" />
<xf:else/>
$0
</xf:if>]]></replace>
  </modification>
  <modification type="public" template="thread_new_posts" modification_key="EWRporta_thread_new_posts_article_comments" description="changes quick reply to simple comment" execution_order="10" enabled="1" action="str_replace">
    <find><![CDATA[<xf:foreach loop="$posts" value="$post">
	<xf:macro template="post_macros" name="post" arg-post="{$post}" arg-thread="{$thread}" />
</xf:foreach>]]></find>
    <replace><![CDATA[<xf:if is="$articleComment">
	<xf:foreach loop="$posts" value="$post">
		<xf:macro template="EWRporta_article_macros" name="article_comment"
			arg-post="{$post}" arg-thread="{$thread}" />
	</xf:foreach>
<xf:else/>
$0
</xf:if>]]></replace>
  </modification>
  <modification type="public" template="thread_view" modification_key="EWRporta_thread_view_tools" description="adds promotion links to tools menu" execution_order="10" enabled="1" action="str_replace">
    <find><![CDATA[<!--[XF:thread_tools_menu:before_footer]-->]]></find>
    <replace><![CDATA[$0

<xf:if contentcheck="true">
	<div class="menu-separator"></div>
	
	<xf:contentcheck>
		<xf:if is="$xf.visitor.hasPermission('EWRporta', 'submitArticles')">
			<a href="{{ link('threads/article-edit', $thread) }}"
					class="menu-linkRow">
				<xf:if is="{$article} AND {$article.canEdit()}">
					{{ phrase('EWRporta_edit_article_promotion') }}
				<xf:else />
					{{ phrase('EWRporta_promote_to_article') }}
				</xf:if>
			</a>
		</xf:if>
		
		<xf:if is="$xf.visitor.hasPermission('EWRporta', 'submitFeatures')">
			<a href="{{ link('threads/feature-edit', $thread) }}"
					class="menu-linkRow">
				<xf:if is="{$feature}">
					{{ phrase('EWRporta_edit_feature_promotion') }}
				<xf:else />
					{{ phrase('EWRporta_promote_to_feature') }}
				</xf:if>
			</a>
		</xf:if>
	</xf:contentcheck>
</xf:if>]]></replace>
  </modification>
  <modification type="public" template="thread_view" modification_key="EWRporta_thread_view_article_post" description="adds first post above replies" execution_order="1" enabled="1" action="str_replace">
    <find><![CDATA[<div class="block block--messages" data-xf-init="{{ $canInlineMod ? 'inline-mod' : '' }}" data-type="post" data-href="{{ link('inline-mod') }}">]]></find>
    <replace><![CDATA[<xf:if is="$articlePost is not empty">
	<xf:include template="EWRporta_article_view" />
</xf:if>

$0
]]></replace>
  </modification>
  <modification type="public" template="thread_view" modification_key="EWRporta_thread_view_article_comments" description="changes replies to simple comments" execution_order="10" enabled="1" action="str_replace">
    <find><![CDATA[			<xf:foreach loop="$posts" value="$post">
				<xf:if is="$post.message_state == 'deleted'">
					<xf:macro template="post_macros" name="post_deleted"
						arg-post="{$post}"
						arg-thread="{$thread}" />
				<xf:else />
					<xf:macro template="post_macros" name="post"
						arg-post="{$post}"
						arg-thread="{$thread}" />
				</xf:if>
			</xf:foreach>]]></find>
    <replace><![CDATA[<xf:if is="$articlePost is not empty AND $xf.options.EWRporta_article_format.comments">
	<xf:foreach loop="$posts" value="$post">
		<xf:if is="$post.message_state == 'deleted'">
			<xf:macro template="EWRporta_article_macros" name="article_comment_deleted"
				arg-post="{$post}" arg-thread="{$thread}" />
		<xf:else />
			<xf:macro template="EWRporta_article_macros" name="article_comment"
				arg-post="{$post}" arg-thread="{$thread}" />
		</xf:if>
	</xf:foreach>
<xf:else />
$0
</xf:if>]]></replace>
  </modification>
  <modification type="public" template="thread_view" modification_key="EWRporta_thread_view_comment_head" description="adds comments header above replies" execution_order="99" enabled="1" action="str_replace">
    <find><![CDATA[<div class="block block--messages" data-xf-init="{{ $canInlineMod ? 'inline-mod' : '' }}" data-type="post" data-href="{{ link('inline-mod') }}">]]></find>
    <replace><![CDATA[<xf:if is="$articlePost is not empty">
	<xf:macro template="EWRporta_article_macros" name="comment_head"
		arg-thread="{$thread}" />
</xf:if>

$0
]]></replace>
  </modification>
</template_modifications>
