{
    "js/siropu/chat/core.min.js": "85a2b8f0753dcb2d87726fc1a509fffb72e84f62b2bb649e7f0fc6d42795b9d4",
    "js/siropu/chat/disabled.min.js": "99603dc68ed6065947bcefdba6e2260f3e00142fbdcbc7badfbd23cd4d69e03c",
    "js/siropu/chat/message.min.js": "e1d55e9ec30754244e9b9cfbc19efb41592c6f63c4f44e39064a798acb00d591",
    "js/siropu/chat/room.min.js": "6cbb91dd8a06be5e4a2012339c21f95f78223c628637a93eedefa2093afd75da",
    "js/siropu/chat/widget.min.js": "adc1fd81029e610050c8ef3ef4f276c5062f30af01dd460041116e120f6d8dce",
    "src/addons/Siropu/Chat/addon.json": "301a684c93ea00fe4f7f644701e7e6b978ba53d953a35da8104a434e7f14bc3a",
    "src/addons/Siropu/Chat/Admin/Controller/BotMessage.php": "8fe40b27887ee465a2076f71aa94bd03c54dc39664c6634485593aca88227775",
    "src/addons/Siropu/Chat/Admin/Controller/BotResponse.php": "9b4cb494cb4c5d08a2e18aeea7a6fd55ed13f89715b7a3bb31b498a353110293",
    "src/addons/Siropu/Chat/Admin/Controller/Chat.php": "8db65922857ea5082b32ec80ce36746020d2744ec8177facbfb47dbb74c74a6d",
    "src/addons/Siropu/Chat/Admin/Controller/Command.php": "9ea28bfa8cab49864612ee5f071eed3a0d1fc0f59d6995ad906195f87d3cd5ba",
    "src/addons/Siropu/Chat/Alert/Conversation.php": "f22d098b179067dff8b8ca4dc305f33c0e03ab16ca1007f274a1ceac27d74671",
    "src/addons/Siropu/Chat/Alert/ConversationMessage.php": "43545aee04fe56fabefa2263ec61cc0902f2021d3e06386981d51e655dd55f98",
    "src/addons/Siropu/Chat/Alert/Room.php": "2e498bc001ce0043c1f190f2b85e6ff7b37136eb6bb77bd6194f4584d210b09e",
    "src/addons/Siropu/Chat/Alert/RoomMessage.php": "cc25f4ef6413317a890e0f1875e2396f11012d72b0487640b70ef70c06a060c8",
    "src/addons/Siropu/Chat/Alert/Sanction.php": "c84f0f85f3bf6069336ae614c4bd72595bbbfedc5feba03a0c15cd228ebff3c9",
    "src/addons/Siropu/Chat/Alert/User.php": "16b699ea39268d91732779d7541e4a25387b5cea68ac4dddec2544a0e366aef5",
    "src/addons/Siropu/Chat/Attachment/User.php": "9950cfef5f18e3fc2f600f348443dea548a48348ed345e8ba16a67a226cd9f79",
    "src/addons/Siropu/Chat/Command/Ban.php": "44ebc2143261e650708acf146bfddf0d81696e359fb2392f60ce9ae0c901035a",
    "src/addons/Siropu/Chat/Command/Export.php": "231ea20255883ebd33017fbed42bd298e167bc80bc969ff8d6ac1f01789b7e12",
    "src/addons/Siropu/Chat/Command/Find.php": "aa9ca2ef8b8e6fcbfebf727095926bf4a7935481152b3accac2bd5396e3e70c5",
    "src/addons/Siropu/Chat/Command/Giphy.php": "0fd9f6d7dc9f2e6539fc0321703b8b9764de2f659ae7fb44f79d086c583f0da5",
    "src/addons/Siropu/Chat/Command/Help.php": "11015d0323e3e916464f190033c9814631e77ebe8753ff9fb9b868525cc781d2",
    "src/addons/Siropu/Chat/Command/Idle.php": "4d50fbde687fa7fdf8f6a2103fed73ac77038eaf1294ba944b82bc8670520163",
    "src/addons/Siropu/Chat/Command/Invite.php": "7f8983f2ea7238aaf30f505066173d3b34a7bf877f48996a4b3fab07c823371c",
    "src/addons/Siropu/Chat/Command/Join.php": "3a7ed46dcda3f14033e51abb44ee8fe61c94f46d49ae77a981b5146061435552",
    "src/addons/Siropu/Chat/Command/Kick.php": "8550cf052cdd4fe9c8915474675e50af6475644f0b70e3856a36fa0fad983a43",
    "src/addons/Siropu/Chat/Command/Leave.php": "a1cb4cab83158c86263a83b2352d2be7f15bc5c1b01fd77209cdee0394000bc0",
    "src/addons/Siropu/Chat/Command/Logout.php": "7baeb56970cec06be11b1b986359bf560bea24f1e5c86b577e05b3e8c607876f",
    "src/addons/Siropu/Chat/Command/Me.php": "8eeb8f6f22f2f67cbb2207e2d1db98f57acdc93f9a6436d58f55fad861064b69",
    "src/addons/Siropu/Chat/Command/Msg.php": "f6168af5b7c75cf621e8f50246f09da0a28f0426818e8d04d7db418fa81c396f",
    "src/addons/Siropu/Chat/Command/Mute.php": "92457164a03e7450c6f1cf78df964dc55563269fb6dc9b8eca0629600e54ff41",
    "src/addons/Siropu/Chat/Command/My.php": "e2d373a5b86bb5f6762fd5f25c73a72e4108bf641531d0e3649be156e4aeb38e",
    "src/addons/Siropu/Chat/Command/Nick.php": "dbc32782088f48f295189985a82292beb1227fcf640250d099e81d4f5c0755b4",
    "src/addons/Siropu/Chat/Command/Prune.php": "59c09e164116e0e517f354bd2c6887400d699aca010a75e0806227ccbc442d71",
    "src/addons/Siropu/Chat/Command/Roll.php": "7bb9c218c64cdef1d77d75b48512ce772e5eda677a1540ad3ea8b2a7ec18e048",
    "src/addons/Siropu/Chat/Command/Status.php": "7529f3105d3053df5f193d919adceea088737eb51fca1a993725191f0d0cd525",
    "src/addons/Siropu/Chat/Command/Unban.php": "70399da998d7ad0003eba0f51d10fe05485e04e41588927c8b37ea6d69f45b19",
    "src/addons/Siropu/Chat/Command/Unkick.php": "1c056121314d001d3fcb6249f0d419f7b3f4e53f9330dcc5334abd1be7b000c0",
    "src/addons/Siropu/Chat/Command/Unmute.php": "79e2eee3664a6fb6239c4f5441a26110d262cfd7df51af2099f9e988c94232e2",
    "src/addons/Siropu/Chat/Command/Whisper.php": "93c570c705b82ccf80681ad2ac9305d2046ebc78ba096ddc80b0cd0a4ede959f",
    "src/addons/Siropu/Chat/ControllerPlugin/Chat.php": "e4cc7c4d79171181010fb0784f276697bf3ab539e0f85e8fbc675d120dc863bd",
    "src/addons/Siropu/Chat/ControllerPlugin/Room.php": "4c0106ec28d52b86ca0f47efd828b41a2b88c0f908a6b01e1b5cfff95d1387d9",
    "src/addons/Siropu/Chat/ControllerPlugin/Update.php": "f18ee2c372f09a331f88f26105a0851144b1184d1328f8521fe8c619d4fc7edd",
    "src/addons/Siropu/Chat/Criteria/Device.php": "dd28e651f85bd6e09e95e4c7fc52f67dfe576cb5bd3ed4d0fe08610da2761f76",
    "src/addons/Siropu/Chat/Criteria/Time.php": "8e593eeac93cac531954d3748dec1b0e2535639a1151959732dc8dbad8a403de",
    "src/addons/Siropu/Chat/Cron/Bot.php": "0748756e3c11dc9c70a809c3133debc23c78f4e56af81cae19018c51aa29ef5e",
    "src/addons/Siropu/Chat/Cron/Message.php": "2ea4d9c9960717e881c73f2b39dbd1edba689d710e7e9fa8ce5b7919ec05e9c7",
    "src/addons/Siropu/Chat/Cron/Room.php": "318c0de86bb6c774d1b329d36f4025a61906c56661fc84eb7fcca09a82e9f62f",
    "src/addons/Siropu/Chat/Cron/Sanction.php": "a7bdd5a56b7375cbb06357f79b64aca7cca18f5777718f873c71d55f2a5720da",
    "src/addons/Siropu/Chat/Data.php": "481537f2e9c0dedcdfc789442297fc85e200507e4c0ce9255155a12b2e627a18",
    "src/addons/Siropu/Chat/EditHistory/Message.php": "bee21745516749be7b3202e1f055eed6c9be5dd997ac78df931cdecd2c92d932",
    "src/addons/Siropu/Chat/Entity/BotMessage.php": "4618ddb13487adbcf8651bf756d47237355f8f31c4598eeb1f61fe88f84de0cf",
    "src/addons/Siropu/Chat/Entity/BotResponse.php": "53bf7d19c2bb80b3735f2588430c156c33e95592aa0ee511bb20c94f73f828f3",
    "src/addons/Siropu/Chat/Entity/Command.php": "022da1c478e2489e4cd64afeb513215013e9bf6cb1149a93a15035d8d55e05c8",
    "src/addons/Siropu/Chat/Entity/Conversation.php": "89d59424bc38b696f8a2d17a5d2a02e5138dfe71dea7cf61be2535d9814d8431",
    "src/addons/Siropu/Chat/Entity/ConversationMessage.php": "8f78db38a66403e87c336956a5591f82d795370aa319d987c99d781c79de4434",
    "src/addons/Siropu/Chat/Entity/Message.php": "1422cc475478ef9499f8646969b414208689de33e0742b91163b0f0a9934d3ac",
    "src/addons/Siropu/Chat/Entity/Room.php": "0af6e2d1d2813fcf7b3a6f556fe32e1c326be2655b72c2af905602a40abaded7",
    "src/addons/Siropu/Chat/Entity/Sanction.php": "ea70a026b03cf1f7a557cf3e6839ca9075440ab2515d209105dc49fea43cff8a",
    "src/addons/Siropu/Chat/Entity/UserCommand.php": "0a1883da5dbcf36ef6f9b3618c1dcdbfa905833e898dc52e07859241ca1dadf0",
    "src/addons/Siropu/Chat/Finder/BotMessage.php": "4a9e699376f686f2ad4cd611b864709adfdfd87a69d35e8b6986af5158c08446",
    "src/addons/Siropu/Chat/Finder/BotResponse.php": "471fe8a38c63d6a0d6b858a68afbcbc28ef619c4275a9ed7a62707130d7707a3",
    "src/addons/Siropu/Chat/Finder/Command.php": "c6a142c1e74cd5f6b938f3d2f55da6211565f8045ee48396b44ac659938e9ee0",
    "src/addons/Siropu/Chat/Finder/Conversation.php": "58c344fc9ebebba761faeef9ddb3118a388b05644931ddcd7fe1d99597cfd343",
    "src/addons/Siropu/Chat/Finder/ConversationMessage.php": "2674d8522372f7e735b4eceee6faabd4bd055c41a40d32d1c55378b9982b80bd",
    "src/addons/Siropu/Chat/Finder/Message.php": "031962d5907ddfd8af22cfbe0d6696d76b1418097777e66496be1bd42ff1e44f",
    "src/addons/Siropu/Chat/Finder/Room.php": "a38908bc7ace86a60e6dd9725245f6d344d878e9601ea09193504a374bd4e995",
    "src/addons/Siropu/Chat/Finder/Sanction.php": "c3cfe4ab925b81a061acf6c0adf2345cf735a40c450d04db6b71e493f88ab484",
    "src/addons/Siropu/Chat/Job/Reaction.php": "0aafdf6e330e5775a5350bca3c716d534d62d16acd6966416b18f45bb09717f3",
    "src/addons/Siropu/Chat/Listener.php": "2dd6b12562c3b136c06cacfb13a4de6ef8b606f9891e1318aae68c8c06b64719",
    "src/addons/Siropu/Chat/Navigation/Tab.php": "3fe4f3ede7e288cfdcceaa70ed83562410fdb6dd39e5d6038eadd19a6308d012",
    "src/addons/Siropu/Chat/Option/AdNotice.php": "44449865f220cf4eed1984ee518a0459002a5bf9eeef9131eec631733ab6e01e",
    "src/addons/Siropu/Chat/Option/BbCode.php": "248eed712cc54f16192d9916893ed1fd8d0292f3a094b606670cede1b5f88eaf",
    "src/addons/Siropu/Chat/Option/Room.php": "38ce6f1f2e9b9f21c4b141056cf6908aa6596881d3c41a0e76c40a591d83e1fd",
    "src/addons/Siropu/Chat/Option/UserGroup.php": "9234f601257e2983c0ff3d79ef722dc1b37b4425ebc52a1f45c241b0b43647cb",
    "src/addons/Siropu/Chat/Pub/Controller/AbstractController.php": "71dd300a47f4f22e797aed12ba4070f334c2b25acfd30ac0a5e40c8c7bc8c9ea",
    "src/addons/Siropu/Chat/Pub/Controller/Archive.php": "271110cca6a0bfe639e3625aada200b040a457aa054783b1af2c814bf934b94a",
    "src/addons/Siropu/Chat/Pub/Controller/Chat.php": "0fc587a46ee21c44c10fbd332b38f95c7a39c9897d7e8be652859be8b661c3b0",
    "src/addons/Siropu/Chat/Pub/Controller/Conversation.php": "e88621820daf1647ca85ab80b13f34c077f54c5937deac6746fad48ec88ff00e",
    "src/addons/Siropu/Chat/Pub/Controller/Message.php": "f393b48cd26f5dbbe4764f3cef8d727e1036310009a7c8d95fa9c38209c082f2",
    "src/addons/Siropu/Chat/Pub/Controller/Room.php": "dfc4d3120751ba49ace5961f5ec600cde0d8c44f68c451267987097368770e97",
    "src/addons/Siropu/Chat/Pub/Controller/Sanction.php": "7518259f0b4a2e019b0c50dd6dd8431c572a0dce4f75979ef68e493c891418f7",
    "src/addons/Siropu/Chat/Pub/Controller/Top.php": "1705a6dcca97eb3fc60481e6a0f9fd1c1d40632e8db15ee2ed7dcd5ee83fedda",
    "src/addons/Siropu/Chat/Pub/Controller/User.php": "94357adbf3a5bae264ad5847693d0da0b5c7f46da206c18c16eb66da4ec1c1dc",
    "src/addons/Siropu/Chat/Pub/View/Chat.php": "24349bc39942ad719f25339f28783003879ca86f23b16e421b5f2823e962e5c6",
    "src/addons/Siropu/Chat/Pub/View/Conversation/Leave.php": "9218ceb908641bbaeed68cfb47f451076ce367e6d58e31988afa55b09fab4348",
    "src/addons/Siropu/Chat/Pub/View/Conversation/LoadMessages.php": "595fa8ae988b5e90ff0620561e7feedfe75c798a178fd925561648bb3a11a932",
    "src/addons/Siropu/Chat/Pub/View/Conversation/Start.php": "dd2161c441935bdbbc04f052a10a5a93d3408b3f6f6d1c44ec0597b413683686",
    "src/addons/Siropu/Chat/Pub/View/Message/Find.php": "f760748a4b82e2e6c97e43d8c9d45d3fe18ea3f38064ace224adafd5102dec4d",
    "src/addons/Siropu/Chat/Pub/View/Notice/Edit.php": "2ec5a32ddd01020c410a21599c4419e040e0a3b47c92804c740e403512363cc3",
    "src/addons/Siropu/Chat/Pub/View/Room/Find.php": "ed317b6548173e3ec9ca9f32e951749425c2a883b751cb2f55206b59a8a3fb08",
    "src/addons/Siropu/Chat/Pub/View/Room/Rss.php": "0e0a66a6541caa8da7960ca70a8bf324af3a4985c19969b66f2e7e9c49c7e79c",
    "src/addons/Siropu/Chat/Reaction/ConversationMessage.php": "07f9dde6de4d0bff39b416a6b39aac3d98ede298a7155e645dce0599966f4913",
    "src/addons/Siropu/Chat/Reaction/RoomMessage.php": "0029722e6b684e460499bee80fc2fc233991e8262051875ce7d94bfa13c9e34d",
    "src/addons/Siropu/Chat/Report/ConversationMessage.php": "1b623893c0a2a9e1ee47c0f114a7683bd2543d6e071389c33d5302ba4c82616b",
    "src/addons/Siropu/Chat/Report/Message.php": "64eb4487a7d6dd5d88764082bfffa827fab9393d0973385e0f499eb79c870598",
    "src/addons/Siropu/Chat/Repository/BotMessage.php": "eae6c6e2ee9d17ae974dda2cfb7505b3f33ebbdcb59b6a13454b232ab2d86356",
    "src/addons/Siropu/Chat/Repository/BotResponse.php": "d76c9b5546aa540dbe662117dda6903ad0082d834bcfafe9400e516a28f0d18b",
    "src/addons/Siropu/Chat/Repository/Command.php": "745d26f8f150ceff69403bced364d77fc1eb33193d9cf32d79b330f380483877",
    "src/addons/Siropu/Chat/Repository/Conversation.php": "3c3a20948a0e008992333ae3fd1ce9c7a2f738a6ed1ee238a4d35438eaaef655",
    "src/addons/Siropu/Chat/Repository/ConversationMessage.php": "f0c06bc7a45fecadd88125c00eef3b0df822dd19266c779099e1ebb8c81cc65c",
    "src/addons/Siropu/Chat/Repository/Leave.php": "2d5304e172af459ae3e5d28aacb77b7f2b1789209e376efd1a84c017278b2596",
    "src/addons/Siropu/Chat/Repository/Message.php": "785461206e994aa72c4080457cd86e1dad5a4c25ad9c467b22a78249ddadacd5",
    "src/addons/Siropu/Chat/Repository/Room.php": "80b7f786375301365e11d8077e2e9823cf8aaff6dea50756836a5adcb8dee038",
    "src/addons/Siropu/Chat/Repository/Sanction.php": "593f2c876bd8b96b250cb283e9858f16b70f038c52369f95df439dbbd72c1feb",
    "src/addons/Siropu/Chat/Repository/User.php": "e6262a5a4902a2f94044b6c561057a16b69cb2e6322bd751821caed467559979",
    "src/addons/Siropu/Chat/Repository/UserAlert.php": "c91d0e6a2eb7aa47cc7b98d036e965b2f40c86fc3dba0654e9ccb806e8ac7984",
    "src/addons/Siropu/Chat/Repository/UserCommand.php": "6f8195414f027158f4d3a9b2063431b998583383820b94f33e98fbd8de7f3838",
    "src/addons/Siropu/Chat/Service/AbstractActionLogger.php": "6db49df7d76df17848c31000279bef7d33fcca35ce686d42572b362c6a564a89",
    "src/addons/Siropu/Chat/Service/Conversation/ActionLogger.php": "e52d1dc790c0483aea12ae0716c07f4a7f51e00419835f0d5077aa075b9cc609",
    "src/addons/Siropu/Chat/Service/Conversation/Manager.php": "5cdbaf91318718048eccab85f94cd4413b5b82f819cb307fe812c73205624437",
    "src/addons/Siropu/Chat/Service/Conversation/Preparer.php": "06e5a18bce7a049a59ac7be7ed4be56ee136d0c8867d00f2d33a6fbbaffe8dba",
    "src/addons/Siropu/Chat/Service/Guest/Manager.php": "32c3d08fdbec8e9f78df345888bb0e92569baa0ec83e6532b0704b55b1a121ef",
    "src/addons/Siropu/Chat/Service/Message/Creator.php": "c81135c1f00b8a0eb9baf4c2b2fca25cea89d148278f9b43174a78c8266625ef",
    "src/addons/Siropu/Chat/Service/Message/Preparer.php": "6e722546f1049cde2fcbdc80fa12379d597e46e0c04c84cd159e40103fa9c934",
    "src/addons/Siropu/Chat/Service/Message/Sorter.php": "98bc9e9d77e1f1709da508486ec78d79e5f9c4f22c212c2d332e641b3a58cb3d",
    "src/addons/Siropu/Chat/Service/Room/ActionLogger.php": "f87ed3b1c976ea828df8dbe3471c3d02a86eb83f520c47b244b3e3eba363834c",
    "src/addons/Siropu/Chat/Service/Room/Notifier.php": "42ea8417082dbb216e525cffa1979913df061b9d36c9a3e1cf33051715366644",
    "src/addons/Siropu/Chat/Service/Sanction/Manager.php": "c940a44e9845e8dc493a34c688081959af0f24c8fa580fb1395255b710b4b529",
    "src/addons/Siropu/Chat/Setup.php": "a726ccdd2cd01c177d25fabd52ec35bd00f362131c34c1de27b88c9423a72c40",
    "src/addons/Siropu/Chat/Util/Arr.php": "24ed762bd247dffe11188fcd8acd7daf7846c45014f8a8b5c2bcf16e6f12b911",
    "src/addons/Siropu/Chat/Util/Cookie.php": "b36a8253606cac73ca92f20a276187dc347f4193a6b076681b4237fc2541ab08",
    "src/addons/Siropu/Chat/Vendor/MobileDetect/Mobile_Detect.php": "fbbc2fe1367d87780950b5434168f246b44fe40de87a0f93c6ac2362200619c6",
    "src/addons/Siropu/Chat/Widget/Chat.php": "a46821ff7b7bad39095b0b855967588aa0faafaf5a64863db4ea861ac0f81cb7",
    "src/addons/Siropu/Chat/Widget/Rooms.php": "fccaba579deda66391a6eade5d2c26521bc036889c563b4ffdaa9b62d9c2f109",
    "src/addons/Siropu/Chat/Widget/TopChatters.php": "c1300860310ab27cca0b81f62093f60622d40e43e5409f41228d7beb52a3a7f7",
    "src/addons/Siropu/Chat/Widget/Users.php": "71cee28418fc60fc2e6138de04d946f81fcccc14bc5dd22fe70f81d3457363cd",
    "src/addons/Siropu/Chat/XF/Entity/User.php": "cb3961bab002e20685212665ad05332ef1808a6daee97ace035aeca8bcc54283",
    "src/addons/Siropu/Chat/XF/Pub/Controller/Login.php": "e586fb562e7177cc709f3e6c843666ccae29821f4fcda302aef6db1da9539774",
    "src/addons/Siropu/Chat/XF/Pub/Controller/Logout.php": "9b5e01ecb03d7eec56d9e9369864fe70d3dec74eb31371842c9d36ba89d2eac1",
    "src/addons/Siropu/Chat/XF/Service/CronEntry/CalculateNextRun.php": "30191232ac1d2bb71c10cb53c21bfcb3cf403087e8d420aa491d278e565fd57d",
    "src/addons/Siropu/Chat/_data/activity_summary_definitions.xml": "99d8c2563a31320d66f958fc8bda78613545f5f7959bb3cf5318805e3a3c39d2",
    "src/addons/Siropu/Chat/_data/admin_navigation.xml": "f1f05d6816d758b65a043f2fdc713db69ee4ac023f09815a7822a502f6ee4751",
    "src/addons/Siropu/Chat/_data/admin_permission.xml": "58850562f175fb092ceb27fc898a7e1bbc372eaa24c1ea51442d5a01f4b34905",
    "src/addons/Siropu/Chat/_data/advertising_positions.xml": "d2f7cbe844bb1df3cf878d22ff6306249245c8ff6b0b87b9b729744bec538261",
    "src/addons/Siropu/Chat/_data/api_scopes.xml": "6793eaf758f140e8137187ba20e65f4faccf53410433ae3ad7a8b3b38cb6b3b7",
    "src/addons/Siropu/Chat/_data/bb_codes.xml": "faa4ddd5f4a365e5ac39aebdcbe2d25aedf74e7eb9ea4a812766e2fd5e13bdb1",
    "src/addons/Siropu/Chat/_data/bb_code_media_sites.xml": "29762987990187b33e43cfb68c08dc917b2d3f0176613d78f8e6c453f82da3f3",
    "src/addons/Siropu/Chat/_data/class_extensions.xml": "7c77e9f8d2ea6b374783cf3bc45f10cc625bde3510b7e63bcb0c742222b471c6",
    "src/addons/Siropu/Chat/_data/code_events.xml": "8370dec3df47f91df4cf79da253446ad11b29f4ea568fe76c774e97a0379f0eb",
    "src/addons/Siropu/Chat/_data/code_event_listeners.xml": "d3240156172377f852883c4d42ea33f1cf82e568accd910e5a035fc11a496c4c",
    "src/addons/Siropu/Chat/_data/content_type_fields.xml": "92c547041a2ded45009dcc03d3f19baa278758e72721fb68d9e3739c2532a28a",
    "src/addons/Siropu/Chat/_data/cron.xml": "0d21f8db43f4f30260fc36e817280785f2fed210997f4a6acca7bc3302ab8cf6",
    "src/addons/Siropu/Chat/_data/help_pages.xml": "a8a0c0b06cdc550438bc8a8d385af3e1e5ab3459877dfb934c1c31be59c89163",
    "src/addons/Siropu/Chat/_data/member_stats.xml": "89fb2b93ff1eca7a1f6f752248edf6090dfd24037db1446fd18ff7143f08124d",
    "src/addons/Siropu/Chat/_data/navigation.xml": "1d42849c466f69f9386d615e73d7863dd96e419ff1d2b40f5e409f47058ae362",
    "src/addons/Siropu/Chat/_data/options.xml": "2c9f21928c374cd3a21315d3dd62ad266b91e86c049b65ad17d8d8b37c21a2ef",
    "src/addons/Siropu/Chat/_data/option_groups.xml": "107c8c827e598b900739e00af9a4e481a730f2bfda1414d5d64bd9dcb5181b30",
    "src/addons/Siropu/Chat/_data/permissions.xml": "1a797089628cc0acf968e47de10d1bad3a0f8b3c35bff1c43cde473e15cef136",
    "src/addons/Siropu/Chat/_data/permission_interface_groups.xml": "271b126be6480579ae346ada72bf4d74f5d705984ad5239e05a871edca78d2d5",
    "src/addons/Siropu/Chat/_data/phrases.xml": "7126857d34127d15b5cf8690161c1684689f9e695a6d64ffb3b19133b1addeda",
    "src/addons/Siropu/Chat/_data/routes.xml": "0c443ae8e273871b29e393741f90aadfed46336ff0ecf742976600e837542339",
    "src/addons/Siropu/Chat/_data/style_properties.xml": "f65f16f164bfa793067f7999602876117c97d12c1d063b68d10a088b4e09ce2f",
    "src/addons/Siropu/Chat/_data/style_property_groups.xml": "0e50fe0be5ac3157c940cf56ad41f43d50b172eb50f47825e3f3f2860abec55c",
    "src/addons/Siropu/Chat/_data/templates.xml": "e5907f33ef7c061cbcd5b1cb5d6ba23c124c65b27f6d088f2111d442f36cba4a",
    "src/addons/Siropu/Chat/_data/template_modifications.xml": "86cfbb6e530e58740e235f7222e1f59f53be08bced00b3dbae0ecd90d954c97d",
    "src/addons/Siropu/Chat/_data/widget_definitions.xml": "90bacc232a68ef595c03b74fb319fe8760465fabf304736b2a8a0ce160f8c20e",
    "src/addons/Siropu/Chat/_data/widget_positions.xml": "804478ad324087c598d416afa503f9cf8d5d8178bd1f3742294b383c8f13efba",
    "styles/default/siropu/chat/index.html": "e3b0c44298fc1c149afbf4c8996fb92427ae41e4649b934ca495991b7852b855",
    "styles/default/siropu/chat/sounds/bot.mp3": "7e7afbd2fe43b94d366f99fec717d066ac627541095c35ef397d54730ba6d842",
    "styles/default/siropu/chat/sounds/error.mp3": "c5c5e44c4fc8aa95056da915cf3410aa958c95ef759d93bfc0e1120107bef41e",
    "styles/default/siropu/chat/sounds/index.html": "36a9e7f1c95b82ffb99743e0c5c4ce95d83c9a430aac59f84ef3cbfab6145068",
    "styles/default/siropu/chat/sounds/normal.mp3": "f5d8dc22c984e0c9aa108f02ef5c7c6edd02ec22c81d9b9b4e35e74835ea6d6d",
    "styles/default/siropu/chat/sounds/private.mp3": "fdd62900c48e905e96c97e8cad41c5138cf84c9f91df77dd0472f15c9f01425a",
    "styles/default/siropu/chat/sounds/tag.mp3": "e3f4a6d9b8e690d179af32c021c34327b9d11b47d6d668312882d4558ace7428",
    "styles/default/siropu/chat/sounds/whisper.mp3": "12077cff9201ffd2a7dba432ba0a98e8e280feec9673da4062e134f81ea2eb17"
}