<?xml version="1.0" encoding="utf-8"?>
<bb_codes>
  <bb_code bb_code_id="h2" bb_code_mode="replace" has_option="no" trim_lines_after="1" plain_children="1" disable_smilies="1" disable_nl2br="1" disable_autolink="1" allow_empty="0" allow_signature="0" active="1">
    <replace_html><![CDATA[<h2>{text}</h2>]]></replace_html>
    <replace_html_email><![CDATA[]]></replace_html_email>
    <replace_text><![CDATA[]]></replace_text>
  </bb_code>
  <bb_code bb_code_id="h3" bb_code_mode="replace" has_option="no" trim_lines_after="1" plain_children="1" disable_smilies="1" disable_nl2br="1" disable_autolink="1" allow_empty="0" allow_signature="0" active="1">
    <replace_html><![CDATA[<h3>{text}</h3>]]></replace_html>
    <replace_html_email><![CDATA[]]></replace_html_email>
    <replace_text><![CDATA[]]></replace_text>
  </bb_code>
  <bb_code bb_code_id="h4" bb_code_mode="replace" has_option="no" trim_lines_after="0" plain_children="1" disable_smilies="1" disable_nl2br="1" disable_autolink="1" allow_empty="0" allow_signature="0" active="1">
    <replace_html><![CDATA[<h4>{text}</h4>]]></replace_html>
    <replace_html_email><![CDATA[]]></replace_html_email>
    <replace_text><![CDATA[]]></replace_text>
  </bb_code>
  <bb_code bb_code_id="h5" bb_code_mode="replace" has_option="no" trim_lines_after="0" plain_children="1" disable_smilies="1" disable_nl2br="1" disable_autolink="1" allow_empty="0" allow_signature="0" active="1">
    <replace_html><![CDATA[<h5>{text}</h5>]]></replace_html>
    <replace_html_email><![CDATA[]]></replace_html_email>
    <replace_text><![CDATA[]]></replace_text>
  </bb_code>
  <bb_code bb_code_id="wiki" bb_code_mode="callback" has_option="optional" callback_class="EWR\Carta\BbCode\Wiki" callback_method="bbcode" trim_lines_after="0" plain_children="0" disable_smilies="0" disable_nl2br="0" disable_autolink="0" allow_empty="0" allow_signature="1" active="1">
    <replace_html><![CDATA[]]></replace_html>
    <replace_html_email><![CDATA[]]></replace_html_email>
    <replace_text><![CDATA[]]></replace_text>
  </bb_code>
</bb_codes>
