<?xml version="1.0" encoding="utf-8"?>
<content_type_fields>
  <field content_type="ewr_carta_history" field_name="entity">EWR\Carta:History</field>
  <field content_type="ewr_carta_page" field_name="alert_handler_class">EWR\Carta\Alert\Page</field>
  <field content_type="ewr_carta_page" field_name="attachment_handler_class">EWR\Carta\Attachment\Page</field>
  <field content_type="ewr_carta_page" field_name="entity">EWR\Carta:Page</field>
  <field content_type="ewr_carta_page" field_name="like_handler_class">EWR\Carta\Like\Page</field>
  <field content_type="ewr_carta_page" field_name="news_feed_handler_class">EWR\Carta\NewsFeed\Page</field>
  <field content_type="ewr_carta_page" field_name="search_handler_class">EWR\Carta\Search\Page</field>
  <field content_type="ewr_carta_page" field_name="sitemap_handler_class">EWR\Carta\Sitemap\Page</field>
</content_type_fields>
