<?xml version="1.0" encoding="utf-8"?>
<navigation>
  <navigation_entry navigation_id="EWRcarta" display_order="270" navigation_type_id="basic" enabled="1"><![CDATA[{"link":"{{ link('ewr-carta') }}","display_condition":"$xf.options.EWRcarta_navtab && $xf.visitor.hasPermission('EWRcarta', 'viewWiki')","extra_attributes":[]}]]></navigation_entry>
  <navigation_entry navigation_id="EWRcarta_activity" parent_navigation_id="EWRcarta" display_order="3" navigation_type_id="basic" enabled="1"><![CDATA[{"link":"{{ link('ewr-carta\/special\/activity') }}","display_condition":"","extra_attributes":[]}]]></navigation_entry>
  <navigation_entry navigation_id="EWRcarta_create" parent_navigation_id="EWRcarta" display_order="2" navigation_type_id="basic" enabled="1"><![CDATA[{"link":"{{ link('ewr-carta\/special\/create') }}","display_condition":"$xf.visitor.hasPermission('EWRcarta', 'createPages')","extra_attributes":{"data-xf-click":"overlay"}}]]></navigation_entry>
  <navigation_entry navigation_id="EWRcarta_pages" parent_navigation_id="EWRcarta" display_order="1" navigation_type_id="basic" enabled="1"><![CDATA[{"link":"{{ link('ewr-carta\/special\/pages') }}","display_condition":"","extra_attributes":[]}]]></navigation_entry>
  <navigation_entry navigation_id="EWRcarta_templates" parent_navigation_id="EWRcarta" display_order="9" navigation_type_id="basic" enabled="1"><![CDATA[{"link":"{{ link('ewr-carta\/special\/templates') }}","display_condition":"$xf.visitor.hasPermission('EWRcarta', 'editPages')","extra_attributes":[]}]]></navigation_entry>
</navigation>
