<?xml version="1.0" encoding="utf-8"?>
<options>
  <option option_id="EWRcarta_autolink" edit_format="onoff" data_type="boolean">
    <default_value>1</default_value>
    <relation group_id="EWRcarta" display_order="1003"/>
  </option>
  <option option_id="EWRcarta_cache" edit_format="spinbox" data_type="unsigned_integer">
    <default_value>7</default_value>
    <edit_format_params>min=0</edit_format_params>
    <relation group_id="EWRcarta" display_order="2"/>
  </option>
  <option option_id="EWRcarta_forums" edit_format="callback" data_type="array">
    <default_value>["0"]</default_value>
    <edit_format_params>XF\Option\Forum::renderSelectMultiple</edit_format_params>
    <sub_options>*</sub_options>
    <relation group_id="EWRcarta" display_order="4001"/>
  </option>
  <option option_id="EWRcarta_history_perpage" edit_format="spinbox" data_type="unsigned_integer">
    <default_value>50</default_value>
    <edit_format_params>min=10</edit_format_params>
    <relation group_id="EWRcarta" display_order="1001"/>
  </option>
  <option option_id="EWRcarta_navtab" edit_format="onoff" data_type="boolean">
    <default_value>1</default_value>
    <relation group_id="EWRcarta" display_order="1"/>
  </option>
  <option option_id="EWRcarta_parents" edit_format="spinbox" data_type="unsigned_integer">
    <default_value>0</default_value>
    <edit_format_params>min=0</edit_format_params>
    <relation group_id="EWRcarta" display_order="1002"/>
  </option>
  <option option_id="EWRcarta_toc_num" edit_format="onoff" data_type="boolean">
    <default_value>0</default_value>
    <relation group_id="EWRcarta" display_order="2002"/>
  </option>
  <option option_id="EWRcarta_toc_req" edit_format="spinbox" data_type="unsigned_integer">
    <default_value>3</default_value>
    <edit_format_params>min=0</edit_format_params>
    <relation group_id="EWRcarta" display_order="2001"/>
  </option>
  <option option_id="EWRcarta_toc_top" edit_format="onoff" data_type="boolean">
    <default_value>0</default_value>
    <relation group_id="EWRcarta" display_order="2003"/>
  </option>
</options>
