<?xml version="1.0" encoding="utf-8"?>
<permissions>
  <permission permission_group_id="EWRcarta" permission_id="createPages" permission_type="flag" interface_group_id="EWRcarta" display_order="6"/>
  <permission permission_group_id="EWRcarta" permission_id="editPages" permission_type="flag" interface_group_id="EWRcarta" display_order="5"/>
  <permission permission_group_id="EWRcarta" permission_id="likePages" permission_type="flag" interface_group_id="EWRcarta" display_order="4"/>
  <permission permission_group_id="EWRcarta" permission_id="manageAttachments" permission_type="flag" interface_group_id="EWRcarta" display_order="8"/>
  <permission permission_group_id="EWRcarta" permission_id="managePages" permission_type="flag" interface_group_id="EWRcarta" display_order="7"/>
  <permission permission_group_id="EWRcarta" permission_id="manageTemplates" permission_type="flag" interface_group_id="EWRcarta" display_order="9"/>
  <permission permission_group_id="EWRcarta" permission_id="viewAttachments" permission_type="flag" interface_group_id="EWRcarta" display_order="3"/>
  <permission permission_group_id="EWRcarta" permission_id="viewHistory" permission_type="flag" interface_group_id="EWRcarta" display_order="2"/>
  <permission permission_group_id="EWRcarta" permission_id="viewWiki" permission_type="flag" interface_group_id="EWRcarta" display_order="1"/>
</permissions>
