<?xml version="1.0" encoding="utf-8"?>
<routes>
  <route route_type="admin" route_prefix="ewr-carta" controller="EWR\Carta:Index" context="EWRcarta"/>
  <route route_type="admin" route_prefix="ewr-carta" sub_name="pages" format="pages/:str&lt;page_id&gt;/" controller="EWR\Carta:Page" context="EWRcarta"/>
  <route route_type="admin" route_prefix="ewr-carta" sub_name="templates" format="templates/:str&lt;template_id&gt;/" controller="EWR\Carta:Template" context="EWRcarta"/>
  <route route_type="public" route_prefix="ewr-carta" format=":str&lt;page_slug&gt;/" controller="EWR\Carta:Page" context="EWRcarta"/>
  <route route_type="public" route_prefix="ewr-carta" sub_name="special" format="special/" controller="EWR\Carta:Special" context="EWRcarta"/>
  <route route_type="public" route_prefix="ewr-carta" sub_name="special/activity" format="special/activity/:page" controller="EWR\Carta:Special" context="EWRcarta" action_prefix="Activity"/>
  <route route_type="public" route_prefix="ewr-carta" sub_name="special/history" format="special/history/:int&lt;history_id,page_slug&gt;/" controller="EWR\Carta:History" context="EWRcarta"/>
  <route route_type="public" route_prefix="ewr-carta" sub_name="special/templates" format="special/templates/:str&lt;template_slug&gt;/" controller="EWR\Carta:Template" context="EWRcarta"/>
</routes>
