<?xml version="1.0" encoding="utf-8"?>
<templates>
  <template type="admin" title="EWRcarta.less" version_id="2000" version_string="2.0.0.0"><![CDATA[.iconicLinks-list > li > a { padding: 30px; }

.formRow-carta-permissions
{
	li.inputChoices-choice { display: inline-block; width: 180px; }
	li.inputChoices-choice:last-child { margin-bottom: @xf-paddingMedium; }
}]]></template>
  <template type="public" title="EWRcarta.less" version_id="2000" version_string="2.0.0.0"><![CDATA[.carta-empty { padding: 200px @xf-paddingLarge; text-align: center; }
.carta-tabs { display: block; }
.carta-tabs-opposite { float: right; }
.carta-thread { color: @xf-paletteAccent2; }
.carta-toc { padding-bottom: 10px; }

.carta-family-list
{
	padding: ~"calc(@xf-blockPaddingV / 2)" 0;
	
	.carta-family-item
	{
		padding: ~"calc(@xf-blockPaddingV / 2)" @xf-blockPaddingH;
		
		&.is-active { font-weight: bold; }
		.carta-family-indent { width: 10px; }
	}
}

.carta-index-list
{
	text-align: center;
	
	.carta-index-item
	{
		&.is-active { font-weight: bold; }
	}
}

.carta-page
{
	.message-footer { clear: both; }
}

.carta-child-block
{
	background-color: @xf-contentAltBg;
	border-bottom: @xf-borderSize solid @xf-borderColorLight;
	color:  @xf-textColorDimmed;
	font-size: @xf-fontSizeSmaller;

	.carta-child-list
	{
		li { display: inline; list-style: none; }
		li::after { content: ' |'; }
		li:last-child::after { content: ''; }
	}
}

.formRow-carta-permissions
{
	li.inputChoices-choice { display: inline-block; width: 180px; }
	li.inputChoices-choice:last-child { margin-bottom: @xf-paddingMedium; }
}

.carta-masonry
{
	margin: 0 ~"calc(-@{xf-sidebarSpacer} / 2)";
	
	.carta-masonry-item
	{
		display: inline-block;
		margin-bottom: @xf-elementSpacer;
		width: 33%;
		
		.block-container
		{
			margin: 0 ~"calc(@xf-sidebarSpacer / 2)";
		}
	}
}

@media (max-width: @xf-responsiveWide)
{
	.carta-masonry { .carta-masonry-item { width: 50%; } }
}

@media (max-width: @xf-responsiveMedium)
{
	.carta-masonry { .carta-masonry-item { width: 50%; } }
}

@media (max-width: @xf-responsiveNarrow)
{
	.carta-masonry { .carta-masonry-item { width: 100%; } }
}]]></template>
  <template type="public" title="EWRcarta_EXTRA.less" version_id="2007" version_string="2.0.0.7"><![CDATA[.carta-page
{
	.js-lbImage .bbImage { border: 2px solid silver; max-height: 100px; }
	.js-lbImage:hover .bbImage { border-color: gray; }
}

.carta-template-right { float: right; }

.carta-info-box
{
	border: @xf-borderSize solid @xf-borderColorFaint;
	font-size: @xf-fontSizeSmall;
	margin: 0 0 5px 10px;
	text-align: center;
	width: 300px;
}

.carta-icon-list
{
	text-align: center;

	.carta-icon-row
	{
		border: @xf-borderSize solid @xf-borderColorFaint;
		display: inline-block;
		margin: 5px 0;

		img { display: flex; }
	}
}

.carta-table
{
	border-collapse: collapse;
	border-spacing: 0;
	text-align: center;
	width: 100%;

	.carta-table-header
	{
		.xf-blockHeader();
		font-size: @xf-fontSizeSmall;
		padding: @xf-paddingLarge @xf-paddingMedium;
		position: relative;
		
		&:not(.tablesort-nosort).tablesorter-header
		{
			cursor: pointer;
		
			&:before
			{
				position: absolute;
				content: ' ';
				bottom: 0;
				top: 0;
				right: 0;
				width: 20px;

				background-position: center right;
				background-repeat: no-repeat;
				background-image: url(data:image/gif;base64,R0lGODlhFQAJAIAAACMtMP///yH5BAEAAAEALAAAAAAVAAkAAAIXjI+AywnaYnhUMoqt3gZXPmVg94yJVQAAOw==);
			}
		
			&.tablesorter-headerAsc:before
			{
				background-image: url(data:image/gif;base64,R0lGODlhFQAEAIAAACMtMP///yH5BAEAAAEALAAAAAAVAAQAAAINjI8Bya2wnINUMopZAQA7);
			}

			&.tablesorter-headerDesc:before
			{
				background-image: url(data:image/gif;base64,R0lGODlhFQAEAIAAACMtMP///yH5BAEAAAEALAAAAAAVAAQAAAINjB+gC+jP2ptn0WskLQA7);	
			}
		}
	}
	.carta-table-footer
	{
		.xf-blockFooter();
		border-top: none;
		border-bottom: @xf-borderSize solid @xf-borderColorLight;
		font-size: @xf-fontSizeSmall;
		padding: @xf-paddingLarge @xf-paddingMedium;
	}
	
	.odd > .carta-table-cell { .xf-contentBase(); }
	.even > .carta-table-cell { .xf-contentAltBase(); }
	.carta-table-cell
	{
		padding: @xf-paddingLarge;
		vertical-align: top;
		border: @xf-borderSize solid @xf-borderColorLight;
		
		&.nobreak { white-space: nowrap; }
		&.framedata { background-color: #FFC; color: #000; }
		&.framedata.negative { background-color: #FCC; }
		&.framedata.neutral { background-color: #CFC; }
		&.framedata.positive { background-color: #CCF; }
		&.child-right { text-align: right; }
	}
}

@media (max-width: @xf-responsiveMedium)
{
	.carta-table .carta-table-cell.child-right
	{
		text-align: left;
	}
}

@media (max-width: @xf-responsiveNarrow)
{
	.carta-info-box
	{
		margin: 0 0 @xf-elementSpacer;
		text-align: center;
		width: auto;
	}
}]]></template>
  <template type="public" title="EWRcarta_bbcode_page" version_id="2006" version_string="2.0.0.6"><![CDATA[<xf:css src="EWRcarta.less" />
<xf:css src="EWRcarta_EXTRA.less" />
<xf:js src="8wayrun/carta/tablesort.js" />
<xf:js src="8wayrun/carta/wiki.js" />

<div class="carta-bbcode">
	{$wiki.parsed|RAW}
</div>]]></template>
  <template type="admin" title="EWRcarta_cache" version_id="2002" version_string="2.0.0.2"><![CDATA[<xf:title>{{ phrase('confirm_action') }}</xf:title>

<xf:form action="{{ link('ewr-carta/cache') }}" class="block">
	<div class="block-container">
		<div class="block-body">
			<xf:inforow rowtype="confirm">
				<b>{{ phrase('EWRcarta_please_confirm_that_you_want_to_empty_cache') }}</b><br />
				<br />
				{{ phrase('EWRcarta_please_confirm_that_you_want_to_empty_cache_explain') }}
			</xf:inforow>
		</div>
		<xf:submitrow rowtype="simple" icon="refresh" />
	</div>
</xf:form>]]></template>
  <template type="public" title="EWRcarta_history_compare" version_id="2000" version_string="2.0.0.0"><![CDATA[<xf:title>{$wiki.page_name} - {{ phrase('version_comparison') }}</xf:title>

<xf:css src="public:diff.less" />

<div class="block">
	<div class="block-container">
		<div class="block-body block-row">
			<ul class="diffList">
				<xf:foreach loop="$diffs" value="$diff">
					<xf:set var="$diffHtml">{{ $diff.1|join('<br />') }}</xf:set>
					<li class="diffList-line diffList-line--{$diff.0}">{{ trim($diffHtml) !== '' ? $diffHtml : '&nbsp;' }}</li>
				</xf:foreach>
			</ul>
		</div>
	</div>
</div>]]></template>
  <template type="public" title="EWRcarta_history_view" version_id="2000" version_string="2.0.0.0"><![CDATA[<xf:title>{{ phrase('edit_history') }}</xf:title>

<div class="block">
	<div class="block-container">
		<div class="block-body block-row" dir="ltr">
			<xf:textarea rows="20" readonly="readonly" value="{$history.history_content}" />
		</div>
		<xf:form action="{{ link('ewr-carta/special/history/revert', $history) }}" class="block-footer" ajax="true">
			<span class="block-footer-controls">
				<xf:checkbox>
					<xf:option name="confirm" value="1">
						<xf:dependent>
							<xf:button type="submit" name="revert" value="1" class="button--primary">
								{{ phrase('revert') }}
							</xf:button>
						</xf:dependent>
					</xf:option>
				</xf:checkbox>
			</span>
		</xf:form>
	</div>
</div>]]></template>
  <template type="admin" title="EWRcarta_index" version_id="2002" version_string="2.0.0.2"><![CDATA[<xf:title>{{ phrase('option_group.EWRcarta') }}</xf:title>
<xf:description>{{ phrase('option_group_description.EWRcarta') }}</xf:description>

<xf:css src="EWRcarta.less" />

<div class="iconicLinks">
	<ul class="iconicLinks-list">
		<li>
			<a href="{{ link('ewr-carta/pages') }}">
				<div class="iconicLinks-icon"><i class="fa fa-fw fa-file" aria-hidden="true"></i></div>
				<div class="iconicLinks-title">{{ phrase('EWRcarta_pages') }}</div>
			</a>
		</li>
		<li>
			<a href="{{ link('ewr-carta/templates') }}">
				<div class="iconicLinks-icon"><i class="fa fa-fw fa-th-large" aria-hidden="true"></i></div>
				<div class="iconicLinks-title">{{ phrase('EWRcarta_templates') }}</div>
			</a>
		</li>
		<li>
			<a href="{{ link('ewr-carta/cache') }}" data-xf-click="overlay">
				<div class="iconicLinks-icon"><i class="fa fa-fw fa-trash" aria-hidden="true"></i></div>
				<div class="iconicLinks-title">{{ phrase('EWRcarta_empty_cache') }}</div>
			</a>
		</li>
	</ul>
</div>

<div class="iconicLinks">
	<ul class="iconicLinks-list">
		<li>
			<a href="{{ link('options/groups/EWRcarta/') }}">
				<div class="iconicLinks-icon"><i class="fa fa-fw fa-sliders" aria-hidden="true"></i></div>
				<div class="iconicLinks-title">{{ phrase('options') }}</div>
			</a>
		</li>
	</ul>
</div>]]></template>
  <template type="admin" title="EWRcarta_page_delete" version_id="2000" version_string="2.0.0.0"><![CDATA[<xf:title>{{ phrase('confirm_action') }}</xf:title>

<xf:form action="{{ link('ewr-carta/pages/delete', $wiki) }}" ajax="true" class="block">
	<div class="block-container">
		<div class="block-body">
			<xf:inforow rowtype="confirm">
				{{ phrase('please_confirm_that_you_want_to_delete_following:') }}
				<strong><a href="{{ link('ewr-carta/pages/edit', $category) }}">{$wiki.page_name}</a></strong>
			</xf:inforow>
		</div>
		<xf:submitrow rowtype="simple" icon="delete" />
	</div>
</xf:form>]]></template>
  <template type="admin" title="EWRcarta_page_edit" version_id="2000" version_string="2.0.0.0"><![CDATA[<xf:title>{{ phrase('EWRcarta_edit_page:') }} {$wiki.page_name}</xf:title>

<xf:breadcrumb href="{{ link('ewr-carta/pages') }}">{{ phrase('EWRcarta_pages') }}</xf:breadcrumb>

<xf:pageaction>
	<xf:button href="{{ link('ewr-carta/pages/delete', $wiki) }}" icon="delete" overlay="true" />
</xf:pageaction>

<xf:css src="EWRcarta.less" />

<xf:form action="{{ link('ewr-carta/pages/save', $wiki) }}" class="block" ajax="true"
		data-xf-init="attachment-manager" data-preview-url="{{ link_type('public', 'ewr-carta/preview', $wiki) }}">
	<div class="block-container">
		<xf:macro template="public:EWRcarta_page_edit_macros" name="edit_block"
			arg-wiki="{$wiki}"
			arg-wikis="{$wikis}"
			arg-groups="{$groups}"
			arg-attachmentData="{$attachmentData}" />
		
		<xf:submitrow sticky="true" icon="save">
			<xf:html>
				<xf:if is="$wiki.page_type == 'bbcode'">
					<xf:button class="u-jsOnly" data-xf-click="preview-click" icon="preview" />
				</xf:if>
			</xf:html>
		</xf:submitrow>
	</div>
	<xf:redirect />
</xf:form>]]></template>
  <template type="public" title="EWRcarta_page_edit" version_id="2000" version_string="2.0.0.0"><![CDATA[<xf:title>{{ phrase('EWRcarta_edit_page') }}</xf:title>

<xf:breadcrumb source="{$wiki.familytree.breadcrumbs}" />
<xf:breadcrumb href="{{ link('ewr-carta', $wiki) }}">{$wiki.page_name}</xf:breadcrumb>

<xf:css src="EWRcarta.less" />

<xf:form action="{{ link('ewr-carta/save', $wiki) }}" class="block" ajax="true"
		data-xf-init="attachment-manager" data-preview-url="{{ link('ewr-carta/preview', $wiki) }}">
	<div class="block-container">
		<xf:macro template="EWRcarta_page_edit_macros" name="edit_block"
			arg-wiki="{$wiki}"
			arg-wikis="{$wikis}"
			arg-groups="{$groups}"
			arg-attachmentData="{$attachmentData}" />
		
		<xf:submitrow sticky="true" icon="save">
			<xf:html>
				<xf:if is="$wiki.page_type == 'bbcode'">
					<xf:button class="u-jsOnly" data-xf-click="preview-click" icon="preview" />
				</xf:if>
			</xf:html>
		</xf:submitrow>
	</div>
</xf:form>]]></template>
  <template type="public" title="EWRcarta_page_edit_macros" version_id="2005" version_string="2.0.0.5"><![CDATA[<xf:macro name="edit_block" arg-wiki="!" arg-wikis="!" arg-groups="" arg-attachmentData="">
	<div class="block-body">
		<xf:if is="$wiki.canManage()">
			<xf:textboxrow name="page[page_slug]" value="{$wiki.page_slug}"
				label="{{ phrase('link_url') }}" readonly="{{ $wiki.page_slug=='index' ? true : false }}" />
			
			<xf:textboxrow name="page[page_name]" value="{$wiki.page_name}"
				label="{{ phrase('title') }}" />
		</xf:if>
		
		<xf:if is="$wiki.page_type == 'bbcode'">
			<xf:editorrow name="content" value="{$wiki.page_content}"
				rowtype="fullWidth noLabel mergePrev"
				label="{{ phrase('content') }}" />
		<xf:elseif is="$wiki.page_type == 'html'" />
			<xf:textarearow name="content" value="{$wiki.page_content}"
				label="{{ phrase('content') }}" rowtype="fullWidth noLabel mergePrev" autosize="true" />
		<xf:else />
			<xf:textboxrow name="content" value="{$wiki.page_content}"
				label="{{ phrase('EWRcarta_php_file') }}" />
		</xf:if>

		<xf:if is="$attachmentData">
			<xf:formrow rowtype="{{ $quickEdit ? 'fullWidth noLabel' : '' }}">
				<xf:if is="$attachmentData">
					<xf:macro template="helper_attach_upload" name="upload_block" arg-attachmentData="{$attachmentData}" />
				</xf:if>
			</xf:formrow>
		</xf:if>

		<xf:if is="$wiki.canManage()">
			<hr class="formRowSep" />
			
			<div class="block-body">
				<xf:selectrow name="page[page_options][parent]" value="{$wiki.page_options.parent}"
					label="{{ phrase('parent_node') }}" readonly="{{ $wiki.page_id=='1' ? true : false }}">
						<xf:option value="">{{ phrase('(none)') }}</xf:option>
						<xf:foreach loop="$wikis" value="$sub">
							<xf:option value="{$sub.page_id}" disabled="{{ $sub.page_id == $wiki.page_id }}">
								{$sub.page_name}
							</xf:option>
						</xf:foreach>
				</xf:selectrow>

				<xf:selectrow name="page[page_options][redirect]" value="{$wiki.page_options.redirect}"
					label="{{ phrase('redirect') }}" readonly="{{ $wiki.page_id=='1' ? true : false }}">
						<xf:option value="">{{ phrase('(none)') }}</xf:option>
						<xf:foreach loop="$wikis" value="$sub">
							<xf:option value="{$sub.page_id}"
									disabled="{{ $sub.page_id == $wiki.page_id OR $sub.page_options.redirect ? true : false }}">
								{$sub.page_name}
							</xf:option>
						</xf:foreach>
				</xf:selectrow>

				<xf:checkboxrow>
					<xf:option name="page[page_options][protect]" value="1" selected="{$wiki.protected}"
						label="{{ phrase('EWRcarta_mark_page_as_protected') }}"
						hint="{{ $wiki.page_type != 'bbcode' ? phrase('EWRcarta_mark_page_as_protected_explain') : '' }}"
						disabled="{{ $wiki.page_type != 'bbcode' }}" />
					<xf:option name="page[page_options][sidebar]" value="1" selected="{$wiki.page_options.sidebar}"
						label="{{ phrase('EWRcarta_show_sidebar_on_page') }}" />
					<xf:option name="page[page_options][sublist]" value="1" selected="{$wiki.page_options.sublist}"
						label="{{ phrase('EWRcarta_show_child_page_list') }}" />
				</xf:checkboxrow>

				<xf:numberboxrow name="page[page_index]" value="{$wiki.page_index}"
					label="{{ phrase('EWRcarta_index_position') }}" min="0" />
			</div>
		</xf:if>
	</div>
		
	<xf:if is="$wiki.canManage()">
		<h2 class="block-formSectionHeader">
			<span class="collapseTrigger collapseTrigger--block is-active" data-xf-click="toggle" data-target="< :up :next">
				<span class="block-formSectionHeader-aligner">{{ phrase('permissions') }}</span>
			</span>
		</h2>

		<div class="block-body block-body--collapsible is-active">
			<xf:formrow label="{{ phrase('users') }}" rowtype="input">
				<xf:checkbox listclass="formRow-carta-permissions">
					<xf:foreach loop="$wiki.users" value="$users">
						<xf:option name="userIds[{$users.user_id}]" value="{$users.user_id}"
							label="{$users.username}" checked="checked" />
					</xf:foreach>
				</xf:checkbox>

				<xf:textbox name="usernames" ac="multiple" />
			</xf:formrow>
			
			<xf:formrow label="{{ phrase('user_groups') }}" rowtype="input">
				<xf:checkbox listclass="formRow-carta-permissions">
					<xf:foreach loop="$wiki.groups" value="$group">
						<xf:option name="groupIds[{$group.user_group_id}]" value="{$group.user_group_id}"
							label="{$group.title}" checked="checked" />
					</xf:foreach>
				</xf:checkbox>

				<xf:checkbox listclass="formRow-carta-permissions">
					<xf:foreach loop="$groups" value="$group">
						<xf:option name="groupIds[{$group.user_group_id}]" value="{$group.user_group_id}"
							label="{$group.title}" />
					</xf:foreach>
				</xf:checkbox>
				
				<div class="formRow-explain">{{ phrase('EWRcarta_user_groups_explain') }}</div>
			</xf:formrow>
		</div>
	</xf:if>
</xf:macro>]]></template>
  <template type="public" title="EWRcarta_page_history" version_id="2000" version_string="2.0.0.0"><![CDATA[<xf:title>{{ phrase('history') }}</xf:title>

<xf:breadcrumb source="{$wiki.familytree.breadcrumbs}" />
<xf:breadcrumb href="{{ link('ewr-carta', $wiki) }}">{$wiki.page_name}</xf:breadcrumb>

<xf:css src="EWRcarta.less" />

<xf:form action="{{ link('ewr-carta/special/history/compare', '', {'page':$wiki.page_id}) }}" class="block" ajax="true">
	<div class="block-container">
		<div class="block-body">
			<xf:datalist>
				<xf:datarow rowtype="header">
					<xf:cell class="dataList-cell--min">{{ phrase('old') }}</xf:cell>
					<xf:cell class="dataList-cell--min">{{ phrase('new') }}</xf:cell>
					<xf:cell>{{ phrase('edit_date') }}</xf:cell>
					<xf:cell>{{ phrase('member') }}</xf:cell>
					<xf:cell>{{ phrase('size') }}</xf:cell>
					<xf:cell></xf:cell>
				</xf:datarow>
				<xf:foreach loop="$histories" key="$key" value="$history">
					<xf:datarow rowclass="dataList-row--noHover">
						<xf:cell class="dataList-cell--min dataList-cell--alt dataList-cell--action">
							<xf:if is="$key">
								<label><input type="radio" name="old" value="{$history.history_id}"
									{{ $key==1 ? "checked" : "" }} /></label>
							</xf:if>
						</xf:cell>
						<xf:cell class="dataList-cell--min dataList-cell--alt dataList-cell--action">
							<label><input type="radio" name="new" value="{$history.history_id}"
									{{ !$key ? "checked" : "" }} /></label>
						</xf:cell>
						<xf:cell>
							<xf:date time="{$history.history_date}" />
						</xf:cell>
						<xf:cell>
							<xf:if is="$xf.visitor.canViewIps() && $history.ip_id">
								(<a href="{{ link('ewr-carta/special/history/ip', $history) }}"
									data-xf-click="overlay">{{ phrase('ip') }}</a>)
							</xf:if>
							<xf:username user="{$history.User}" />
						</xf:cell>
						<xf:cell>
							{{ phrase('x_bytes', {'size':$history.size|NUMBER}) }}
						</xf:cell>
						<xf:action href="{{ link('ewr-carta/special/history', $history) }}" overlay="true" >
							<xf:if is="$history.history_revert">
								<em>{{ phrase('revert') }} #{$history.history_revert}</em>
							<xf:elseif is="$key"/>
								{{ phrase('view') }}
							<xf:else/>
								<em>{{ phrase('current_version') }}</em>
							</xf:if>
						</xf:action>
					</xf:datarow>
				</xf:foreach>
			</xf:datalist>
		</div>
		<div class="block-footer">
			<span class="block-footer-controls">
				<xf:button type="submit" name="compare" value="1" class="button--primary">
					{{ phrase('compare_versions') }}
				</xf:button>
			</span>
		</div>
	</div>
</xf:form>]]></template>
  <template type="admin" title="EWRcarta_page_list" version_id="2000" version_string="2.0.0.0"><![CDATA[<xf:title>{{ phrase('EWRcarta_pages') }}</xf:title>

<xf:pageaction>
	<xf:button href="{{ link('ewr-carta/pages/modify') }}" icon="add" overlay="true">{{ phrase('add_page') }}</xf:button>
</xf:pageaction>

<div class="block">
	<div class="block-outer">
		<xf:macro template="filter_macros" name="quick_filter"
			arg-key="articles"
			arg-ajax="{{ link('ewr-carta/pages') }}"
			arg-class="block-outer-opposite" />
	</div>
	<div class="block-container">
		<h3 class="block-header">{{ phrase('EWRcarta_pages') }}</h3>
		
		<div class="block-body">
			<xf:datalist>
				<xf:foreach loop="$wikis" value="$wiki">
					<xf:datarow>
						<xf:main
							href="{{ link('ewr-carta/pages/edit', $wiki) }}"
							hash="{$wiki.page_id}"
							label="{$wiki.page_name}"
							hint="{$wiki.page_slug}"
							dir="auto" />
						<xf:action href="{{ link('ewr-carta/pages/modify', $wiki) }}" overlay="true">
								{$wiki.page_type}
						</xf:action>
						<xf:action href="{{ link('ewr-carta/pages/edit', $wiki) }}">
								<xf:date time="{$wiki.page_date}" />
						</xf:action>
						<xf:delete href="{{ link('ewr-carta/pages/delete', $wiki) }}"
							tooltip="{{ phrase('delete') }}" />
					</xf:datarow>
				</xf:foreach>
				<xf:if is="$filter AND $total > $perPage">
					<xf:datarow rowclass="dataList-row--note dataList-row--noHover js-filterForceShow">
						<xf:cell colspan="2">{{ phrase('more_records_matching_filter_more_specific') }}</xf:cell>
					</xf:datarow>
				</xf:if>
			</xf:datalist>
		</div>
		
		<div class="block-footer">
			<span class="block-footer-counter">{{ display_totals($total) }}</span>
		</div>
	</div>

	<xf:pagenav
		page="{$page}" perpage="{$perPage}" total="{$total}"
		link="ewr-carta/pages"
		wrapperclass="js-filterHide block-outer block-outer--after" />
</div>]]></template>
  <template type="public" title="EWRcarta_page_macros" version_id="2000" version_string="2.0.0.0"><![CDATA[<xf:macro name="page_tab" arg-wiki="!">
	<div class="block carta-page">
		<div class="block-container lbContainer"
				data-xf-init="lightbox"
				data-lb-id="wiki-{$wiki.page_id}"
				data-lb-universal="{$xf.options.lightBoxUniversal}">

			<xf:if is="$wiki.page_options.sublist && $wiki.familytree.children">
				<div class="block-body block-row carta-child-block">
					{{ phrase('EWRcarta_sub_pages:') }}
					<ul class="carta-child-list">
						<xf:foreach loop="$wiki.familytree.children" value="$child">
							<li><a href="{{ link('ewr-carta', $child) }}">{$child.page_name}</a></li>
						</xf:foreach>
					</ul>
				</div>
			</xf:if>
			
			<div class="block-body block-row">
				{$wiki.parsed|RAW}
				
				<xf:macro template="message_macros" name="attachments"
					arg-attachments="{$wiki.Attachments}"
					arg-message="{$wiki}"
					arg-canView="{{ true }}" />
				
				<footer class="message-footer">
					<div class="message-actionBar actionBar">
						<xf:if contentcheck="true">
							<div class="actionBar-set actionBar-set--external">
							<xf:contentcheck>
								<xf:if is="$wiki.canLike()">
									<a href="{{ link('ewr-carta/like', $wiki) }}" class="actionBar-action actionBar-action--like"
											data-xf-click="like" data-like-list="< .carta-page | .js-likeList">
										<xf:if is="$wiki.isLiked()">{{ phrase('unlike') }}<xf:else />{{ phrase('like') }}</xf:if>
									</a>
								</xf:if>
							</xf:contentcheck>
							</div>
						</xf:if>
					</div>

					<section class="message-responses js-messageResponses">
						<div class="message-responseRow message-responseRow--likes js-likeList {{ $wiki.page_likes ? 'is-active' : '' }}">
							<xf:if is="$wiki.page_likes">
								<xf:likes content="{$wiki}" url="{{ link('ewr-carta/likes', $wiki) }}" />
							</xf:if>
						</div>
					</section>
				</footer>
			</div>
		</div>
	</div>
</xf:macro>




<xf:macro name="sidenav" arg-wiki="!" arg-index="">
	<div class="block carta-sidebar">
		<div class="block-container">
			<h3 class="block-header">{{ phrase('navigation') }}</h3>
			<div class="block-body carta-family-list">
				<xf:foreach loop="$wiki.familytree.family" value="$member">
					<div class="carta-family-item {{ $member.page_id == $wiki.page_id ? 'is-active' : '' }}">
						<span class="fa {{ !$member.page_depth ? 'fa-caret-right' : '' }}
									 carta-family-indent"></span>{{ repeat_raw('&nbsp;&nbsp;&nbsp;', $member.page_depth) }}<xf:trim>
						<a href="{{ link('ewr-carta', $member) }}">{$member.page_name}</a>
						</xf:trim>
					</div>
				</xf:foreach>
			</div>
		</div>
	</div>
	
	<xf:if is="$index">
		<div class="block carta-sidebar">
			<div class="block-container">
				<h3 class="block-header"><a href="{{ link('ewr-carta') }}">{{ phrase('EWRcarta_wiki_index') }}</a></h3>
				<div class="block-body block-row carta-index-list">
					<xf:foreach loop="$index" value="$child">
						<div class="carta-index-item {{ $child.page_id == $wiki.page_id ? 'is-active' : '' }}">
							<a href="{{ link('ewr-carta', $child) }}">{$child.page_name}</a>
						</div>
					</xf:foreach>
				</div>
			</div>
		</div>
	</xf:if>
</xf:macro>]]></template>
  <template type="admin" title="EWRcarta_page_modify" version_id="2000" version_string="2.0.0.0"><![CDATA[<xf:if is="!$wiki">
	<xf:title>{{ phrase('EWRcarta_create_new_page') }}</xf:title>
<xf:else />
	<xf:title>{{ phrase('edit_page:') }} {$wiki.page_name}</xf:title>
</xf:if>

<xf:form action="{{ link('ewr-carta/pages/modify', $wiki) }}" class="block" ajax="true">
	<div class="block-container">
		<div class="block-body">
			<xf:textboxrow name="page[page_slug]" value="{$wiki.page_slug}"
				label="{{ phrase('link_url') }}" readonly="{{ $wiki.page_slug=='index' ? true : false }}" />
			<xf:textboxrow name="page[page_name]" value="{$wiki.page_name}"
				label="{{ phrase('title') }}" />
			
			<xf:selectrow name="page[page_type]" value="{$wiki.page_type}"
					label="{{ phrase('EWRcarta_page_type') }}">
				<xf:option value="bbcode">{{ phrase('EWRcarta_bbcode') }}</xf:option>
				<xf:option value="html">{{ phrase('EWRcarta_html') }}</xf:option>
				<xf:option value="phpfile">{{ phrase('EWRcarta_php_file') }}</xf:option>
			</xf:selectrow>
		</div>
		
		<xf:submitrow submit="{{ phrase('proceed...') }}" />
	</div>
	<xf:redirect />
</xf:form>]]></template>
  <template type="public" title="EWRcarta_page_thread" version_id="2000" version_string="2.0.0.0"><![CDATA[<xf:title>{{ phrase('EWRcarta_create_discussion_thread') }}</xf:title>

<xf:breadcrumb href="{{ link('ewr-carta', $wiki) }}">{$wiki.page_name}</xf:breadcrumb>

<xf:form action="{{ link('ewr-carta/thread', $wiki) }}" class="block" ajax="true">
	<div class="block-container">
		<div class="block-body">
			<xf:formrow label="{{ phrase('forum') }}" rowtype="input"
					explain="{{ phrase('EWRcarta_create_discussion_thread_explain') }}">
				<xf:include template="EWRcarta_prefix_input">
					<xf:set var="$forums" value="{$forums}" />
				</xf:include>
			</xf:formrow>
		</div>
		<xf:submitrow icon="save" />
	</div>
</xf:form>]]></template>
  <template type="public" title="EWRcarta_page_view" version_id="2006" version_string="2.0.0.6"><![CDATA[<xf:title>{$wiki.page_name}</xf:title>

<xf:description meta="false">
	<ul class="listInline listInline--bullet">
		<li>
			<i class="fa fa-eye" aria-hidden="true" title="{{ phrase('views')|for_attr }}"></i>
			<span class="u-srOnly">{{ phrase('views') }}</span>

			{{ phrase('views:') }} {$wiki.page_views|NUMBER}
		</li>
		<li>
			<i class="fa fa-clock-o" aria-hidden="true" title="{{ phrase('last_updated')|for_attr }}"></i>
			<span class="u-srOnly">{{ phrase('last_updated') }}</span>

			{{ phrase('last_updated:') }} <xf:date time="{$wiki.page_date}" />
		</li>
		<xf:if is="$redirect">
			<li>
				<i class="fa fa-sign-in" aria-hidden="true" title="{{ phrase('redirect')|for_attr }}"></i>
				<span class="u-srOnly">{{ phrase('redirect') }}</span>
				
				{{ phrase('EWRcarta_redirected_from_x',
					{'link':link('ewr-carta', $redirect, {'stop':1}), 'title':$redirect.page_name}) }}
			</li>
		</xf:if>
	</ul>
</xf:description>

<xf:breadcrumb source="{$wiki.familytree.breadcrumbs}" />

<xf:css src="EWRcarta.less" />
<xf:css src="EWRcarta_EXTRA.less" />
<xf:css src="message.less" />
<xf:js src="8wayrun/carta/tablesort.js" />
<xf:js src="8wayrun/carta/wiki.js" />

<xf:macro template="lightbox_macros" name="setup" arg-canViewAttachments="{$wiki.canViewAttachments()}" />

<div class="tabs tabs--standalone carta-tabs">
	<div class="carta-tabs-opposite">
		<xf:if is="$wiki.Thread">
			<a href="{{ link('threads', $wiki.Thread) }}" class="tabs-tab" role="tab">
				{{ phrase('EWRcarta_discussion') }} ({$wiki.Thread.reply_count})</a>
		<xf:elseif is="$wiki.canManage()" />
			<a href="{{ link('ewr-carta/thread', $wiki) }}" class="tabs-tab" role="tab" data-xf-click="overlay">
				<span class="carta-thread">{{ phrase('EWRcarta_discussion') }}</span></a>
		</xf:if>
		
		<xf:if is="$wiki.canWatch()">
			<a href="{{ link('ewr-carta/watch', $wiki) }}" class="tabs-tab" role="tab"
			   data-xf-click="switch-overlay"
			   data-sk-watch="{{ phrase('watch') }}"
			   data-sk-unwatch="{{ phrase('unwatch') }}">
				<xf:if is="{$wiki.Watch.{$xf.visitor.user_id}}">
					{{ phrase('unwatch') }}
				<xf:else />
					{{ phrase('watch') }}
				</xf:if>
			</a>
		</xf:if>
	</div>
	
	<div role="tablist" class="hScroller" data-xf-init="tabs h-scroller"
			data-panes=".js-cartaTabPanes" data-state="replace">
		<span class="hScroller-scroll">
			<a href="{{ link('ewr-carta', $wiki) }}" class="tabs-tab is-active" role="tab">
				<xf:if is="$wiki.page_options.protected"><span class="fa fa-lock"></span></xf:if>
				{{ phrase('EWRcarta_page') }}</a>
			
			<xf:if is="$xf.visitor.hasPermission('EWRcarta', 'viewHistory')">
				<a id="history" href="{{ link('ewr-carta/history', $wiki) }}" class="tabs-tab" role="tab">
					{{ phrase('history') }}</a>
			</xf:if>

			<xf:if is="$wiki.canEdit()">
				<a id="edit" href="{{ link('ewr-carta/edit', $wiki) }}" class="tabs-tab" role="tab">
					{{ phrase('edit') }}</a>
			</xf:if>
		</span>
	</div>
</div>

<ul class="tabPanes js-cartaTabPanes">
	<li class="is-active" role="tabpanel">
		<xf:macro template="EWRcarta_page_macros" name="page_tab" arg-wiki="{$wiki}" />
	</li>

	<xf:if is="$xf.visitor.hasPermission('EWRcarta', 'viewHistory')">
		<li data-href="{{ link('ewr-carta/history', $wiki) }}" role="tabpanel">
			<div class="blockMessage">{{ phrase('loading...') }}</div>
		</li>
	</xf:if>

	<xf:if is="$wiki.canEdit()">
		<li data-href="{{ link('ewr-carta/edit', $wiki) }}" role="tabpanel">
			<div class="blockMessage">{{ phrase('loading...') }}</div>
		</li>
	</xf:if>
</ul>

<xf:if is="$wiki.page_options.sidebar">
	<xf:sidenav>
		<xf:macro template="EWRcarta_page_macros" name="sidenav"
			arg-wiki="{$wiki}" arg-index="{$index}" />
	</xf:sidenav>
</xf:if>]]></template>
  <template type="public" title="EWRcarta_page_watch" version_id="2000" version_string="2.0.0.0"><![CDATA[<xf:if is="$isWatched">
	<xf:title>{{ phrase('EWRcarta_unwatch_page') }}</xf:title>
<xf:else />
	<xf:title>{{ phrase('EWRcarta_watch_page') }}</xf:title>
</xf:if>

<xf:breadcrumb href="{{ link('ewr-carta', $wiki) }}">{$wiki.page_name}</xf:breadcrumb>

<xf:form action="{{ link('ewr-carta/watch', $wiki) }}" class="block" ajax="true">
	<div class="block-container">
		<div class="block-body">
			<xf:if is="$isWatched">
				<xf:inforow rowtype="confirm">
					{{ phrase('EWRcarta_you_sure_you_want_to_unwatch_this_page') }}
				</xf:inforow>

				<xf:hiddenval name="stop">1</xf:hiddenval>
			<xf:else />
				<xf:radiorow name="email_subscribe"
						value="{{ $xf.visitor.Option.interaction_watch_state == 'watch_email' ? 1 : 0}}"
						rowtype="noColon" label="{{ phrase('EWRcarta_watch_this_page...') }}">
					<xf:option value="0">{{ phrase('without_receiving_email_notifications') }}</xf:option>
				</xf:radiorow>
			</xf:if>
		</div>
		<xf:if is="$isWatched">
			<xf:submitrow submit="{{ phrase('unwatch') }}" rowtype="simple" />
		<xf:else />
			<xf:submitrow submit="{{ phrase('watch') }}" />
		</xf:if>
	</div>
</xf:form>]]></template>
  <template type="public" title="EWRcarta_prefix_input" version_id="2000" version_string="2.0.0.0"><![CDATA[<xf:js src="xf/prefix_menu.js" min="1" />
<xf:css src="prefix_menu.less" />

<xf:set var="$textbox">
	<xf:select name="node_id" id="carta_node">
		<xf:option value="0" label="({{ phrase('none') }})" />
		<xf:foreach loop="$forums" value="$forum">
			<xf:option value="{$forum.node_id}" label="{$forum.title}" />
		</xf:foreach>
	</xf:select>
</xf:set>
<xf:set var="$selectbox">
	<xf:macro template="prefix_macros" name="select"
		arg-prefixes="{$prefixes}"
		arg-type="{$prefixType}"
		arg-class="js-prefixSelect u-noJsOnly" />
</xf:set>

<div class="js-prefixContainer">
	<div class="inputGroup inputGroup--joined u-jsOnly">
		<div class="inputGroup-text">
			<div data-xf-init="prefix-menu" data-href="{{ link('forums/-/prefixes') }}" data-listen-to="#carta_node">
				<a class="menuTrigger menuTrigger--prefix" data-xf-click="menu" role="button" tabindex="0"
						aria-expanded="false" aria-haspopup="true">
					<span class="js-activePrefix">{{ phrase('(no_prefix)') }}</span>
				</a>
				<div class="menu" data-menu="menu" aria-hidden="true">
					<div class="menu-content">
						<div class="menu-scroller js-prefixMenuContent" role="listbox">
							<xf:macro template="prefix_input" name="template" />
						</div>
					</div>
				</div>
			</div>
			{$selectbox|raw}
		</div>
		{$textbox|raw}
	</div>
	<noscript>
		<div class="inputGroup">
			{$selectbox|raw}
			<span class="inputGroup-splitter"></span>
			{$textbox|raw}
		</div>
	</noscript>
</div>]]></template>
  <template type="public" title="EWRcarta_special_activity" version_id="2000" version_string="2.0.0.0"><![CDATA[<xf:title>{{ phrase('latest_activity') }}</xf:title>

<xf:css src="EWRcarta.less" />

<div class="block">
	<div class="block-outer"><xf:trim>
		<xf:pagenav page="{$page}" perpage="{$perPage}" total="{$total}"
			link="ewr-carta/special/activity" wrapperclass="block-outer-main" />
	</xf:trim></div>
	
	<div class="block-container">
		<xf:if is="$activity is not empty">
			<div class="block-body">
				<xf:datalist>
					<xf:datarow rowtype="header">
						<xf:cell>{{ phrase('EWRcarta_page') }}</xf:cell>
						<xf:cell>{{ phrase('edit_date') }}</xf:cell>
						<xf:cell>{{ phrase('member') }}</xf:cell>
						<xf:cell>{{ phrase('size') }}</xf:cell>
					</xf:datarow>
					<xf:foreach loop="$activity" value="$history">
						<xf:datarow rowclass="dataList-row--noHover">
							<xf:cell>
								<a href="{{ link('ewr-carta', $history.Page) }}">{$history.Page.page_name}</a>
							</xf:cell>
							<xf:cell>
								<xf:date time="{$history.history_date}" />
							</xf:cell>
							<xf:cell>
								<xf:if is="$xf.visitor.canViewIps() && $history.ip_id">
									(<a href="{{ link('ewr-carta/special/history/ip', $history) }}"
										data-xf-click="overlay">{{ phrase('ip') }}</a>)
								</xf:if>
								<xf:username user="{$history.User}" />
							</xf:cell>
							<xf:cell>
								{{ phrase('x_bytes', {'size':$history.size|NUMBER}) }}
							</xf:cell>
						</xf:datarow>
					</xf:foreach>
				</xf:datalist>
			</div>
		<xf:else/>
			<div class="carta-empty">
				{{ phrase('EWRcarta_no_activity_has_been_found_at_this_time') }}
			</div>
		</xf:if>
	</div>
	
	<div class="block-outer block-outer--after">
		<xf:pagenav page="{$page}" perpage="{$perPage}" total="{$total}"
			link="ewr-carta/special/activity" wrapperclass="block-outer-main" />
	</div>
</div>]]></template>
  <template type="public" title="EWRcarta_special_create" version_id="2000" version_string="2.0.0.0"><![CDATA[<xf:title>{{ phrase('EWRcarta_create_new_page') }}</xf:title>

<xf:form action="{{ link('ewr-carta/special/create') }}" class="block" ajax="true">
	<div class="block-container">
		<div class="block-body">
			<xf:textboxrow name="page[page_slug]" label="{{ phrase('link_url') }}" />
			<xf:textboxrow name="page[page_name]" label="{{ phrase('title') }}" />
			
			<xf:selectrow name="page[page_type]" label="{{ phrase('EWRcarta_page_type') }}">
				<xf:option value="bbcode">{{ phrase('EWRcarta_bbcode') }}</xf:option>
				<xf:option value="html">{{ phrase('EWRcarta_html') }}</xf:option>
			</xf:selectrow>
		</div>
		
		<xf:submitrow submit="{{ phrase('proceed...') }}" />
	</div>
</xf:form>]]></template>
  <template type="public" title="EWRcarta_special_pages" version_id="2000" version_string="2.0.0.0"><![CDATA[<xf:title>{{ phrase('EWRcarta_page_list') }}</xf:title>
<xf:description>{{ phrase('EWRcarta_wiki_contains_a_total_of_x_pages', {'count':$total}) }}</xf:description>

<xf:css src="EWRcarta.less" />
<xf:js src="8wayrun/carta/masonry.js" />
<xf:js src="8wayrun/carta/wiki.js" />

<div class="block carta-masonry" data-xf-init="carta-masonry">
	<xf:foreach loop="$wikis" key="$letter" value="$subWikis"><xf:trim>
		<div class="carta-masonry-item">
			<div class="block-container">
				<h2 class="block-header">{$letter}</h2>
				<div class="block-body carta-family-list">
					<xf:foreach loop="$subWikis" value="$wiki">
						<div class="carta-family-item">
							<span class="fa {{ !$wiki.page_depth ? 'fa-caret-right' : '' }}
									carta-family-indent"></span>{{ repeat_raw('&nbsp;&nbsp;&nbsp;', $wiki.page_depth) }}<xf:trim>
								<a href="{{ link('ewr-carta', $wiki) }}">{$wiki.page_name}</a>
							</xf:trim>
						</div>
					</xf:foreach>
				</div>
			</div>
		</div>
	</xf:trim></xf:foreach>
</div>]]></template>
  <template type="public" title="EWRcarta_special_templates" version_id="2000" version_string="2.0.0.0"><![CDATA[<xf:title>{{ phrase('EWRcarta_templates') }}</xf:title>

<xf:css src="EWRcarta.less" />

<div class="block">
	<div class="block-container">
		<div class="block-body">
			<xf:datalist>
				<xf:foreach loop="$templates" value="$template">
					<xf:datarow rowclass="dataList-row--noHover">
						<xf:cell>
							<a href="{{ link('ewr-carta/special/templates', $template) }}"
								data-xf-click="overlay">{$template.template_name}</a>
						</xf:cell>
						<xf:action href="{{ link('ewr-carta/special/templates', $template) }}" overlay="true">
							{$template.template_slug}
						</xf:action>
					</xf:datarow>
				</xf:foreach>
			</xf:datalist>
		</div>
	</div>
</div>]]></template>
  <template type="admin" title="EWRcarta_template_delete" version_id="2000" version_string="2.0.0.0"><![CDATA[<xf:title>{{ phrase('confirm_action') }}</xf:title>

<xf:form action="{{ link('ewr-carta/templates/delete', $template) }}" ajax="true" class="block">
	<div class="block-container">
		<div class="block-body">
			<xf:inforow rowtype="confirm">
				{{ phrase('please_confirm_that_you_want_to_delete_following:') }}
				<strong><a href="{{ link('ewr-carta/templates/edit', $template) }}">{$template.template_name}</a></strong>
			</xf:inforow>
		</div>
		<xf:submitrow rowtype="simple" icon="delete" />
	</div>
</xf:form>]]></template>
  <template type="admin" title="EWRcarta_template_edit" version_id="2000" version_string="2.0.0.0"><![CDATA[<xf:if is="!$template">
	<xf:title>{{ phrase('add_template') }}</xf:title>
<xf:else />
	<xf:title>{{ phrase('edit_template:') }} {$template.template_name}</xf:title>
</xf:if>

<xf:breadcrumb href="{{ link('ewr-carta/templates') }}">{{ phrase('templates') }}</xf:breadcrumb>

<xf:pageaction if="$template">
	<xf:button href="{{ link('ewr-carta/templates/delete', $template) }}" icon="delete" overlay="true" />
</xf:pageaction>

<xf:css src="EWRcarta.less" />

<xf:form action="{{ link('ewr-carta/templates/save', $template) }}" class="block" ajax="true">
	<div class="block-container">
		<div class="block-body">
			<xf:textboxrow name="template[template_slug]" value="{$template.template_slug}"
				label="{{ phrase('bb_code_tag') }}" />
			
			<xf:textboxrow name="template[template_name]" value="{$template.template_name}"
				label="{{ phrase('title') }}" />

			<xf:codeeditorrow name="template[template_content]" value="{$template.template_content}"
				rowtype="fullWidth noLabel" rowclass="js-codeEditorContainer" mode="html"
				label="{{ phrase('EWRcarta_template') }}" data-submit-selector=".js-submitButton" />
		</div>
		
		<xf:submitrow icon="save" class="js-submitButton" data-ajax-redirect="{{ $template ? '0' : '1' }}">
			<xf:html>
				<xf:button type="submit" name="exit" icon="save">{{ phrase('save_and_exit') }}</xf:button>
			</xf:html>
		</xf:submitrow>
	</div>
	<xf:redirect />
</xf:form>]]></template>
  <template type="admin" title="EWRcarta_template_list" version_id="2000" version_string="2.0.0.0"><![CDATA[<xf:title>{{ phrase('EWRcarta_templates') }}</xf:title>

<xf:pageaction>
	<xf:button href="{{ link('ewr-carta/templates/add') }}" icon="add">{{ phrase('EWRcarta_add_template') }}</xf:button>
</xf:pageaction>

<div class="block">
	<div class="block-outer">
		<xf:macro template="filter_macros" name="quick_filter"
			arg-key="articles"
			arg-ajax="{{ link('ewr-carta/templates') }}"
			arg-class="block-outer-opposite" />
	</div>
	<div class="block-container">
		<h3 class="block-header">{{ phrase('EWRcarta_pages') }}</h3>
		
		<div class="block-body">
			<xf:datalist>
				<xf:foreach loop="$templates" value="$template">
					<xf:datarow>
						<xf:main
							href="{{ link('ewr-carta/templates/edit', $template) }}"
							hash="{$template.template_id}"
							label="{$template.template_name}"
							hint="{$template.template_slug}"
							dir="auto" />
						<xf:delete href="{{ link('ewr-carta/templates/delete', $template) }}"
							tooltip="{{ phrase('delete') }}" />
					</xf:datarow>
				</xf:foreach>
				<xf:if is="$filter AND $total > $perPage">
					<xf:datarow rowclass="dataList-row--note dataList-row--noHover js-filterForceShow">
						<xf:cell colspan="2">{{ phrase('more_records_matching_filter_more_specific') }}</xf:cell>
					</xf:datarow>
				</xf:if>
			</xf:datalist>
		</div>
		
		<div class="block-footer">
			<span class="block-footer-counter">{{ display_totals($templates, $total) }}</span>
		</div>
	</div>

	<xf:pagenav
		page="{$page}" perpage="{$perPage}" total="{$total}"
		link="ewr-carta/templates"
		wrapperclass="js-filterHide block-outer block-outer--after" />
</div>]]></template>
  <template type="public" title="EWRcarta_template_view" version_id="2000" version_string="2.0.0.0"><![CDATA[<xf:title>{$template.template_name}</xf:title>

<xf:css src="EWRcarta.less" />

<div class="block">
	<div class="block-container">
		<div class="block-body">
			<xf:codeeditorrow value="{$template.bbcode}" mode="html" readonly="readonly"
				class="codeEditor--autoSize" rowtype="fullWidth noLabel"
				label="{{ phrase('bb_code') }}" data-line-wrapping="true" />
			
			<xf:codeeditorrow value="{$template.template_content}" mode="html" readonly="readonly"
				class="codeEditor--autoSize" rowtype="fullWidth noLabel"
				label="{{ phrase('EWRcarta_template') }}" />
		</div>
	</div>
</div>]]></template>
  <template type="public" title="EWRcarta_thread_macros" version_id="2000" version_string="2.0.0.0"><![CDATA[<xf:macro name="discussion_comment" arg-post="!" arg-thread="!">
	<xf:css src="message.less" />
	<xf:set var="$isIgnored" value="{{ $post.isIgnored() }}" />
	<article class="message message--simple js-post js-inlineModContainer {{ $isIgnored ? 'is-ignored' : '' }} {{ $post.isUnread() ? ' is-unread' : '' }}"
		data-author="{{ $post.User.username ?: $post.username }}"
		data-content="post-{$post.post_id}"
		id="js-post-{$post.post_id}">

		<span class="u-anchorTarget" id="post-{$post.post_id}"></span>

		<div class="message-inner">
			<div class="message-cell message-cell--user">
				<xf:macro template="message_macros" name="user_info_simple" arg-user="{$post.User}" arg-fallbackName="{$post.username}" />
			</div>
			<div class="message-cell message-cell--main">
				<div class="message-main js-quickEditTarget">

					<div class="message-content js-messageContent">
						<header class="message-attribution message-attribution--plain">
							<div class="message-attribution-opposite">
								<xf:if is="$post.isUnread()">
									<span class="message-newIndicator">{{ phrase('new') }}</span>
								</xf:if>
								<a href="{{ link('threads/post', $thread, {'post_id': $post.post_id}) }}" class="u-concealed" rel="nofollow">#{{ number($post.position + 1) }}</a>
							</div>
							<ul class="listInline listInline--bullet">
								<li class="message-attribution-user">
									<xf:avatar user="$post.User" size="xxs" />
									<h4 class="attribution"><xf:username user="$post.User" rich="true" defaultname="{$post.username}" /></h4>
								</li>
								<li><a href="{{ link('threads/post', $thread, {'post_id': $post.post_id}) }}" class="u-concealed" rel="nofollow"><xf:date time="$post.post_date" /></a></li>
							</ul>
						</header>

						<xf:if is="$post.message_state == 'deleted'">
							<div class="messageNotice messageNotice--deleted">
								<xf:macro template="deletion_macros" name="notice" arg-log="{$post.DeletionLog}" />
							</div>
						<xf:elseif is="$post.message_state == 'moderated'" />
							<div class="messageNotice messageNotice--moderated">
								{{ phrase('this_message_is_awaiting_moderator_approval_and_is_invisible_to_normal') }}
							</div>
						</xf:if>
						<xf:if is="$post.warning_message">
							<div class="messageNotice messageNotice--warning">
								{$post.warning_message}
							</div>
						</xf:if>
						<xf:if is="$isIgnored">
							<div class="messageNotice messageNotice--ignored">
								{{ phrase('you_are_ignoring_content_by_this_member') }}
								<xf:showignored />
							</div>
						</xf:if>

						<div class="message-userContent lbContainer js-lbContainer {{ $isIgnored ? 'is-ignored' : '' }}"
							data-lb-id="post-{$post.post_id}"
							data-lb-caption-desc="{{ $post.User ? $post.User.username : $post.username }} &middot; {{ date_time($post.post_date) }}">
							
							<article class="message-body js-selectToQuote">
								<xf:ad position="post_above_content" arg-post="{$post}" />
								{{ bb_code($post.message, 'post', $post) }}
								<div class="js-selectToQuoteEnd">&nbsp;</div>
								<xf:ad position="post_below_content" arg-post="{$post}" />
							</article>
							
							<xf:if is="$post.attach_count">
								<xf:macro template="message_macros" name="attachments"
									arg-attachments="{$post.Attachments}"
									arg-message="{$post}"
									arg-canView="{{ $thread.canViewAttachments() }}" />
							</xf:if>
						</div>

						<xf:if is="$post.last_edit_date">
							<div class="message-lastEdit">
								<xf:if is="$post.user_id == $post.last_edit_user_id">
									{{ phrase('last_edited:') }} <xf:date time="{$post.last_edit_date}" />
								<xf:else />
									{{ phrase('last_edited_by_moderator:') }} <xf:date time="{$post.last_edit_date}" />
								</xf:if>
							</div>
						</xf:if>
					</div>

					<footer class="message-footer">
						<xf:if contentcheck="true">
							<div class="message-actionBar actionBar">
								<xf:contentcheck>
									<xf:if contentcheck="true">
										<div class="actionBar-set actionBar-set--external">
										<xf:contentcheck>
											<xf:if is="$post.canLike()">
												<a href="{{ link('posts/like', $post) }}" class="actionBar-action actionBar-action--like" data-xf-click="like" data-like-list="< .js-post | .js-likeList"><xf:if is="$post.isLiked()">{{ phrase('unlike') }}<xf:else />{{ phrase('like') }}</xf:if></a>
											</xf:if>
											<xf:if is="$thread.canReply()">
												<xf:set var="$quoteLink">{{ link('threads/reply', $thread, {'quote': $post.post_id}) }}</xf:set>

												<xf:if is="$xf.options.multiQuote">
													<a href="{$quoteLink}"
														class="actionBar-action actionBar-action--mq u-jsOnly js-multiQuote"
														title="{{ phrase('toggle_multi_quote_tooltip')|for_attr }}"
														data-message-id="{$post.post_id}"
														data-mq-action="add">{{ phrase('quote') }}</a>
												</xf:if>

												<a href="{$quoteLink}"
													class="actionBar-action actionBar-action--reply"
													title="{{ phrase('reply_quoting_this_message')|for_attr }}"
													data-xf-click="quote"
													data-quote-href="{{ link('posts/quote', $post) }}">{{ phrase('reply') }}</a>
											</xf:if>
										</xf:contentcheck>
										</div>
									</xf:if>

									<xf:if contentcheck="true">
										<div class="actionBar-set actionBar-set--internal">
										<xf:contentcheck>
											<xf:if is="$post.canUseInlineModeration()">
												<span class="actionBar-action actionBar-action--inlineMod">
													<xf:checkbox standalone="true">
														<xf:option value="{$post.post_id}" class="js-inlineModToggle"
															data-xf-init="tooltip"
															title="{{ phrase('select_for_moderation')|for_attr }}" />
													</xf:checkbox>
												</span>
											</xf:if>

											<xf:if is="$post.canReport()">
												<a href="{{ link('posts/report', $post) }}"
													class="actionBar-action actionBar-action--report"
													data-xf-click="overlay">{{ phrase('report') }}</a>
											</xf:if>

											<xf:set var="$hasActionBarMenu" value="{{ false }}" />
											<xf:if is="$post.canEdit()">
												<xf:js src="xf/message.js" min="1" />
												<a href="{{ link('posts/edit', $post) }}"
													class="actionBar-action actionBar-action--edit actionBar-action--menuItem"
													data-xf-click="quick-edit"
													data-editor-target="#js-post-{$post.post_id} .js-quickEditTarget"
													data-menu-closer="true">{{ phrase('edit') }}</a>

												<xf:set var="$hasActionBarMenu" value="{{ true }}" />
											</xf:if>
											<xf:if is="$post.edit_count && $post.canViewHistory()">
												<a href="{{ link('posts/history', $post) }}"
													class="actionBar-action actionBar-action--history actionBar-action--menuItem"
													data-xf-click="toggle"
													data-target="#js-post-{$post.post_id} .js-historyTarget"
													data-menu-closer="true">{{ phrase('history') }}</a>

												<xf:set var="$hasActionBarMenu" value="{{ true }}" />
											</xf:if>
											<xf:if is="$post.canDelete('soft')">
												<a href="{{ link('posts/delete', $post) }}"
													class="actionBar-action actionBar-action--delete actionBar-action--menuItem"
													data-xf-click="overlay">{{ phrase('delete') }}</a>

												<xf:set var="$hasActionBarMenu" value="{{ true }}" />
											</xf:if>
											<xf:if is="$post.canCleanSpam()">
												<a href="{{ link('spam-cleaner', $post) }}"
													class="actionBar-action actionBar-action--spam actionBar-action--menuItem"
													data-xf-click="overlay">{{ phrase('spam') }}</a>

												<xf:set var="$hasActionBarMenu" value="{{ true }}" />
											</xf:if>
											<xf:if is="$xf.visitor.canViewIps() && $post.ip_id">
												<a href="{{ link('posts/ip', $post) }}"
													class="actionBar-action actionBar-action--ip actionBar-action--menuItem"
													data-xf-click="overlay">{{ phrase('ip') }}</a>

												<xf:set var="$hasActionBarMenu" value="{{ true }}" />
											</xf:if>
											<xf:if is="$post.canWarn()">

												<a href="{{ link('posts/warn', $post) }}"
													class="actionBar-action actionBar-action--warn actionBar-action--menuItem">{{ phrase('warn') }}</a>

												<xf:set var="$hasActionBarMenu" value="{{ true }}" />
											<xf:elseif is="$post.warning_id && $xf.visitor.canViewWarnings()" />
												<a href="{{ link('warnings', {'warning_id': $post.warning_id}) }}"
													class="actionBar-action actionBar-action--warn actionBar-action--menuItem"
													data-xf-click="overlay">{{ phrase('view_warning') }}</a>
												<xf:set var="$hasActionBarMenu" value="{{ true }}" />
											</xf:if>

											<xf:if is="$hasActionBarMenu">
												<a class="actionBar-action actionBar-action--menuTrigger"
													data-xf-click="menu"
													title="{{ phrase('more_options')|for_attr }}"
													role="button"
													tabindex="0"
													aria-expanded="false"
													aria-haspopup="true">&#8226;&#8226;&#8226;</a>

												<div class="menu" data-menu="menu" aria-hidden="true" data-menu-builder="actionBar">
													<div class="menu-content">
														<h4 class="menu-header">{{ phrase('more_options') }}</h4>
														<div class="js-menuBuilderTarget"></div>
													</div>
												</div>
											</xf:if>
										</xf:contentcheck>
										</div>
									</xf:if>

								</xf:contentcheck>
							</div>
						</xf:if>

						<div class="likesBar js-likeList {{ $post.likes ? 'is-active' : '' }}">
							<xf:likes content="{$post}" url="{{ link('posts/likes', $post) }}" />
						</div>

						<div class="js-historyTarget message-historyTarget toggleTarget" data-href="trigger-href"></div>
					</footer>
				</div>
			</div>
		</div>

		<xf:ad position="post_above" arg-post="{$post}" />
	</article>
</xf:macro>




<xf:macro name="discussion_comment_deleted" arg-post="!" arg-thread="!">
	<xf:css src="message.less" />
	<div class="message message--simple{{ $post.isIgnored() ? ' is-ignored' : '' }}{{ $post.isUnread() ? ' is-unread' : '' }} js-post js-inlineModContainer"
		data-author="{{ $post.User.username ?: $post.username }}"
		data-content="post-{$post.post_id}">

		<span class="u-anchorTarget" id="post-{$post.post_id}"></span>
		<div class="message-inner">
			<div class="message-cell message-cell--user">
				<xf:macro template="message_macros" name="user_info_simple" arg-user="{$post.User}" arg-fallbackName="{$post.username}" />
			</div>
			<div class="message-cell message-cell--main">
				<div class="message-attribution message-attribution--plain">
					<ul class="listInline listInline--bullet">
						<li class="message-attribution-user">
							<xf:avatar user="$post.User" size="xxs" />
							<h4 class="attribution"><xf:username user="{$post.User}" defaultname="{$post.username}" class="u-concealed" /></h4>
						</li>
						<li><xf:date time="$post.post_date" /></li>
					</ul>
				</div>

				<div class="messageNotice messageNotice--deleted">
					<xf:macro template="deletion_macros" name="notice" arg-log="{$post.DeletionLog}" />

					<a href="{{ link('posts/show', $post) }}" class="u-jsOnly" data-xf-click="inserter" data-replace="[data-content=post-{$post.post_id}]">{{ phrase('show...') }}</a>
				</div>
			</div>
		</div>
	</div>
</xf:macro>]]></template>
  <template type="public" title="alert_ewr_carta_page_edit" version_id="2000" version_string="2.0.0.0"><![CDATA[{{ phrase('EWRcarta_x_edited_the_wiki_page_y', {
	'name': username_link($user, false, {'defaultname': $alert.username}),
	'link': 'href="' . link('ewr-carta', $content) . '" class="fauxBlockLink-blockLink"',
	'title': $content.page_name
}) }}]]></template>
  <template type="admin" title="import_config_EWRcarta_carta140" version_id="2001" version_string="2.0.0.1"><![CDATA[<h3 class="block-formSectionHeader">{{ phrase('source_database_configuration') }}</h3>
<xf:if is="!$baseConfig.db.host">
	<xf:textboxrow name="config[db][host]" value="localhost"
		label="{{ phrase('mysql_server') }}"
		placeholder="$config['db']['host']" />
	<xf:textboxrow name="config[db][port]" value="3306"
		label="{{ phrase('mysql_port') }}"
		placeholder="$config['db']['port']" />
	<xf:textboxrow name="config[db][username]"
		label="{{ phrase('mysql_user_name') }}"
		placeholder="$config['db']['username']" />
	<xf:textboxrow name="config[db][password]" autocomplete="off"
		label="{{ phrase('mysql_password') }}"
		placeholder="$config['db']['password']" />
	<xf:textboxrow name="config[db][dbname]"
		label="{{ phrase('mysql_database_name') }}"
		placeholder="$config['db']['dbname']" />
<xf:else />
	<xf:formrow label="{{ phrase('mysql_server') }}">{$fullConfig.db.host}:{$fullConfig.db.dbname}</xf:formrow>
</xf:if>]]></template>
  <template type="public" title="like_item_ewr_carta_page" version_id="2000" version_string="2.0.0.0"><![CDATA[<xf:macro name="like_snippet" arg-liker="!" arg-wiki="!" arg-date="!" arg-fallbackName="{{ phrase('unknown_member') }}">
	<div class="contentRow-title">
		{{ phrase('EWRcarta_x_liked_wiki_page_y', {
			'name': username_link($liker, false, {'defaultname': $fallbackName}),
			'link': 'href="' . link('ewr-carta', $wiki) . '"',
			'title': $wiki.page_name
		}) }}
	</div>

	<div class="contentRow-snippet">{{
		snippet($wiki.page_content, $xf.options.newsFeedMessageSnippetLength, {'stripQuote': true})
	}}</div>

	<div class="contentRow-minor"><xf:date time="{$date}" /></div>
</xf:macro>

<xf:macro name="like_snippet" arg-liker="{$like.Liker}" arg-media="{$content}" arg-date="{$like.like_date}" />]]></template>
  <template type="public" title="news_feed_item_ewr_carta_page_edit" version_id="2000" version_string="2.0.0.0"><![CDATA[<div class="contentRow-title">
	{{ phrase('news_feed_ewr_carta_page_edit', {
		'username': username_link($user, false, {'defaultname': $newsFeed.username}),
		'page': '<a href="' . link('ewr-carta', $content) . '">' . $content.page_name . '</a>'
	}) }}
</div>

<div class="contentRow-snippet">{{ snippet($content.page_content, $xf.options.newsFeedMessageSnippetLength, {'stripQuote': true}) }}</div>

<div class="contentRow-minor"><xf:date time="{$newsFeed.event_date}" /></div>]]></template>
  <template type="public" title="news_feed_item_ewr_carta_page_like" version_id="2000" version_string="2.0.0.0"><![CDATA[<xf:macro template="like_item_ewr_carta_page" name="like_snippet"
	arg-liker="{$user}"
	arg-wiki="{$content}"
	arg-date="{$newsFeed.event_date}" />]]></template>
  <template type="public" title="search_result_ewr_carta_page" version_id="2000" version_string="2.0.0.0"><![CDATA[<li class="block-row block-row--separated">
	<div class="contentRow">
		<div class="contentRow-main">
			<h3 class="contentRow-title">
				<a href="{{ link('ewr-carta', $wiki) }}">{{ highlight($wiki.page_name, $options.term) }}</a>
			</h3>

			<div class="contentRow-snippet">{{ snippet($wiki.page_content, 300, {'term': $options.term, 'stripQuote': true}) }}</div>

			<div class="contentRow-minor contentRow-minor--hideLinks">
				<ul class="listInline listInline--bullet">
					<li>{{ phrase('EWRcarta_wiki') }}</li>
					<li>{{ phrase('last_updated:') }} <xf:date time="{$wiki.page_date}" /></li>
				</ul>
			</div>
		</div>
	</div>
</li>]]></template>
  <template type="public" title="widget_EWRcarta_index" version_id="2000" version_string="2.0.0.0"><![CDATA[<xf:if is="$index is not empty">
	<xf:css src="EWRcarta.less" />
	
	<div class="block carta-widget"{{ widget_data($widget) }}>
		<div class="block-container">
			<h3 class="block-minorHeader"><a href="{{ link('ewr-carta') }}">{$title}</a></h3>
			<div class="block-body block-row carta-index-list">
				<xf:foreach loop="$index" value="$child">
					<div class="carta-index-item {{ $child.page_id == $wiki.page_id ? 'is-active' : '' }}">
						<a href="{{ link('ewr-carta', $child) }}">{$child.page_name}</a>
					</div>
				</xf:foreach>
			</div>
		</div>
	</div>
</xf:if>]]></template>
  <template type="admin" title="widget_def_options_EWRcarta_index" version_id="2000" version_string="2.0.0.0"><![CDATA[]]></template>
</templates>
