<?xml version="1.0" encoding="utf-8"?>
<template_modifications>
  <modification type="public" template="PAGE_CONTAINER" modification_key="EWRcarta_PAGE_CONTAINER_copyright" description="{{ phrase('extra_copyright') }}" execution_order="10" enabled="1" action="str_replace">
    <find><![CDATA[{{ phrase('extra_copyright') }}]]></find>
    <replace><![CDATA[$0
<div class="carta-copyright">
	<a href="https://xenforo.com/community/resources/6393/"
		target="_blank">XenCarta 2 PRO</a> &copy; Jason Axelrod of
	<a href="https://8wayrun.com/" target="_blank">8WAYRUN</a>
</div>]]></replace>
  </modification>
  <modification type="public" template="thread_view" modification_key="EWRcarta_thread_view_wiki_navigation" description="adds wiki navigation above messages" execution_order="10" enabled="1" action="str_replace">
    <find><![CDATA[<xf:ad position="thread_view_above_messages" arg-thread="{$thread}" />]]></find>
    <replace><![CDATA[$0

<xf:if is="$thread.CartaPage">
	<xf:css src="EWRcarta.less" />

	<div class="tabs tabs--standalone carta-tabs">
		<div class="carta-tabs-opposite">
			<a id="thread" href="{{ link('threads', $thread) }}" class="tabs-tab is-active">
				{{ phrase('EWRcarta_discussion') }} ({$thread.reply_count})</a>
		
			<xf:if is="$thread.CartaPage.canWatch()">
				<a href="{{ link('ewr-carta/watch', $thread.CartaPage) }}" class="tabs-tab" role="tab"
				   data-xf-click="switch-overlay"
				   data-sk-watch="{{ phrase('watch') }}"
				   data-sk-unwatch="{{ phrase('unwatch') }}">
					<xf:if is="{$thread.CartaPage.Watch.{$xf.visitor.user_id}}">
						{{ phrase('unwatch') }}
					<xf:else />
						{{ phrase('watch') }}
					</xf:if>
				</a>
			</xf:if>
		</div>
		
		<div role="tablist" class="hScroller" data-xf-init="tabs h-scroller">
			<span class="hScroller-scroll">
				<a href="{{ link('ewr-carta', $thread.CartaPage) }}" class="tabs-tab">
					{{ phrase('page') }}</a>
				
				<xf:if is="$xf.visitor.hasPermission('EWRcarta', 'viewHistory')">
					<a id="history" href="{{ link('ewr-carta', $thread.CartaPage) }}#history" class="tabs-tab">
						{{ phrase('history') }}</a>
				</xf:if>

				<xf:if is="$thread.CartaPage.canEdit()">
					<a id="edit" href="{{ link('ewr-carta', $thread.CartaPage) }}#edit" class="tabs-tab">
						{{ phrase('edit') }}</a>
				</xf:if>
			</span>
		</div>
	</div>
</xf:if>]]></replace>
  </modification>
</template_modifications>
