<?xml version="1.0" encoding="utf-8"?>
<style title="Shades of Grey" description="Shades of Grey 2.2.3-1" user_selectable="1" base_version_id="2020371" export_version="2">
  <assets/>
  <templates>
    <template title="extra.less" type="public" addon_id="XF" version_id="2020371" version_string="2.2.3 Patch 1"><![CDATA[//////////////////////////////////////////////////////////////////////////////
/////////////////////// Shades of Grey - CSS additions ///////////////////////
//////////////////////////////////////////////////////////////////////////////

/* scrollbar colors */
/* Works on Firefox-only */
* {
  scrollbar-width: 12px;
  scrollbar-color: @xf-paletteAccent1 @xf-paletteColor5 !important;
}
/* Works on Chrome/Edge/Safari */
*::-webkit-scrollbar {
  width: 12px;
  overflow: scroll;
}
*::-webkit-scrollbar-track {
  background-color: @xf-paletteColor5 !important;
}
*::-webkit-scrollbar-thumb {
  background-color: @xf-paletteAccent1 !important;
  border-radius: 20px;
}

/* enlarge Unfurl */
.bbCodeBlock--unfurl .contentRow-figure.contentRow-figure--fixedSmall
{
    width: 150px;
    img { max-height: 100px; }
	img { min-width: 100px; }
}
@media (max-width: 650px){
.bbCodeBlock--unfurl .contentRow-figure.contentRow-figure--fixedSmall
{
    width: 60px;
    img { max-height:60px; }
	img { min-width: 60px; }
}
}

/* media category selected override */
.categoryList-link.is-selected {
  color: white;
}

/* media number text override */
.embedTabs .embedTabs-tab.has-selected .badge.badge--highlighted {
    color: @xf-paletteColor2 !important;
}

/* overlay footer override */
.overlay {
	background-color: @xf-paletteNeutral2;
}

/* button link background overide */
.button.button--link, a.button.button--link {
	color: @xf-paletteAccent3;
	background: @xf-paletteNeutral1;
	border-color: @xf-paletteNeutral1;
}
.button.button--link:hover, a.button.button--link:hover, .button.button--link:active, a.button.button--link:active, .button.button--link:focus, a.button.button--link:focus {
    text-decoration: none;
    background: @xf-paletteColor3;
}

/* userBanner.userBanner--staff override */
.userBanner.userBanner--staff, .userBanner.userBanner--primary {
    color: @xf-paletteAccent3;
    background: @xf-paletteNeutral2;
    border-color: @xf-paletteNeutral1;
}

/* Tag input field text fix */
.select2 .select2-selection ul .select2-search .select2-search__field {
    color: @xf-paletteColor2;
}
.select2-results__options li {
    background-color: @xf-paletteColor3;
}]]></template>
  </templates>
  <properties>
    <property property_name="avatarBg" group_name="avatar" title="Avatar background color" description="The basic background of all avatars, graphical and generic" property_type="value" value_type="color" depends_on="" value_group="" display_order="100" addon_id="XF">
      <value>"transparent"</value>
    </property>
    <property property_name="badge" group_name="misc" title="Badge" description="Badges appear to indicate a number if items requiring attention, such as unread messages in your inbox" property_type="css" value_type="" depends_on="" value_group="" display_order="20000" css_components="text,background,border,border_radius,extra" addon_id="XF">
      <value>{
    "color": "@xf-paletteAccent3",
    "background-color": "@xf-paletteColor3",
    "border-radius": "@xf-borderRadiusSmall"
}</value>
    </property>
    <property property_name="badgeHighlighted" group_name="misc" title="Badge - highlighted" description="Highlighted badges grab the viewer's attention more and tend to indicate new items to be reviewed" property_type="css" value_type="" depends_on="" value_group="" display_order="20100" css_components="text,background,border,extra" addon_id="XF">
      <value>{
    "color": "@xf-paletteAccent3",
    "background-color": "rgb(224, 48, 48)"
}</value>
    </property>
    <property property_name="bbCodeBlock" group_name="bbCode" title="BB code blocks" description="All BB code blocks within messages make use of these styling rules" property_type="css" value_type="" depends_on="" value_group="" display_order="20000" css_components="text,background,border,border_radius,extra" addon_id="XF">
      <value>{
    "background-color": "@xf-paletteNeutral3",
    "border-width": "@xf-borderSize",
    "border-color": "@xf-borderColorFaint",
    "border-left-width": "@xf-borderSizeFeature",
    "border-left-color": "@xf-borderColorAttention"
}</value>
    </property>
    <property property_name="bbCodeBlockTitle" group_name="bbCode" title="BB code blocks - title" description="Styles the title section of BB code blocks within messages" property_type="css" value_type="" depends_on="" value_group="" display_order="20100" css_components="text,background,border,extra" addon_id="XF">
      <value>{
    "font-size": "@xf-fontSizeSmall",
    "color": "@xf-blockTabHeaderTextColor",
    "background-color": "@xf-paletteAccent1"
}</value>
    </property>
    <property property_name="bbCodeInlineCode" group_name="bbCode" title="BB code block - inline code" description="Special styling rules for inline code ([ICODE]) elements." property_type="css" value_type="" depends_on="" value_group="" display_order="20200" css_components="text,background,border_width_simple,border_color_simple,border_radius_simple,padding,extra" addon_id="XF">
      <value>{
    "font-size": "80%",
    "background-color": "@xf-contentAltBg",
    "border-width": "@xf-borderSize",
    "border-color": "@xf-borderColorLight",
    "border-radius": "@xf-borderRadiusSmall",
    "padding-top": "1px",
    "padding-right": "@xf-paddingSmall",
    "padding-bottom": "1px",
    "padding-left": "@xf-paddingSmall"
}</value>
    </property>
    <property property_name="blockBorder" group_name="block" title="Block border framework" description="Virtually all blocks have their borders styled with these settings" property_type="css" value_type="" depends_on="" value_group="" display_order="20000" css_components="border,extra" addon_id="XF">
      <value>{
    "border-width": "@xf-borderSize",
    "border-color": "@xf-textColorAccentContent",
    "border-top-color": "@xf-borderColor",
    "border-right-color": "@xf-borderColor",
    "border-bottom-color": "@xf-borderColorHeavy",
    "border-left-color": "@xf-borderColor"
}</value>
    </property>
    <property property_name="blockFilterBar" group_name="block" title="Block filter bar" description="When the content of a block can be filtered, the controls to do so are styled here" property_type="css" value_type="" depends_on="" value_group="" display_order="20800" css_components="text,background,border,extra" addon_id="XF">
      <value>{
    "font-size": "@xf-fontSizeSmall",
    "color": "@xf-majorHeadingTextColor",
    "background-color": "@xf-majorHeadingBg",
    "border-bottom-width": "@xf-borderSize",
    "border-bottom-color": "@xf-borderColorHeavy",
    "extra": "background: linear-gradient(0deg, @xf-majorHeadingBg, mix(@xf-majorHeadingBg, @xf-contentBg, 50%));"
}</value>
    </property>
    <property property_name="blockFooterBg" group_name="color" title="Block footer background color" description="" property_type="value" value_type="color" depends_on="" value_group="blockFooter" display_order="7100" addon_id="XF">
      <value>"@xf-paletteColor1"</value>
    </property>
    <property property_name="blockFooterTextColor" group_name="color" title="Block footer text color" description="" property_type="value" value_type="color" depends_on="" value_group="blockFooter" display_order="7200" addon_id="XF">
      <value>"@xf-textColorDimmed"</value>
    </property>
    <property property_name="blockHeader" group_name="block" title="Block header" description="Blocks often have title bars at their tops, which are styled here" property_type="css" value_type="" depends_on="" value_group="" display_order="20100" css_components="text,background,border,extra" addon_id="XF">
      <value>{
    "font-size": "@xf-fontSizeLarger",
    "color": "@xf-linkColor",
    "background-color": "@xf-majorHeadingBg",
    "border-bottom-width": "@xf-borderSize",
    "border-bottom-color": "@xf-borderColor",
    "extra": "background: linear-gradient(0deg, @xf-majorHeadingBg, mix(@xf-majorHeadingBg, @xf-contentBg, 50%));"
}</value>
    </property>
    <property property_name="blockLinkSelected" group_name="misc" title="Block link - selected" description="Styling for block-type links when in their selected state" property_type="css" value_type="" depends_on="" value_group="" display_order="21000" css_components="text,background,border_width_simple,border_color_simple,extra" addon_id="XF">
      <value>{
    "color": "@xf-textColor",
    "font-weight": "@xf-fontWeightHeavy",
    "background-color": "@xf-contentHighlightBg",
    "border-width": "@xf-borderSizeFeature",
    "border-color": "@xf-borderColorFeature"
}</value>
    </property>
    <property property_name="blockMinorHeader" group_name="block" title="Block minor header" description="Sub-headings in blocks use these settings" property_type="css" value_type="" depends_on="" value_group="" display_order="20400" css_components="text,background,border,extra" addon_id="XF">
      <value>{
    "font-size": "@xf-fontSizeLarge",
    "color": "@xf-textColor"
}</value>
    </property>
    <property property_name="blockMinorTabHeader" group_name="block" title="Block minor tab header" description="Used for multi-part, tabbed sub-headings" property_type="css" value_type="" depends_on="" value_group="" display_order="20500" css_components="text,background,border,extra" addon_id="XF">
      <value>{
    "font-size": "@xf-fontSizeNormal",
    "color": "@xf-linkColor",
    "background-color": "@xf-contentBg",
    "border-bottom-width": "@xf-borderSize",
    "border-bottom-color": "@xf-borderColor"
}</value>
    </property>
    <property property_name="blockMinorTabHeaderSelected" group_name="block" title="Block minor tab header - selected tab" description="Selected tabs from block sub-headings" property_type="css" value_type="" depends_on="" value_group="" display_order="20600" css_components="text,background,border_color_simple,extra" addon_id="XF">
      <value>{
    "color": "@xf-paletteAccent3",
    "border-color": "@xf-paletteColor3"
}</value>
    </property>
    <property property_name="blockTabHeader" group_name="block" title="Block tab header" description="Occasionally, blocks will have multi-part, tab headers, styled with these settings" property_type="css" value_type="" depends_on="" value_group="" display_order="20200" css_components="text,background,border,extra" addon_id="XF">
      <value>{
    "font-size": "@xf-fontSizeNormal",
    "color": "@xf-linkColor",
    "background-color": "@xf-paletteAccent1",
    "border-bottom-width": "@xf-borderSize",
    "border-bottom-color": "@xf-borderColor"
}</value>
    </property>
    <property property_name="blockTabHeaderBg" group_name="color" title="Block tab header background color" description="" property_type="value" value_type="color" depends_on="" value_group="blockTabHeader" display_order="6500" addon_id="XF">
      <value>"@xf-paletteColor1"</value>
    </property>
    <property property_name="blockTabHeaderSelected" group_name="block" title="Block tab header - selected tab" description="The selected tab in multi-part headers takes additional styling from here" property_type="css" value_type="" depends_on="" value_group="" display_order="20300" css_components="text,background,border_color_simple,extra" addon_id="XF">
      <value>{
    "color": "@xf-paletteAccent3",
    "border-color": "@xf-paletteColor3"
}</value>
    </property>
    <property property_name="blockTabHeaderTextColor" group_name="color" title="Block tab header text color" description="" property_type="value" value_type="color" depends_on="" value_group="blockTabHeader" display_order="6600" addon_id="XF">
      <value>"@xf-paletteColor2"</value>
    </property>
    <property property_name="blockTextHeader" group_name="block" title="Block text header" description="Text headers are used for subtle identification of content areas, without changing the background style or color" property_type="css" value_type="" depends_on="" value_group="" display_order="20700" css_components="text,background,border,extra" addon_id="XF">
      <value>{
    "font-size": "@xf-fontSizeLarge",
    "color": "@xf-linkColor"
}</value>
    </property>
    <property property_name="borderColor" group_name="color" title="Border color" description="Structural borders around blocks of content generally use this color" property_type="value" value_type="color" depends_on="" value_group="borderBasic" display_order="4000" addon_id="XF">
      <value>"@xf-paletteNeutral3"</value>
    </property>
    <property property_name="borderColorAccentContent" group_name="color" title="Accent content border color" description="" property_type="value" value_type="color" depends_on="" value_group="borderOther" display_order="5200" addon_id="XF">
      <value>"@xf-paletteColor3"</value>
    </property>
    <property property_name="borderColorAttention" group_name="color" title="Attention-grabbing border color" description="" property_type="value" value_type="color" depends_on="" value_group="borderOther" display_order="5300" addon_id="XF">
      <value>"@xf-paletteColor3"</value>
    </property>
    <property property_name="borderColorFaint" group_name="color" title="Faint border color" description="" property_type="value" value_type="color" depends_on="" value_group="borderBasic" display_order="4100" addon_id="XF">
      <value>"@xf-paletteNeutral1"</value>
    </property>
    <property property_name="borderColorFeature" group_name="color" title="Feature border color" description="" property_type="value" value_type="color" depends_on="" value_group="borderOther" display_order="5100" addon_id="XF">
      <value>"@xf-paletteColor3"</value>
    </property>
    <property property_name="borderColorHeavy" group_name="color" title="Heavy border color" description="" property_type="value" value_type="color" depends_on="" value_group="borderBasic" display_order="4300" addon_id="XF">
      <value>"@xf-paletteNeutral3"</value>
    </property>
    <property property_name="borderColorHighlight" group_name="color" title="Highlight border color" description="" property_type="value" value_type="color" depends_on="" value_group="borderOther" display_order="5000" addon_id="XF">
      <value>"@xf-paletteNeutral3"</value>
    </property>
    <property property_name="borderColorLight" group_name="color" title="Light border color" description="" property_type="value" value_type="color" depends_on="" value_group="borderBasic" display_order="4200" addon_id="XF">
      <value>"@xf-paletteNeutral1"</value>
    </property>
    <property property_name="buttonBase" group_name="button" title="Button base" description="Defines the styling for the basic elements that are common to all text-based buttons" property_type="css" value_type="" depends_on="" value_group="" display_order="20000" css_components="text,border_radius,padding,extra" addon_id="XF">
      <value>{
    "font-size": "@xf-fontSizeSmall",
    "border-radius": "@xf-borderRadiusMedium",
    "padding-top": "5px",
    "padding-right": "10px",
    "padding-bottom": "5px",
    "padding-left": "10px",
    "extra": "text-align: center;"
}</value>
    </property>
    <property property_name="buttonBg" group_name="color" title="Default button background color" description="" property_type="value" value_type="color" depends_on="" value_group="buttons" display_order="8200" addon_id="XF">
      <value>"@xf-paletteNeutral1"</value>
    </property>
    <property property_name="buttonCta" group_name="button" title="Button - call to action" description="Call to action buttons sit alone and invite the user to do something, like post a new thread" property_type="css" value_type="" depends_on="" value_group="" display_order="20300" css_components="text,background,extra" addon_id="XF">
      <value>{
    "color": "contrast(@xf-buttonCtaBg)",
    "background-color": "@xf-paletteAccent2",
    "extra": "border-color: rgb(40, 40, 40) !important;"
}</value>
    </property>
    <property property_name="buttonCtaBg" group_name="color" title="Call-to-action button background" description="" property_type="value" value_type="color" depends_on="" value_group="buttons" display_order="8400" addon_id="XF">
      <value>"@xf-paletteColor3"</value>
    </property>
    <property property_name="buttonDefault" group_name="button" title="Button - default" description="Most buttons use this styling, except for primary form submit buttons" property_type="css" value_type="" depends_on="" value_group="" display_order="20100" css_components="text,background,extra" addon_id="XF">
      <value>{
    "color": "rgb(255, 255, 255)",
    "background-color": "rgb(24, 88, 134)",
    "extra": "border-color: rgb(40, 40, 40) !important;"
}</value>
    </property>
    <property property_name="buttonPrimary" group_name="button" title="Button - primary" description="These rules are used mostly for the main submit button for forms" property_type="css" value_type="" depends_on="" value_group="" display_order="20200" css_components="text,background,extra" addon_id="XF">
      <value>{
    "color": "contrast(@xf-buttonPrimaryBg)",
    "background-color": "@xf-buttonPrimaryBg",
    "extra": "min-width: 80px;\nborder-color: rgb(40, 40, 40) !important;"
}</value>
    </property>
    <property property_name="buttonTextColor" group_name="color" title="Default button text color" description="" property_type="value" value_type="color" depends_on="" value_group="buttons" display_order="8100" addon_id="XF">
      <value>"@xf-paletteAccent3"</value>
    </property>
    <property property_name="chip" group_name="misc" title="Chips" description="The primary use for chips is in tagging content, where each tag will appear as a chip" property_type="css" value_type="" depends_on="" value_group="" display_order="20200" css_components="text,background,border_width_simple,border_color_simple,extra" addon_id="XF">
      <value>{
    "color": "@xf-paletteAccent3",
    "background-color": "@xf-pageBg",
    "border-width": "@xf-borderSize",
    "border-color": "@xf-borderColor"
}</value>
    </property>
    <property property_name="chipHover" group_name="misc" title="Chips - hovered" description="Chip styling is adjusted using these settings when they are hovered" property_type="css" value_type="" depends_on="" value_group="" display_order="20300" css_components="text,background,border_color_simple,extra" addon_id="XF">
      <value>{
    "color": "@xf-paletteAccent3",
    "background-color": "@xf-contentAccentBg"
}</value>
    </property>
    <property property_name="chromeBg" group_name="color" title="Page chrome background color" description="" property_type="value" value_type="color" depends_on="" value_group="chrome" display_order="6000" addon_id="XF">
      <value>"@xf-paletteColor1"</value>
    </property>
    <property property_name="contentAccentBase" group_name="content" title="Accented content area base" description="When attention needs to be directed to content, this background may be employed" property_type="css" value_type="" depends_on="" value_group="" display_order="20300" css_components="text,background,extra" addon_id="XF">
      <value>{
    "color": "@xf-textColor",
    "background-color": "@xf-contentAccentBg"
}</value>
    </property>
    <property property_name="contentAccentBg" group_name="color" title="Accented content background color" description="This background color is used for further differentiation from regular content" property_type="value" value_type="color" depends_on="" value_group="contentBackground" display_order="2400" addon_id="XF">
      <value>"@xf-paletteColor3"</value>
    </property>
    <property property_name="contentAltBase" group_name="content" title="Alternate content area base" description="When an alternative background needs to be presented along side the main content background, this will be employed" property_type="css" value_type="" depends_on="" value_group="" display_order="20100" css_components="text,background,extra" addon_id="XF">
      <value>{
    "color": "@xf-textColor",
    "background-color": "@xf-contentAltBg"
}</value>
    </property>
    <property property_name="contentAltBg" group_name="color" title="Alternate content background color" description="In order to differentiate it, some content will be presented on this alternative background" property_type="value" value_type="color" depends_on="" value_group="contentBackground" display_order="2200" addon_id="XF">
      <value>"@xf-paletteAccent1"</value>
    </property>
    <property property_name="contentBase" group_name="content" title="Content area base" description="This styling is applied to the background of primary content, such as messages" property_type="css" value_type="" depends_on="" value_group="" display_order="20000" css_components="text,background,extra" addon_id="XF">
      <value>{
    "color": "@xf-textColor",
    "background-color": "@xf-contentBg"
}</value>
    </property>
    <property property_name="contentBg" group_name="color" title="Content background color" description="Most normal content will sit on this background" property_type="value" value_type="color" depends_on="" value_group="contentBackground" display_order="2000" addon_id="XF">
      <value>"@xf-paletteNeutral2"</value>
    </property>
    <property property_name="contentHighlightBase" group_name="content" title="Highlighted content area base" description="If an area of content is selected, for example a row in a table, its normal background will be substituted with this" property_type="css" value_type="" depends_on="" value_group="" display_order="20200" css_components="text,background,extra" addon_id="XF">
      <value>{
    "color": "@xf-textColor",
    "background-color": "@xf-contentHighlightBg"
}</value>
    </property>
    <property property_name="contentHighlightBg" group_name="color" title="Highlighted content background color" description="When the standard background color is highlighted or selected, it will use this color" property_type="value" value_type="color" depends_on="" value_group="contentBackground" display_order="2300" addon_id="XF">
      <value>"@xf-paletteAccent1"</value>
    </property>
    <property property_name="dataListHeader" group_name="dataList" title="Data list header" description="The title bar of a data list is styled with these settings" property_type="css" value_type="" depends_on="" value_group="" display_order="20000" css_components="text,background,border,extra" addon_id="XF">
      <value>{
    "font-size": "@xf-fontSizeSmaller",
    "color": "@xf-majorHeadingTextColor",
    "font-weight": "@xf-fontWeightHeavy",
    "background-color": "fade(@xf-majorHeadingBg, 65%)",
    "border-bottom-width": "@xf-borderSize",
    "border-bottom-color": "rgba(100, 100, 100, 0.4)",
    "extra": "text-transform: none;"
}</value>
    </property>
    <property property_name="dataListSection" group_name="dataList" title="Data list section header" description="Individual data list sections are divided with this titular header bar" property_type="css" value_type="" depends_on="" value_group="" display_order="20100" css_components="text,background,border,extra" addon_id="XF">
      <value>{
    "font-size": "@xf-fontSizeLarge",
    "color": "@xf-majorHeadingTextColor",
    "background-color": "@xf-majorHeadingBg",
    "border-bottom-width": "@xf-borderSize",
    "border-bottom-color": "rgba(100, 100, 100, 0.4)"
}</value>
    </property>
    <property property_name="editorButtonActiveColor" group_name="rte" title="Editor button active color" description="Color for icons when active, such as the 'B' when the cursor is on bold text" property_type="value" value_type="color" depends_on="" value_group="buttons" display_order="2102" addon_id="XF">
      <value>"@xf-buttonTextColor"</value>
    </property>
    <property property_name="editorButtonColor" group_name="rte" title="Editor button icon color" description="Color of the icons in the toolbar" property_type="value" value_type="color" depends_on="" value_group="buttons" display_order="2101" addon_id="XF">
      <value>"fade(mix(@xf-textColor, @xf-majorHeadingTextColor), 100%)"</value>
    </property>
    <property property_name="editorSelectionBg" group_name="rte" title="Editor selection background" description="Background color for text that has been selected in the editor" property_type="value" value_type="color" depends_on="" value_group="selectedContent" display_order="1101" addon_id="XF">
      <value>"@xf-borderColorFeature"</value>
    </property>
    <property property_name="editorSelectionColor" group_name="rte" title="Editor selection text color" description="When text is selected within the text editor, it will use this color" property_type="value" value_type="color" depends_on="" value_group="selectedContent" display_order="1102" addon_id="XF">
      <value>"@xf-buttonTextColor"</value>
    </property>
    <property property_name="editorToolsFocusBg" group_name="rte" title="Editor toolbar background when focused" description="The background of the toolbar when the editor is focused" property_type="value" value_type="string" depends_on="" value_group="toolbar" display_order="1502" addon_id="XF">
      <value>"rgb(20, 20, 20)"</value>
    </property>
    <property property_name="errorBg" group_name="color" title="Error message background" description="" property_type="value" value_type="color" depends_on="" value_group="errorMessage" display_order="10410" addon_id="XF">
      <value>"@xf-paletteColor3"</value>
    </property>
    <property property_name="errorColor" group_name="color" title="Error message text color" description="" property_type="value" value_type="color" depends_on="" value_group="errorMessage" display_order="10420" addon_id="XF">
      <value>"@xf-textColor"</value>
    </property>
    <property property_name="errorFeatureColor" group_name="color" title="Error message feature color" description="" property_type="value" value_type="color" depends_on="" value_group="errorMessage" display_order="10430" addon_id="XF">
      <value>"@xf-textColor"</value>
    </property>
    <property property_name="fixedMessage" group_name="misc" title="Fixed system message bar" description="Occasionally, system messages will be displayed to the visitor in a fixed element that appears at the bottom of the window. Its styling is controlled here" property_type="css" value_type="" depends_on="" value_group="" display_order="20400" css_components="text,background,border,padding,extra" addon_id="XF">
      <value>{
    "color": "@xf-paletteAccent3",
    "background-color": "@xf-paletteColor3",
    "border-top-width": "@xf-borderSize",
    "border-top-color": "xf-intensify(@xf-paletteNeutral2, 10%)",
    "border-bottom-width": "@xf-borderSize",
    "border-bottom-color": "xf-intensify(@xf-paletteNeutral2, 10%)",
    "padding": "@xf-paddingLarge"
}</value>
    </property>
    <property property_name="flashMessage" group_name="misc" title="Flash message bar" description="A message may temporarily appear at the top of the screen to indicate the result of an action taken. Its styling can be controlled here." property_type="css" value_type="" depends_on="" value_group="" display_order="20350" css_components="text,background,padding,extra" addon_id="XF">
      <value>{
    "font-size": "@xf-fontSizeLargest",
    "color": "@xf-paletteAccent3",
    "background-color": "@xf-paletteColor3",
    "padding": "@xf-paddingLargest",
    "extra": "text-align: center;\n.m-dropShadow(0, 5px, 5px);"
}</value>
    </property>
    <property property_name="formLabel" group_name="form" title="Form label column" description="In full-width forms, the left column contains labels for the controls in the right column" property_type="css" value_type="" depends_on="" value_group="" display_order="20100" css_components="text,background,border_color_simple,extra" addon_id="XF">
      <value>{
    "color": "@xf-textColor",
    "background-color": "@xf-inputBgColor",
    "border-color": "rgba(100, 100, 100, 0.4)",
    "extra": "text-align: right;"
}</value>
    </property>
    <property property_name="formSubmitRow" group_name="form" title="Form submit row" description="At the bottom of most forms is a bar containing the submit button etc." property_type="css" value_type="" depends_on="" value_group="" display_order="20400" css_components="background,border,extra" addon_id="XF">
      <value>{
    "background-color": "@xf-paletteNeutral3",
    "border-top-width": "@xf-borderSize",
    "border-top-color": "@xf-borderColorHeavy"
}</value>
    </property>
    <property property_name="inlineModBar" group_name="inlineMod" title="Inline moderation bar" description="A bar containing controls appears when content is selected for inline moderation. Its appearance is controlled here" property_type="css" value_type="" depends_on="" value_group="" display_order="20000" css_components="text,background,border,padding,extra" addon_id="XF">
      <value>{
    "color": "@xf-paletteColor2",
    "background-color": "@xf-paletteColor1",
    "border-bottom-width": "@xf-borderSize",
    "border-bottom-color": "xf-intensify(@xf-paletteColor5, 10%)",
    "padding-top": "@xf-paddingSmall",
    "padding-bottom": "@xf-paddingSmall"
}</value>
    </property>
    <property property_name="inlineModHighlightColor" group_name="color" title="Inline moderation highlight color" description="When content is selected for inline moderation, its background color will be replaced with this" property_type="value" value_type="color" depends_on="" value_group="contentBackground" display_order="2500" addon_id="XF">
      <value>"@xf-paletteNeutral3"</value>
    </property>
    <property property_name="input" group_name="input" title="Form input" description="Controls the style of most text-input boxes" property_type="css" value_type="" depends_on="" value_group="" display_order="20000" css_components="text,background,border,border_radius,padding,extra" addon_id="XF">
      <value>{
    "font-size": "@xf-fontSizeNormal",
    "color": "@xf-inputTextColor",
    "background-color": "@xf-subNavBg",
    "border-width": "@xf-borderSize",
    "border-radius": "@xf-borderRadiusMedium",
    "border-top-color": "@xf-borderColorHeavy",
    "border-right-color": "@xf-borderColorLight",
    "border-bottom-color": "@xf-borderColorLight",
    "border-left-color": "@xf-borderColorHeavy",
    "padding": "@xf-paddingMedium"
}</value>
    </property>
    <property property_name="inputFocus" group_name="input" title="Form input - focused" description="These rules are applied to text boxes when they are selected for input" property_type="css" value_type="" depends_on="" value_group="" display_order="20100" css_components="text,background,border,extra" addon_id="XF">
      <value>{
    "color": "@xf-textColor",
    "background-color": "rgb(70, 70, 70)"
}</value>
    </property>
    <property property_name="inputFocusBgColor" group_name="color" title="Focused text box background color" description="" property_type="value" value_type="color" depends_on="" value_group="input" display_order="8600" addon_id="XF">
      <value>"@xf-contentHighlightBg"</value>
    </property>
    <property property_name="inputTextColor" group_name="color" title="Text input box text color" description="" property_type="value" value_type="color" depends_on="" value_group="input" display_order="8499" addon_id="XF">
      <value>"@xf-paletteColor2"</value>
    </property>
    <property property_name="link" group_name="page" title="Links" description="These are the styling rules for basic hyperlinks throughout the system" property_type="css" value_type="" depends_on="" value_group="" display_order="20000" css_components="text,extra" addon_id="XF">
      <value>{
    "color": "@xf-linkColor",
    "text-decoration": "none"
}</value>
    </property>
    <property property_name="linkColor" group_name="color" title="Link color" description="Basic hyperlinks on standard background colors will use this style" property_type="value" value_type="color" depends_on="" value_group="links" display_order="1000" addon_id="XF">
      <value>"@xf-paletteColor4"</value>
    </property>
    <property property_name="linkHover" group_name="page" title="Links - hovered" description="When basic links are hovered, they use this set of rules for their styling" property_type="css" value_type="" depends_on="" value_group="" display_order="20100" css_components="text,extra" addon_id="XF">
      <value>{
    "color": "@xf-linkHoverColor",
    "text-decoration": "underline"
}</value>
    </property>
    <property property_name="linkHoverColor" group_name="color" title="Link hover color" description="Basic hyperlinks will turn this color when hovered" property_type="value" value_type="color" depends_on="" value_group="links" display_order="1100" addon_id="XF">
      <value>"@xf-textColor"</value>
    </property>
    <property property_name="majorHeadingBg" group_name="color" title="Major heading background color" description="" property_type="value" value_type="color" depends_on="" value_group="heading" display_order="6100" addon_id="XF">
      <value>"@xf-paletteColor1"</value>
    </property>
    <property property_name="majorHeadingTextColor" group_name="color" title="Major heading text color" description="" property_type="value" value_type="color" depends_on="" value_group="heading" display_order="6200" addon_id="XF">
      <value>"@xf-paletteColor4"</value>
    </property>
    <property property_name="memberHeader" group_name="member" title="Member profile header" description="The member profile page's content header is styled with these settings" property_type="css" value_type="" depends_on="" value_group="" display_order="20000" css_components="text,background,border,extra" addon_id="XF">
      <value>{
    "background-color": "@xf-paletteNeutral3",
    "border-bottom-width": "@xf-borderSize",
    "border-bottom-color": "@xf-borderColorLight",
    "extra": "border-radius: @block-borderRadius-inner @block-borderRadius-inner 0 0;"
}</value>
    </property>
    <property property_name="memberTooltipHeader" group_name="member" title="Member tooltip header" description="The member tooltip, which appears when hovering over user names, is styled with these controls" property_type="css" value_type="" depends_on="" value_group="" display_order="20300" css_components="text,background,border,extra" addon_id="XF">
      <value>{
    "background-color": "@xf-paletteAccent1",
    "border-bottom-width": "@xf-borderSize",
    "border-bottom-color": "@xf-borderColorLight"
}</value>
    </property>
    <property property_name="menuFeatureBorderColor" group_name="menu" title="Menu feature border color" description="Popup menus have a thick feature border on their upper edge, the styling of which is controlled here" property_type="value" value_type="color" depends_on="" value_group="" display_order="100" addon_id="XF">
      <value>"@xf-paletteColor3"</value>
    </property>
    <property property_name="menuLinkRowSelected" group_name="menu" title="Menu link row - selected" description="Styling for link rows in menus, when selected or hovered" property_type="css" value_type="" depends_on="" value_group="" display_order="20500" css_components="text,background,extra" addon_id="XF">
      <value>{
    "color": "@xf-linkColor",
    "text-decoration": "none",
    "background-color": "@xf-contentHighlightBg"
}</value>
    </property>
    <property property_name="messageNewIndicator" group_name="message" title="New message indicator" description="Usually a small token attached to the message block, the indicator that a message is new/unread is controlled here" property_type="css" value_type="" depends_on="" value_group="" display_order="20100" css_components="text,background,border,border_radius,padding,extra" addon_id="XF">
      <value>{
    "font-size": "90%",
    "color": "@xf-paletteAccent3",
    "background-color": "@xf-paletteAccent2",
    "border-radius": "@xf-borderRadiusSmall",
    "padding-top": "1px",
    "padding-right": "4px",
    "padding-bottom": "1px",
    "padding-left": "4px"
}</value>
    </property>
    <property property_name="messageUserBlock" group_name="message" title="Message user info block" description="Apart from its width, the (left) message user info column is styled here" property_type="css" value_type="" depends_on="" value_group="" display_order="20000" css_components="text,background,border_width_simple,border_color_simple,extra" addon_id="XF">
      <value>{
    "background-color": "rgb(50, 50, 50)",
    "border-width": "@xf-borderSize",
    "border-color": "@xf-borderColor"
}</value>
    </property>
    <property property_name="minorBlockContent" group_name="block" title="Minor internal block content" description="Content within blocks that is of less importance than the main content may be styled here" property_type="css" value_type="" depends_on="" value_group="" display_order="21100" css_components="text,background,border_width_simple,border_color_simple,extra" addon_id="XF">
      <value>{
    "background-color": "@xf-contentAltBg",
    "border-width": "@xf-borderSize",
    "border-color": "@xf-borderColorLight",
    "extra": "background: mix(@xf-paletteNeutral2, @xf-paletteAccent1);\nborder-color: @xf-paletteNeutral3;"
}</value>
    </property>
    <property property_name="minorHeadingTextColor" group_name="color" title="Minor heading text color" description="" property_type="value" value_type="color" depends_on="" value_group="heading" display_order="6400" addon_id="XF">
      <value>"@xf-paletteColor2"</value>
    </property>
    <property property_name="nodeIconUnreadColor" group_name="nodeList" title="Unread node icon color" description="Node icons give an at-a-glance indication of whether or not the content housed within the node has been read. The unread icon color should stand out from its background for quick identification" property_type="value" value_type="color" depends_on="" value_group="" display_order="100" addon_id="XF">
      <value>"@xf-linkColor"</value>
    </property>
    <property property_name="pageBackground" group_name="page" title="Page background" description="The page background, behind all block elements, uses the styling rules defined here" property_type="css" value_type="" depends_on="" value_group="" display_order="20200" css_components="background,extra" addon_id="XF">
      <value>{
    "background-color": "@xf-pageBg"
}</value>
    </property>
    <property property_name="pageBg" group_name="color" title="Page background color" description="The background of the page itself, on which all other content rests" property_type="value" value_type="color" depends_on="" value_group="contentBackground" display_order="2100" addon_id="XF">
      <value>"@xf-paletteColor1"</value>
    </property>
    <property property_name="pageWidthMax" group_name="page" title="Maximum page width" description="As the window is resized, it will continue to grow in width until this value, after which it will remain static" property_type="value" value_type="unit" depends_on="" value_group="page" display_order="100" addon_id="XF">
      <value>"1400px"</value>
    </property>
    <property property_name="paletteAccent1" group_name="palette" title="Accent 1" description="" property_type="value" value_type="color" depends_on="" value_group="accent" display_order="2000" addon_id="XF">
      <value_parameters>hidePalette=true</value_parameters>
      <value>"rgb(30, 30, 30)"</value>
    </property>
    <property property_name="paletteAccent2" group_name="palette" title="Accent 2" description="" property_type="value" value_type="color" depends_on="" value_group="accent" display_order="2100" addon_id="XF">
      <value_parameters>hidePalette=true</value_parameters>
      <value>"rgb(54, 108, 54)"</value>
    </property>
    <property property_name="paletteAccent3" group_name="palette" title="Accent 3" description="" property_type="value" value_type="color" depends_on="" value_group="accent" display_order="2200" addon_id="XF">
      <value_parameters>hidePalette=true</value_parameters>
      <value>"rgb(255, 255, 255)"</value>
    </property>
    <property property_name="paletteColor1" group_name="palette" title="Color 1" description="" property_type="value" value_type="color" depends_on="" value_group="primary" display_order="1000" addon_id="XF">
      <value_parameters>hidePalette=true</value_parameters>
      <value>"rgb(25, 25, 25)"</value>
    </property>
    <property property_name="paletteColor2" group_name="palette" title="Color 2" description="" property_type="value" value_type="color" depends_on="" value_group="primary" display_order="1100" addon_id="XF">
      <value_parameters>hidePalette=true</value_parameters>
      <value>"rgb(222, 222, 222)"</value>
    </property>
    <property property_name="paletteColor3" group_name="palette" title="Color 3" description="" property_type="value" value_type="color" depends_on="" value_group="primary" display_order="1200" addon_id="XF">
      <value_parameters>hidePalette=true</value_parameters>
      <value>"rgb(64, 121, 181)"</value>
    </property>
    <property property_name="paletteColor4" group_name="palette" title="Color 4" description="" property_type="value" value_type="color" depends_on="" value_group="primary" display_order="1300" addon_id="XF">
      <value_parameters>hidePalette=true</value_parameters>
      <value>"rgb(159, 201, 231)"</value>
    </property>
    <property property_name="paletteColor5" group_name="palette" title="Color 5" description="" property_type="value" value_type="color" depends_on="" value_group="primary" display_order="1400" addon_id="XF">
      <value_parameters>hidePalette=true</value_parameters>
      <value>"rgb(15, 15, 15)"</value>
    </property>
    <property property_name="paletteNeutral1" group_name="palette" title="Neutral 1" description="" property_type="value" value_type="color" depends_on="" value_group="neutral" display_order="3000" addon_id="XF">
      <value_parameters>hidePalette=true</value_parameters>
      <value>"rgb(65, 65, 65)"</value>
    </property>
    <property property_name="paletteNeutral2" group_name="palette" title="Neutral 2" description="" property_type="value" value_type="color" depends_on="" value_group="neutral" display_order="3100" addon_id="XF">
      <value_parameters>hidePalette=true</value_parameters>
      <value>"rgb(40, 40, 40)"</value>
    </property>
    <property property_name="paletteNeutral3" group_name="palette" title="Neutral 3" description="" property_type="value" value_type="color" depends_on="" value_group="neutral" display_order="3200" addon_id="XF">
      <value_parameters>hidePalette=true</value_parameters>
      <value>"rgb(55, 55, 55)"</value>
    </property>
    <property property_name="publicFooter" group_name="footer" title="Footer" description="The footer is the primary element that sits below the main content on all public pages" property_type="css" value_type="" depends_on="" value_group="" display_order="20000" css_components="text,background,border,extra" addon_id="XF">
      <value>{
    "font-size": "@xf-fontSizeSmall",
    "color": "@xf-textColor",
    "background-color": "@xf-paletteAccent1"
}</value>
    </property>
    <property property_name="publicFooterLink" group_name="footer" title="Footer links" description="Controls styling for individual links within the footer" property_type="css" value_type="" depends_on="" value_group="" display_order="20100" css_components="text,extra" addon_id="XF">
      <value>{
    "color": "@xf-linkColor"
}</value>
    </property>
    <property property_name="publicHeader" group_name="headerNav" title="Header/logo row" description="The header row contains your logo and sits at the top of every public page" property_type="css" value_type="" depends_on="" value_group="" display_order="20000" css_components="text,background,extra" addon_id="XF">
      <value>{
    "color": "@xf-chromeTextColor",
    "background-color": "@xf-paletteAccent1"
}</value>
    </property>
    <property property_name="publicHeaderAdjustColor" group_name="headerNav" title="Header adjustment color" description="The color of the header background is adjusted to be used as the background for the inbox and alerts area in the header" property_type="value" value_type="color" depends_on="" value_group="header" display_order="100" addon_id="XF">
      <value>"@xf-paletteNeutral3"</value>
    </property>
    <property property_name="publicNav" group_name="headerNav" title="Navigation row" description="The navigation row sits below the header and contains the primary site navigation tabs and menus" property_type="css" value_type="" depends_on="" value_group="" display_order="20100" css_components="text,background,extra" addon_id="XF">
      <value>{
    "color": "@xf-chromeTextColor",
    "background-color": "@xf-paletteAccent1"
}</value>
    </property>
    <property property_name="publicNavSelected" group_name="headerNav" title="Navigation row - selected tab" description="Additional styling to apply to navigation tabs when they are selected" property_type="css" value_type="" depends_on="" value_group="" display_order="20300" css_components="text,background,border,border_radius,extra" addon_id="XF">
      <value>{
    "color": "@xf-paletteAccent3",
    "font-weight": "@xf-fontWeightHeavy",
    "background-color": "@xf-paletteNeutral3",
    "border-top-left-radius": "@xf-borderRadiusSmall",
    "border-top-right-radius": "@xf-borderRadiusSmall"
}</value>
    </property>
    <property property_name="publicNavTab" group_name="headerNav" title="Navigation row - tab" description="Controls the styling of individual tab elements within the navigation row" property_type="css" value_type="" depends_on="" value_group="" display_order="20200" css_components="text,background,extra" addon_id="XF">
      <value>{
    "color": "@xf-chromeTextColor",
    "text-decoration": "none",
    "background-color": "@xf-paletteAccent1"
}</value>
    </property>
    <property property_name="publicNavTabHover" group_name="headerNav" title="Navigation row - hovered tab" description="Additional styling to apply to navigation tabs when the pointer hovers over them" property_type="css" value_type="" depends_on="" value_group="" display_order="20400" css_components="text,background,extra" addon_id="XF">
      <value>{
    "color": "@xf-paletteAccent3",
    "text-decoration": "none",
    "background-color": "@xf-paletteNeutral3"
}</value>
    </property>
    <property property_name="publicNavTabMenuOpen" group_name="headerNav" title="Navigation row - menu open" description="Styling applied when the popup menu for the current tab is visible" property_type="css" value_type="" depends_on="" value_group="" display_order="20450" css_components="text,background,extra" addon_id="XF">
      <value>{
    "color": "@xf-paletteAccent3",
    "text-decoration": "none",
    "background-color": "@xf-paletteColor3"
}</value>
    </property>
    <property property_name="publicStaffBar" group_name="headerNav" title="Staff tools bar" description="Visible only to staff, the staff tools bar sits above the header and contains items such as reported content, the moderation queue..." property_type="css" value_type="" depends_on="" value_group="" display_order="20700" css_components="text,background,border,extra" addon_id="XF">
      <value>{
    "font-size": "@xf-fontSizeSmall",
    "color": "@xf-paletteColor2",
    "background-color": "rgb(11,11,11)",
    "border-bottom-width": "@xf-borderSize",
    "border-bottom-color": "xf-intensify(@xf-publicStaffBar--background-color, 4%)"
}</value>
    </property>
    <property property_name="publicSubNav" group_name="headerNav" title="Sub-navigation row" description="Below the main navigation row, this row shows content associated with the selected main navigation tab" property_type="css" value_type="" depends_on="" value_group="" display_order="20500" css_components="text,background,border,extra" addon_id="XF">
      <value>{
    "font-size": "@xf-fontSizeSmall",
    "color": "@xf-linkColor",
    "background-color": "@xf-paletteNeutral3"
}</value>
    </property>
    <property property_name="publicSubNavElHover" group_name="headerNav" title="Sub-navigation row - hovered element" description="Additional styling applied to sub-navigation tabs when the pointer hovers over them" property_type="css" value_type="" depends_on="" value_group="" display_order="20600" css_components="text,extra" addon_id="XF">
      <value>{
    "color": "@xf-paletteAccent3"
}</value>
    </property>
    <property property_name="publicSubNavElMenuOpen" group_name="headerNav" title="Sub-navigation row - menu-open element" description="Styles sub-navigation elements whose popup menu is currently open" property_type="css" value_type="" depends_on="" value_group="" display_order="20650" css_components="text,background,extra" addon_id="XF">
      <value>{
    "color": "@xf-paletteAccent3",
    "text-decoration": "none",
    "background-color": "@xf-paletteColor3"
}</value>
    </property>
    <property property_name="scrollJumpButtons" group_name="page" title="Display page jump buttons on scroll" description="If enabled, floating buttons will be displayed shortly after the page is scrolled which allow you to jump to the top or bottom of the page. If this is only triggered when scrolling up, only a jump to top button will be displayed." property_type="value" value_type="radio" depends_on="" value_group="" display_order="3000" addon_id="XF">
      <value_parameters>={{ phrase('scroll_buttons_do_not_display') }}
up={{ phrase('scroll_buttons_when_scrolling_up') }}
both={{ phrase('scroll_buttons_when_scrolling_up_or_down') }}</value_parameters>
      <value>"both"</value>
    </property>
    <property property_name="standaloneTab" group_name="tab" title="Standalone tabs" description="Tabs that are not part of block headers are styled here" property_type="css" value_type="" depends_on="" value_group="" display_order="20000" css_components="text,background,extra" addon_id="XF">
      <value>{
    "font-size": "@xf-fontSizeNormal",
    "color": "@xf-linkColor",
    "background-color": "@xf-paletteNeutral2"
}</value>
    </property>
    <property property_name="standaloneTabSelected" group_name="tab" title="Standalone tabs - selected tab" description="The selected tab in groups that are not part of block headers" property_type="css" value_type="" depends_on="" value_group="" display_order="20100" css_components="text,background,border_color_simple,extra" addon_id="XF">
      <value>{
    "color": "@xf-paletteAccent3",
    "border-color": "@xf-paletteColor3"
}</value>
    </property>
    <property property_name="starEmptyColor" group_name="misc" title="Empty rating star color" description="This is the color of the empty portion of each rating star." property_type="value" value_type="color" depends_on="" value_group="" display_order="700" addon_id="XF">
      <value>"rgb(80, 80, 80)"</value>
    </property>
    <property property_name="starFullColor" group_name="misc" title="Full rating star color" description="This is the color of the full portion of each rating star." property_type="value" value_type="color" depends_on="" value_group="" display_order="800" addon_id="XF">
      <value>"rgb(198, 168, 0)"</value>
    </property>
    <property property_name="styleType" group_name="palette" title="Style type" description="This defines the general type of style in use based on whether the content is placed on a light or dark background. This may change how colors are selected in certain scenarios." property_type="value" value_type="radio" depends_on="" value_group="setup" display_order="100" addon_id="XF">
      <value_parameters>light={{ phrase('light') }}
dark={{ phrase('dark') }}</value_parameters>
      <value>"dark"</value>
    </property>
    <property property_name="subNavBg" group_name="color" title="Page sub-navigation background" description="" property_type="value" value_type="color" depends_on="" value_group="chrome" display_order="6080" addon_id="XF">
      <value>"@xf-paletteNeutral1"</value>
    </property>
    <property property_name="subNavTextColor" group_name="color" title="Page sub-navigation text color" description="" property_type="value" value_type="color" depends_on="" value_group="chrome" display_order="6090" addon_id="XF">
      <value>"@xf-paletteColor4"</value>
    </property>
    <property property_name="successBg" group_name="color" title="Success message background" description="" property_type="value" value_type="color" depends_on="" value_group="successMessage" display_order="10210" addon_id="XF">
      <value>"@xf-paletteColor3"</value>
    </property>
    <property property_name="successColor" group_name="color" title="Success message text color" description="" property_type="value" value_type="color" depends_on="" value_group="successMessage" display_order="10220" addon_id="XF">
      <value>"@xf-paletteColor3"</value>
    </property>
    <property property_name="successFeatureColor" group_name="color" title="Success message feature color" description="" property_type="value" value_type="color" depends_on="" value_group="successMessage" display_order="10230" addon_id="XF">
      <value>"@xf-paletteColor3"</value>
    </property>
    <property property_name="textColor" group_name="color" title="Text color" description="Unless otherwise specified, text will be this color" property_type="value" value_type="color" depends_on="" value_group="textBasic" display_order="100" addon_id="XF">
      <value>"@xf-paletteColor2"</value>
    </property>
    <property property_name="textColorAccentContent" group_name="color" title="Accented content text color" description="" property_type="value" value_type="color" depends_on="" value_group="textOther" display_order="3200" addon_id="XF">
      <value>"@xf-paletteColor2"</value>
    </property>
    <property property_name="textColorAttention" group_name="color" title="Attention-grabbing text color" description="" property_type="value" value_type="color" depends_on="" value_group="textOther" display_order="3300" addon_id="XF">
      <value>"@xf-paletteColor4"</value>
    </property>
    <property property_name="textColorDimmed" group_name="color" title="Dimmed text color" description="Used when less-important text is placed next to normal text" property_type="value" value_type="color" depends_on="" value_group="textBasic" display_order="200" addon_id="XF">
      <value>"mix(@xf-textColor, @xf-textColorMuted)"</value>
    </property>
    <property property_name="textColorEmphasized" group_name="color" title="Emphasized text color" description="" property_type="value" value_type="color" depends_on="" value_group="textOther" display_order="3100" addon_id="XF">
      <value>"@xf-paletteColor4"</value>
    </property>
    <property property_name="textColorFeature" group_name="color" title="Feature text color" description="" property_type="value" value_type="color" depends_on="" value_group="textOther" display_order="3000" addon_id="XF">
      <value>"@xf-paletteColor2"</value>
    </property>
    <property property_name="textColorMuted" group_name="color" title="Muted text color" description="Text is further de-emphasised using this style" property_type="value" value_type="color" depends_on="" value_group="textBasic" display_order="300" addon_id="XF">
      <value>"rgb(150, 150, 150)"</value>
    </property>
    <property property_name="tooltip" group_name="tooltip" title="Tooltip" description="Certain elements have special floating tooltips, which are controlled here" property_type="css" value_type="" depends_on="" value_group="" display_order="20000" css_components="text,background,border_radius,padding,extra" addon_id="XF">
      <value>{
    "font-size": "@xf-fontSizeSmaller",
    "color": "@xf-paletteAccent3",
    "background-color": "@xf-successBg",
    "border-radius": "@xf-borderRadiusMedium",
    "padding-top": "5px",
    "padding-right": "5px",
    "padding-bottom": "5px",
    "padding-left": "5px"
}</value>
    </property>
  </properties>
</style>
