<?xml version="1.0" encoding="utf-8"?>
<style title="Gamer Time" description="" user_selectable="1" base_version_id="2010872" export_version="2">
  <templates>
    <template title="xb_custom_style.less" type="public" addon_id="" version_id="0" version_string=""><![CDATA[.p-nav-list .p-navEl.is-selected .p-navEl-link, .p-nav-list .p-navEl.is-selected .p-navEl-splitTrigger
{
	border-bottom: 0;
}
.p-nav-list .p-navEl
{
	border-width: 0;
}
.block--category .block-header .block-header--left a
{
	background-color: transparent;
	border-width: 0;
	color: @xf-paletteAccent2;
}]]></template>
  </templates>
  <properties>
    <property property_name="blockHeader" group_name="block" title="Block header" description="Blocks often have title bars at their tops, which are styled here" property_type="css" value_type="" depends_on="" value_group="" display_order="20100" css_components="text,background,border,extra" addon_id="XF">
      <value>{
    "font-size": "@xf-fontSizeLarge",
    "color": "@xf-majorHeadingTextColor",
    "background-color": "@xf-majorHeadingBg",
    "border-width": "1px",
    "border-color": "@xf-blockHeader--background-color",
    "extra": "background: linear-gradient(to bottom, @xf-blockHeader--background-color 0%, xf-diminish(@xf-blockHeader--background-color, 10%) 100%);\nbox-shadow: inset 0px 1px 0px 0px xf-diminish(@xf-blockHeader--background-color, 30%);"
}</value>
    </property>
    <property property_name="buttonCtaBg" group_name="color" title="Call-to-action button background" description="" property_type="value" value_type="color" depends_on="" value_group="buttons" display_order="8400" addon_id="XF">
      <value>"@xf-paletteColor4"</value>
    </property>
    <property property_name="fontSizeLarge" group_name="fonts" title="Large font size" description="" property_type="value" value_type="unit" depends_on="" value_group="size" display_order="1400" addon_id="XF">
      <value>"16px"</value>
    </property>
    <property property_name="fontSizeLarger" group_name="fonts" title="Larger font size" description="" property_type="value" value_type="unit" depends_on="" value_group="size" display_order="1500" addon_id="XF">
      <value>"18px"</value>
    </property>
    <property property_name="fontSizeLargest" group_name="fonts" title="Largest font size" description="" property_type="value" value_type="unit" depends_on="" value_group="size" display_order="1600" addon_id="XF">
      <value>"22px"</value>
    </property>
    <property property_name="fontSizeNormal" group_name="fonts" title="Normal font size" description="" property_type="value" value_type="unit" depends_on="" value_group="size" display_order="1000" addon_id="XF">
      <value>"14px"</value>
    </property>
    <property property_name="fontSizeSmall" group_name="fonts" title="Small font size" description="" property_type="value" value_type="unit" depends_on="" value_group="size" display_order="1100" addon_id="XF">
      <value>"13px"</value>
    </property>
    <property property_name="fontSizeSmaller" group_name="fonts" title="Smaller font size" description="" property_type="value" value_type="unit" depends_on="" value_group="size" display_order="1200" addon_id="XF">
      <value>"13px"</value>
    </property>
    <property property_name="fontSizeSmallest" group_name="fonts" title="Smallest font size" description="" property_type="value" value_type="unit" depends_on="" value_group="size" display_order="1300" addon_id="XF">
      <value>"13px"</value>
    </property>
    <property property_name="nodeIconUnreadColor" group_name="nodeList" title="Unread node icon color" description="Node icons give an at-a-glance indication of whether or not the content housed within the node has been read. The unread icon color should stand out from its background for quick identification" property_type="value" value_type="color" depends_on="" value_group="" display_order="100" addon_id="XF">
      <value>"@xf-paletteAccent1"</value>
    </property>
    <property property_name="pageBackground" group_name="page" title="Page background" description="The page background, behind all block elements, uses the styling rules defined here" property_type="css" value_type="" depends_on="" value_group="" display_order="20200" css_components="background,extra" addon_id="XF">
      <value>{
    "background-color": "@xf-pageBg",
    "background-image": "styles/nova/gt/pagebg.png"
}</value>
    </property>
    <property property_name="pageBg" group_name="color" title="Page background color" description="The background of the page itself, on which all other content rests" property_type="value" value_type="color" depends_on="" value_group="contentBackground" display_order="2100" addon_id="XF">
      <value>"#0C0C0C"</value>
    </property>
    <property property_name="pageWidthMax" group_name="page" title="Maximum page width" description="As the window is resized, it will continue to grow in width until this value, after which it will remain static" property_type="value" value_type="unit" depends_on="" value_group="page" display_order="100" addon_id="XF">
      <value>"1240px"</value>
    </property>
    <property property_name="paletteAccent1" group_name="palette" title="Accent 1" description="" property_type="value" value_type="color" depends_on="" value_group="accent" display_order="2000" addon_id="XF">
      <value_parameters>hidePalette=true</value_parameters>
      <value>"rgb(152, 12, 12)"</value>
    </property>
    <property property_name="paletteAccent2" group_name="palette" title="Accent 2" description="" property_type="value" value_type="color" depends_on="" value_group="accent" display_order="2100" addon_id="XF">
      <value_parameters>hidePalette=true</value_parameters>
      <value>"rgb(255, 237, 83)"</value>
    </property>
    <property property_name="paletteColor3" group_name="palette" title="Color 3" description="" property_type="value" value_type="color" depends_on="" value_group="primary" display_order="1200" addon_id="XF">
      <value_parameters>hidePalette=true</value_parameters>
      <value>"#171716"</value>
    </property>
    <property property_name="paletteColor4" group_name="palette" title="Color 4" description="" property_type="value" value_type="color" depends_on="" value_group="primary" display_order="1300" addon_id="XF">
      <value_parameters>hidePalette=true</value_parameters>
      <value>"rgb(152, 12, 12)"</value>
    </property>
    <property property_name="paletteColor5" group_name="palette" title="Color 5" description="" property_type="value" value_type="color" depends_on="" value_group="primary" display_order="1400" addon_id="XF">
      <value_parameters>hidePalette=true</value_parameters>
      <value>"#171716"</value>
    </property>
    <property property_name="publicHeader" group_name="headerNav" title="Header/logo row" description="The header row contains your logo and sits at the top of every public page" property_type="css" value_type="" depends_on="" value_group="" display_order="20000" css_components="text,background,extra" addon_id="XF">
      <value>{
    "color": "@xf-paletteColor2",
    "background-color": "rgba(0, 0, 0, 0)",
    "extra": "padding-top: @xf-paddingMedium;\npadding-bottom: @xf-paddingMedium;"
}</value>
    </property>
    <property property_name="publicLogoUrl" group_name="basic" title="Logo URL" description="The web path from your site's XenForo installation directory to your logo image." property_type="value" value_type="string" depends_on="" value_group="logo" display_order="100" addon_id="XF">
      <value>"styles/nova/gt/logo.png"</value>
    </property>
    <property property_name="publicNav" group_name="headerNav" title="Navigation row" description="The navigation row sits below the header and contains the primary site navigation tabs and menus" property_type="css" value_type="" depends_on="" value_group="" display_order="20100" css_components="text,background,extra" addon_id="XF">
      <value>{
    "color": "contrast(@xf-publicNav--background-color)",
    "background-color": "@xf-paletteColor3",
    "extra": "box-shadow: 1px 0px 5px 3px #060606;"
}</value>
    </property>
    <property property_name="publicNavPaddingH" group_name="headerNav" title="Navigation padding horizontal" description="" property_type="value" value_type="unit" depends_on="" value_group="navigation" display_order="1100" addon_id="XF">
      <value>"20px"</value>
    </property>
    <property property_name="publicNavPaddingV" group_name="headerNav" title="Navigation padding vertical" description="" property_type="value" value_type="unit" depends_on="" value_group="navigation" display_order="1000" addon_id="XF">
      <value>"16px"</value>
    </property>
    <property property_name="publicNavSelected" group_name="headerNav" title="Navigation row - selected tab" description="Additional styling to apply to navigation tabs when they are selected" property_type="css" value_type="" depends_on="" value_group="" display_order="20300" css_components="text,background,border,border_radius,extra" addon_id="XF">
      <value>{
    "color": "@xf-paletteColor4",
    "font-weight": "@xf-fontWeightHeavy",
    "background-color": "@xf-paletteColor3",
    "border-top-left-radius": "@xf-borderRadiusSmall",
    "border-top-right-radius": "@xf-borderRadiusSmall"
}</value>
    </property>
    <property property_name="publicNavSticky" group_name="headerNav" title="Sticky navigation element" description="If you intend for some or all of your header to stick to the top of the page when it is scrolled, choose which elements should stick" property_type="value" value_type="radio" depends_on="" value_group="navigation" display_order="1200" addon_id="XF">
      <value_parameters>primary={{ phrase('primary_navigation_row_only') }}
all={{ phrase('primary_and_sub_navigation_rows') }}
none={{ phrase('none') }}</value_parameters>
      <value>"none"</value>
    </property>
    <property property_name="publicSubNav" group_name="headerNav" title="Sub-navigation row" description="" property_type="css" value_type="" depends_on="" value_group="" display_order="20500" css_components="text,background,border,extra" addon_id="XF">
      <value>{
    "font-size": "@xf-fontSizeSmall",
    "color": "#FFF",
    "background-color": "@xf-paletteAccent1",
    "border-bottom-width": "@xf-borderSize",
    "border-bottom-color": "xf-intensify(@xf-publicSubNav--background-color, 10%)",
    "extra": "padding: 2px 0px;\nbox-shadow: 0px 0px 2px rgba(0, 0, 0, 0.04);\nposition: relative;\nz-index: 190;"
}</value>
    </property>
    <property property_name="publicSubNavPaddingV" group_name="headerNav" title="Sub-navigation padding vertical" description="Defines the amount of vertical padding applied to each item in the sub-navigation bar in the header" property_type="value" value_type="unit" depends_on="" value_group="subNavPad" display_order="5000" addon_id="XF">
      <value>"8px"</value>
    </property>
    <property property_name="scrollJumpButtons" group_name="page" title="Display page jump buttons on scroll" description="If enabled, floating buttons will be displayed shortly after the page is scrolled which allow you to jump to the top or bottom of the page. If this is only triggered when scrolling up, only a jump to top button will be displayed." property_type="value" value_type="radio" depends_on="" value_group="" display_order="3000" addon_id="XF">
      <value_parameters>={{ phrase('scroll_buttons_do_not_display') }}
up={{ phrase('scroll_buttons_when_scrolling_up') }}
both={{ phrase('scroll_buttons_when_scrolling_up_or_down') }}</value_parameters>
      <value>"both"</value>
    </property>
    <property property_name="textColorAttention" group_name="color" title="Attention-grabbing text color" description="" property_type="value" value_type="color" depends_on="" value_group="textOther" display_order="3300" addon_id="XF">
      <value>"@xf-paletteAccent1"</value>
    </property>
    <property property_name="xbCustomFont" group_name="fonts" title="Custom Font" description="This easily overwrites your User Interface and Body Text Font. Set to &quot;Use Font Settings Below&quot; to edit manually below." property_type="value" value_type="select" depends_on="" value_group="font" display_order="50" addon_id="">
      <value_parameters>arial=Arial
comicsans=Comic Sans :)
lato=Lato
martelsans=Martel Sans
montserrat=Montserrat
mplusrounded=M Plus Rounded
nunito=Nunito
notosans=Noto Sans
opensans=Open Sans
poppins=Poppins
ptsans=PT Sans
raleway=Raleway
roboto=Roboto
sourcesanspro=Source Sans Pro
titilliumweb=Titillium Web
ubuntu=Ubuntu
verdana=Verdana
custom=Use Font Settings Below</value_parameters>
      <value>"opensans"</value>
    </property>
    <property property_name="xbCustomFontCSS" group_name="fonts" title="Custom Font CSS" description="" property_type="css" value_type="" depends_on="" value_group="" display_order="10" css_components="text,extra" addon_id="">
      <value>[]</value>
    </property>
    <property property_name="xbFooterBlockCustom1" group_name="footer" title="Footer block 1 custom HTML" description="This content only loads if the above drop-down is set to &quot;Custom HTML&quot;." property_type="value" value_type="string" depends_on="xbFooter" value_group="footerBlock1" display_order="305" addon_id="">
      <value_parameters>rows=4</value_parameters>
      <value>"&lt;div class=\"p-header-logo p-header-logo--textlogo\"&gt;\n&lt;a href=\"#\"&gt;GAMERTIME&lt;/a&gt;\n&lt;/div&gt;\n&lt;h3&gt;Block #1&lt;/h3&gt;\n&lt;p&gt;This footer is unique to XenBase (our framework that powers this style). You can edit all of these blocks by going to&lt;br /&gt; Style Properties -&gt;\n Footer.&lt;/p&gt;"</value>
    </property>
    <property property_name="xbLogoType" group_name="basic" title="Logo type" description="" property_type="value" value_type="radio" depends_on="" value_group="logo" display_order="50" addon_id="">
      <value_parameters>image=Image
text=Text</value_parameters>
      <value>"image"</value>
    </property>
    <property property_name="xbNavSelectedStyle" group_name="headerNav" title="Navigation tab selected style" description="" property_type="value" value_type="radio" depends_on="" value_group="navigation" display_order="920" addon_id="">
      <value_parameters>default=Default
bottomarrow=Bottom arrow
bottomborder=Bottom border
button=Button</value_parameters>
      <value>"bottomarrow"</value>
    </property>
    <property property_name="xbNodeIconFaMain" group_name="nodeList" title="Node icon (Font Awesome main)" description="Main styling for all node icons using font awesome" property_type="css" value_type="" depends_on="" value_group="" display_order="10000" css_components="text,extra" addon_id="">
      <value>{
    "font-size": "26px",
    "color": "@xf-nodeIconReadColor",
    "extra": "opacity: 0.8;"
}</value>
    </property>
    <property property_name="xbNodeIconFaUnread" group_name="nodeList" title="Node icon unread" description="" property_type="css" value_type="" depends_on="" value_group="" display_order="10250" css_components="text,extra" addon_id="">
      <value>{
    "color": "@xf-nodeIconUnreadColor",
    "extra": "opacity: 1;"
}</value>
    </property>
    <property property_name="xbNodeIconRead" group_name="nodeList" title="Read node icon" description="Place your Font Awesome icon name here, do not use the prefix fa-. To see all available icons visit: &lt;a href=&quot;https://fontawesome.com/icons?d=gallery&quot; target=&quot;_blank&quot;&gt;here&lt;/a&gt;" property_type="value" value_type="string" depends_on="" value_group="" display_order="210" addon_id="">
      <value>"gamepad"</value>
    </property>
    <property property_name="xbNodeIconUnread" group_name="nodeList" title="Unread node icon" description="" property_type="value" value_type="string" depends_on="" value_group="" display_order="220" addon_id="">
      <value>"gamepad"</value>
    </property>
    <property property_name="xbSearchLocation" group_name="headerNav" title="Search location" description="Allows you to change the location of the search, to use the header position the logo block needs to be enabled (can't use with logo in navigation). Sub-navigation works assuming you haven't disabled your sub-navigation below." property_type="value" value_type="radio" depends_on="" value_group="header" display_order="130" addon_id="">
      <value_parameters>default=Default
header=Header
subnavigation=Sub-navigation</value_parameters>
      <value>"default"</value>
    </property>
    <property property_name="xbSidebarBlockBorder" group_name="xbSidebar" title="Sidebar block container" description="" property_type="css" value_type="" depends_on="" value_group="" display_order="5" css_components="text,background,border,border_radius,padding,extra" addon_id="">
      <value>{
    "background-color": "@xf-contentBg",
    "padding": "10px"
}</value>
    </property>
    <property property_name="xbSidebarHeading" group_name="xbSidebar" title="Sidebar headings" description="Controls the appearance of the headings in the sidebar" property_type="css" value_type="" depends_on="" value_group="" display_order="10" css_components="text,background,border,border_radius,padding,extra" addon_id="">
      <value>{
    "font-size": "@xf-fontSizeNormal",
    "color": "rgb(66, 66, 66)",
    "background-color": "rgb(232, 232, 232)",
    "border-width": "1px",
    "border-color": "rgb(206, 215, 217)"
}</value>
    </property>
    <property property_name="xbSocialCustomFooter" group_name="basic" title="Show icons in custom footer" description="" property_type="value" value_type="select" depends_on="" value_group="social" display_order="625" addon_id="">
      <value_parameters>none=None
above=Above custom footer
below=Below custom footer</value_parameters>
      <value>"none"</value>
    </property>
    <property property_name="xbStretchFooter" group_name="footer" title="Stretch footer" description="This option stretches the custom footer to the width of the screen." property_type="value" value_type="boolean" depends_on="" value_group="" display_order="40" addon_id="">
      <value>0</value>
    </property>
    <property property_name="xbStretchNav" group_name="headerNav" title="Stretch navigation" description="" property_type="value" value_type="radio" depends_on="" value_group="navigation" display_order="900" addon_id="">
      <value_parameters>stretchprimary=Stretch primary navigation only
stretchboth=Stretch primary and sub-navigation rows
stretchnone=None</value_parameters>
      <value>"stretchnone"</value>
    </property>
  </properties>
</style>
