<?xml version="1.0" encoding="utf-8"?>
<style title="Nova Dark" description="" user_selectable="1" base_version_id="2010872" export_version="2">
  <templates/>
  <properties>
    <property property_name="blockFilterBar" group_name="block" title="Block filter bar" description="When the content of a block can be filtered, the controls to do so are styled here" property_type="css" value_type="" depends_on="" value_group="" display_order="20800" css_components="text,background,border,extra" addon_id="XF">
      <value>{
    "font-size": "@xf-fontSizeSmall",
    "color": "contrast(@xf-blockFilterBar--background-color)",
    "background-color": "@xf-paletteColor3",
    "border-bottom-width": "@xf-borderSize",
    "border-bottom-color": "@xf-borderColorHeavy"
}</value>
    </property>
    <property property_name="blockHeader" group_name="block" title="Block header" description="Blocks often have title bars at their tops, which are styled here" property_type="css" value_type="" depends_on="" value_group="" display_order="20100" css_components="text,background,border,extra" addon_id="XF">
      <value>{
    "font-size": "@xf-fontSizeLarger",
    "color": "@xf-majorHeadingTextColor",
    "background-color": "@xf-majorHeadingBg",
    "border-width": "1px",
    "border-color": "@xf-blockHeader--background-color",
    "extra": "box-shadow: inset 0px 1px 0px 0px xf-diminish(@xf-blockHeader--background-color, 30%);"
}</value>
    </property>
    <property property_name="borderColorFaint" group_name="color" title="Faint border color" description="" property_type="value" value_type="color" depends_on="" value_group="borderBasic" display_order="4100" addon_id="XF">
      <value>"@xf-paletteNeutral2"</value>
    </property>
    <property property_name="borderColorFeature" group_name="color" title="Feature border color" description="" property_type="value" value_type="color" depends_on="" value_group="borderOther" display_order="5100" addon_id="XF">
      <value>"@xf-paletteAccent2"</value>
    </property>
    <property property_name="borderColorLight" group_name="color" title="Light border color" description="" property_type="value" value_type="color" depends_on="" value_group="borderBasic" display_order="4200" addon_id="XF">
      <value>"@xf-paletteNeutral2"</value>
    </property>
    <property property_name="contentAltBg" group_name="color" title="Alternate content background color" description="In order to differentiate it, some content will be presented on this alternative background" property_type="value" value_type="color" depends_on="" value_group="contentBackground" display_order="2200" addon_id="XF">
      <value>"xf-intensify(@xf-contentBg, 2%)"</value>
    </property>
    <property property_name="inputFocusBgColor" group_name="color" title="Focused text box background color" description="" property_type="value" value_type="color" depends_on="" value_group="input" display_order="8600" addon_id="XF">
      <value>"xf-intensify(@xf-contentBg, 10%)"</value>
    </property>
    <property property_name="linkColor" group_name="color" title="Link color" description="Basic hyperlinks on standard background colors will use this style" property_type="value" value_type="color" depends_on="" value_group="links" display_order="1000" addon_id="XF">
      <value>"#eaeaea"</value>
    </property>
    <property property_name="pageBg" group_name="color" title="Page background color" description="The background of the page itself, on which all other content rests" property_type="value" value_type="color" depends_on="" value_group="contentBackground" display_order="2100" addon_id="XF">
      <value>"#202225"</value>
    </property>
    <property property_name="paletteColor1" group_name="palette" title="Color 1" description="" property_type="value" value_type="color" depends_on="" value_group="primary" display_order="1000" addon_id="XF">
      <value_parameters>hidePalette=true</value_parameters>
      <value>"#36393f"</value>
    </property>
    <property property_name="paletteColor2" group_name="palette" title="Color 2" description="" property_type="value" value_type="color" depends_on="" value_group="primary" display_order="1100" addon_id="XF">
      <value_parameters>hidePalette=true</value_parameters>
      <value>"#2a2d31"</value>
    </property>
    <property property_name="paletteColor3" group_name="palette" title="Color 3" description="" property_type="value" value_type="color" depends_on="" value_group="primary" display_order="1200" addon_id="XF">
      <value_parameters>hidePalette=true</value_parameters>
      <value>"#1f2023"</value>
    </property>
    <property property_name="paletteColor4" group_name="palette" title="Color 4" description="" property_type="value" value_type="color" depends_on="" value_group="primary" display_order="1300" addon_id="XF">
      <value_parameters>hidePalette=true</value_parameters>
      <value>"rgb(10, 160, 201)"</value>
    </property>
    <property property_name="paletteColor5" group_name="palette" title="Color 5" description="" property_type="value" value_type="color" depends_on="" value_group="primary" display_order="1400" addon_id="XF">
      <value_parameters>hidePalette=true</value_parameters>
      <value>"#202225"</value>
    </property>
    <property property_name="paletteNeutral1" group_name="palette" title="Neutral 1" description="" property_type="value" value_type="color" depends_on="" value_group="neutral" display_order="3000" addon_id="XF">
      <value_parameters>hidePalette=true</value_parameters>
      <value>"rgb(67, 70, 77)"</value>
    </property>
    <property property_name="paletteNeutral2" group_name="palette" title="Neutral 2" description="" property_type="value" value_type="color" depends_on="" value_group="neutral" display_order="3100" addon_id="XF">
      <value_parameters>hidePalette=true</value_parameters>
      <value>"rgb(67, 70, 77)"</value>
    </property>
    <property property_name="paletteNeutral3" group_name="palette" title="Neutral 3" description="" property_type="value" value_type="color" depends_on="" value_group="neutral" display_order="3200" addon_id="XF">
      <value_parameters>hidePalette=true</value_parameters>
      <value>"rgb(203, 203, 203)"</value>
    </property>
    <property property_name="publicHeader" group_name="headerNav" title="Header/logo row" description="The header row contains your logo and sits at the top of every public page" property_type="css" value_type="" depends_on="" value_group="" display_order="20000" css_components="text,background,extra" addon_id="XF">
      <value>{
    "color": "contrast(@xf-publicHeader--background-color)",
    "background-color": "@xf-paletteColor5",
    "extra": "padding-top: @xf-paddingMedium;\npadding-bottom: @xf-paddingMedium;"
}</value>
    </property>
    <property property_name="publicSubNav" group_name="headerNav" title="Sub-navigation row" description="" property_type="css" value_type="" depends_on="" value_group="" display_order="20500" css_components="text,background,border,extra" addon_id="XF">
      <value>{
    "font-size": "@xf-fontSizeSmall",
    "color": "@xf-textColor",
    "background-color": "@xf-paletteColor1",
    "border-right-width": "1px",
    "border-right-color": "@xf-borderColor",
    "border-bottom-width": "@xf-borderSize",
    "border-bottom-color": "xf-intensify(@xf-publicSubNav--background-color, 10%)",
    "border-left-width": "1px",
    "border-left-color": "@xf-borderColor",
    "extra": "padding: 5px 0px;\nbox-shadow: 0px 0px 2px rgba(0, 0, 0, 0.04);"
}</value>
    </property>
    <property property_name="styleType" group_name="palette" title="Style type" description="This defines the general type of style in use based on whether the content is placed on a light or dark background. This may change how colors are selected in certain scenarios." property_type="value" value_type="radio" depends_on="" value_group="setup" display_order="100" addon_id="XF">
      <value_parameters>light={{ phrase('light') }}
dark={{ phrase('dark') }}</value_parameters>
      <value>"dark"</value>
    </property>
    <property property_name="textColorAttention" group_name="color" title="Attention-grabbing text color" description="" property_type="value" value_type="color" depends_on="" value_group="textOther" display_order="3300" addon_id="XF">
      <value>"xf-intensify(@xf-paletteAccent2, 30%)"</value>
    </property>
    <property property_name="textColorDimmed" group_name="color" title="Dimmed text color" description="Used when less-important text is placed next to normal text" property_type="value" value_type="color" depends_on="" value_group="textBasic" display_order="200" addon_id="XF">
      <value>"xf-diminish(@xf-textColor, 10%)"</value>
    </property>
    <property property_name="textColorMuted" group_name="color" title="Muted text color" description="Text is further de-emphasised using this style" property_type="value" value_type="color" depends_on="" value_group="textBasic" display_order="300" addon_id="XF">
      <value>"xf-diminish(@xf-textColor, 15%)"</value>
    </property>
    <property property_name="xbMainContentBackground" group_name="color" title="Main content background" description="This is used only if the &quot;Classic&quot; forum layout is used." property_type="value" value_type="color" depends_on="" value_group="" display_order="2050" addon_id="">
      <value>"#2f3136"</value>
    </property>
    <property property_name="xbMessageLink" group_name="message" title="Message link" description="Controls the styling for links inside of messages" property_type="css" value_type="" depends_on="" value_group="" display_order="20057" css_components="text,extra" addon_id="">
      <value>{
    "color": "xf-intensify(@xf-linkColor, 20%)",
    "text-decoration": "underline"
}</value>
    </property>
    <property property_name="xbNoticePrimary" group_name="xbNotices" title="Primary notices" description="Default styling for when &quot;Display styling&quot; is set to &quot;Primary&quot;" property_type="css" value_type="" depends_on="" value_group="" display_order="20" css_components="text,background,border,border_radius,padding,extra" addon_id="">
      <value>{
    "color": "rgb(220, 220, 220)",
    "background-color": "rgb(83, 88, 97)",
    "border-color": "rgb(133, 139, 148)"
}</value>
    </property>
    <property property_name="xbSidebarHeading" group_name="xbSidebar" title="Sidebar headings" description="Controls the appearance of the headings in the sidebar" property_type="css" value_type="" depends_on="" value_group="" display_order="10" css_components="text,background,border,border_radius,padding,extra" addon_id="">
      <value>{
    "font-size": "@xf-fontSizeLarge",
    "color": "@xf-textColor",
    "background-color": "@xf-paletteColor2",
    "border-width": "1px",
    "border-color": "@xf-borderColorFaint",
    "border-bottom-width": "1px",
    "extra": "box-shadow: inset 0px 1px 0px 0px xf-diminish(@xf-xbSidebarHeading--background-color, 30%);"
}</value>
    </property>
    <property property_name="xbStickyDivider" group_name="xbDiscussionList" title="Sticky divider (with no text)" description="Controls the appearance of the bar when &quot;Separate normal and sticky threads&quot; is set to &quot;Single divider with no text&quot;" property_type="css" value_type="" depends_on="" value_group="" display_order="1000" css_components="text,background,border,border_radius,padding,extra" addon_id="">
      <value>{
    "color": "contrast(@xf-xbStickyDivider--background-color)",
    "background-color": "@xf-paletteColor3",
    "extra": "height: 5px;"
}</value>
    </property>
    <property property_name="xbStickyDividerText" group_name="xbDiscussionList" title="Sticky divider (with text)" description="Controls the appearance of the bar when &quot;Separate normal and sticky threads&quot; is set to &quot;Separate divider with text&quot;" property_type="css" value_type="" depends_on="" value_group="" display_order="900" css_components="text,background,border,border_radius,padding,extra" addon_id="">
      <value>{
    "color": "contrast(@xf-xbStickyDividerText--background-color)",
    "background-color": "@xf-paletteColor3",
    "border-bottom-width": "@xf-borderSize",
    "border-bottom-color": "@xf-borderColorHeavy"
}</value>
    </property>
    <property property_name="xbTextLogoStyle" group_name="basic" title="Text Logo" description="Styles the text based logo" property_type="css" value_type="" depends_on="" value_group="" display_order="10" css_components="text,background,padding,extra" addon_id="">
      <value>{
    "font-size": "34px",
    "color": "contrast(@xf-publicHeader--background-color)",
    "font-weight": "@xf-fontWeightHeavy",
    "padding-top": "10px",
    "padding-bottom": "10px",
    "extra": "text-shadow: 1px 1px 1px rgba(0, 0, 0, 0.75);\nletter-spacing: 0.8px;\ntext-transform: uppercase;"
}</value>
    </property>
    <property property_name="xbTopBarStyle" group_name="headerNav" title="Top bar style" description="This styles the top bar that's on the top of every page" property_type="css" value_type="" depends_on="" value_group="" display_order="0" css_components="text,background,border,padding,extra" addon_id="">
      <value>{
    "color": "@xf-textColor",
    "background-color": "@xf-paletteColor3"
}</value>
    </property>
  </properties>
</style>
