<?xml version="1.0" encoding="utf-8"?>
<template_modifications>
  <modification type="public" template="message_macros" modification_key="xentr_reputation_system_ranks" description="[XTR] Reputation System - Ranks" execution_order="10" enabled="1" action="str_replace">
    <find><![CDATA[<span class="message-userArrow"></span>]]></find>
    <replace><![CDATA[<xf:if is="$xf.visitor.hasPermission('xtrReputation', 'viewLevel')">
	<xf:if is = "{$xf.options.ReputationDesign} == 'StarRank'">
		<xf:include template="xentr_reputation_system_star" />
		<xf:elseif is = "{$xf.options.ReputationDesign} == 'BarRank'" />
			<xf:include template="xentr_reputation_system_bar" />
		<xf:elseif is = "{$xf.options.ReputationDesign} == 'AnimationBarRank'" />
			<xf:include template="xentr_reputation_system_animation_bar" />
		<xf:elseif is = "{$xf.options.ReputationDesign} == 'SpeedRank'" />
			<xf:include template="xentr_reputation_system_speed" />
	</xf:if>
</xf:if>	
$0]]></replace>
  </modification>
</template_modifications>
