<?xml version="1.0" encoding="utf-8"?>
<options>
  <option option_id="xs_ag_enable" edit_format="onoff" data_type="boolean">
    <default_value>0</default_value>
    <relation group_id="xs_ag_settings" display_order="10"/>
  </option>
  <option option_id="xs_ag_register" edit_format="template" data_type="array">
    <default_value>{"OnOff":false,"Required":false}</default_value>
    <edit_format_params>option_template_register</edit_format_params>
    <sub_options>OnOff
Required</sub_options>
    <relation group_id="xs_ag_settings" display_order="20"/>
  </option>
  <option option_id="xs_as_change_the_path_to_the_tmp_file" edit_format="textbox" data_type="string">
    <default_value>/tmp</default_value>
    <relation group_id="xs_ag_settings" display_order="30"/>
  </option>
</options>
