<?xml version="1.0" encoding="utf-8"?>
<phrases>
  <phrase title="admin_navigation.xsAvatarGallery" version_id="2000200" version_string="2.0.2"><![CDATA[Avatar gallery]]></phrase>
  <phrase title="option.xs_ag_enable" version_id="2000000" version_string="2.0.0"><![CDATA[Enable]]></phrase>
  <phrase title="option.xs_ag_register" version_id="2000000" version_string="2.0.0"><![CDATA[Register]]></phrase>
  <phrase title="option.xs_as_change_the_path_to_the_tmp_file" version_id="2010410" version_string="2.1.4 Fix 1"><![CDATA[Path to the TMP file]]></phrase>
  <phrase title="option_explain.xs_ag_enable" version_id="2010410" version_string="2.1.4 Fix 1"><![CDATA[This option allows you to enable the avatar gallery in your forum.]]></phrase>
  <phrase title="option_explain.xs_ag_register" version_id="2010410" version_string="2.1.4 Fix 1"><![CDATA[This option allows you to enable the avatar gallery in your registration page.]]></phrase>
  <phrase title="option_explain.xs_as_change_the_path_to_the_tmp_file" version_id="2010410" version_string="2.1.4 Fix 1"><![CDATA[This option allows you to change the value for your TMP file, by default :  <b>/tmp</b>.]]></phrase>
  <phrase title="option_group.xs_ag_settings" version_id="2000000" version_string="2.0.0"><![CDATA[[Xen-Soluce] Avatar Gallery]]></phrase>
  <phrase title="option_group_description.xs_ag_settings" version_id="2000000" version_string="2.0.0"><![CDATA[Options here control the Avatar Gallery add-on by Xen-Soluce.]]></phrase>
  <phrase title="permission.general_XSAGCanDeleteAvatar" version_id="2010320" version_string="2.1.3 Fix 2"><![CDATA[Can delete avatar]]></phrase>
  <phrase title="permission.general_XSAGCanUseAG" version_id="2010200" version_string="2.1.2"><![CDATA[Can't use the avatar gallery]]></phrase>
  <phrase title="xs_ag_add_category" version_id="2000200" version_string="2.0.2"><![CDATA[Add category]]></phrase>
  <phrase title="xs_ag_avatar_explain" version_id="2000000" version_string="2.0.0"><![CDATA[You can choose an avatar from this pre-selected list.]]></phrase>
  <phrase title="xs_ag_avatar_gallerys" version_id="2000200" version_string="2.0.2"><![CDATA[Avatar gallerys]]></phrase>
  <phrase title="xs_ag_edit_category" version_id="2000200" version_string="2.0.2"><![CDATA[Edit category]]></phrase>
  <phrase title="xs_ag_no_avatar_category_has_been_created" version_id="2000200" version_string="2.0.2"><![CDATA[No avatar category has been created]]></phrase>
  <phrase title="xs_ag_on_off_register" version_id="2000000" version_string="2.0.0"><![CDATA[Enable for the registration page ?]]></phrase>
  <phrase title="xs_ag_on_off_required" version_id="2000000" version_string="2.0.0"><![CDATA[Required]]></phrase>
  <phrase title="xs_ag_permission_category_explain" version_id="2000200" version_string="2.0.2"><![CDATA[Select all user groups that will be able to use this avatar category ]]></phrase>
  <phrase title="xs_ag_required_error" version_id="2000000" version_string="2.0.0"><![CDATA[You have not selected an avatar. Please select one.]]></phrase>
  <phrase title="xs_ag_title_category" version_id="2000200" version_string="2.0.2"><![CDATA[Title category]]></phrase>
  <phrase title="xs_ag_title_category_explain" version_id="2000200" version_string="2.0.2"><![CDATA[Select the category on which you want to set user group permissions]]></phrase>
  <phrase title="xs_ag_title_permission_category" version_id="2000200" version_string="2.0.2"><![CDATA[User groups]]></phrase>
  <phrase title="xs_ag_uncategorized" version_id="2000000" version_string="2.0.0"><![CDATA[Uncategorized]]></phrase>
  <phrase title="xs_ag_use_gallery_avatar" version_id="2000000" version_string="2.0.0"><![CDATA[Use a gallery avatar]]></phrase>
  <phrase title="xs_as_you_can_t_delete_your_avatar" version_id="2010320" version_string="2.1.3 Fix 2"><![CDATA[You can't delete your avatar]]></phrase>
</phrases>
