<?xml version="1.0" encoding="utf-8"?>
<template_modifications>
  <modification type="public" template="account_avatar" modification_key="xs_ag_account_avatar" description="Add the gallery to the avatar selection modal" execution_order="10" enabled="1" action="preg_replace">
    <find><![CDATA[/(<label>(.*?)<\/label>(.*?)<\/dfn>)/is]]></find>
    <replace><![CDATA[<xf:if is="$xf.visitor.hasPermission('avatar', 'allowed')">
$0
</xf:if >
<xf:include template="xs_avatarGallery" />]]></replace>
  </modification>
  <modification type="public" template="account_avatar" modification_key="xs_as_delete_vbutton_delete_avatar" execution_order="10" enabled="1" action="preg_replace">
    <find><![CDATA[/(<xf:submitrow submit="{{ phrase\('okay'\) }}" rowtype="simple" class="js-overlayClose">)(.*?)(<xf:html>)(.*?)(<xf:button type="submit" name="delete_avatar" value="1" class="js-deleteAvatar" icon="delete" \/>)(.*?)(<\/xf:html>)(.*?)(<\/xf:submitrow>)/s]]></find>
    <replace><![CDATA[<xf:if is="$xf.visitor.hasPermission('general', 'XSAGCanDeleteAvatar')">
	$0
	<xf:else/>
	<xf:submitrow submit="{{ phrase('okay') }}" rowtype="simple" class="js-overlayClose" />
</xf:if>]]></replace>
  </modification>
  <modification type="public" template="register_form" modification_key="xs_add_gallery_register_form" execution_order="10" enabled="1" action="str_replace">
    <find><![CDATA[			<xf:passwordboxrow name="{{ $regForm.getFieldName('password') }}" autocomplete="new-password"
				label="{{ phrase('password') }}"
				hint="{{ phrase('required') }}"
				required="required" checkstrength="true" />]]></find>
    <replace><![CDATA[$0
<xf:include template="xs_avatarGalleryRegister" />]]></replace>
  </modification>
</template_modifications>
