<?xml version="1.0" encoding="utf-8"?>
<templates>
  <template type="admin" title="option_template_register" version_id="2000000" version_string="2.0.0"><![CDATA[<xf:formrow
	label="{$option.title}"
	hint="{$hintHtml}"
	explain="{$explainHtml}"
	html="{$listedHtml}">
	<xf:checkbox name="{$inputName}[OnOff]" value="{$option.option_value.OnOff}" >
		<xf:option value="1" label="{{ phrase('xs_ag_on_off_register') }}">
			<xf:dependent>
				<xf:checkbox name="{$inputName}[Required]" value="{$option.option_value.Required}" >
					<xf:option value="1" label="{{ phrase('xs_ag_on_off_required') }}"/>
				</xf:checkbox>
			</xf:dependent>
		</xf:option>
	</xf:checkbox>
</xf:formrow>]]></template>
  <template type="admin" title="xs_ag_delete" version_id="2000200" version_string="2.0.2"><![CDATA[<xf:title>{{ phrase('confirm_action') }}</xf:title>

<xf:form action="{{ link('avatar-gallery/delete', $AvatarGallery) }}" ajax="true" class="block">
	<div class="block-container">
		<div class="block-body">
			<xf:inforow rowtype="confirm">
				{{ phrase('please_confirm_that_you_want_to_delete_following:') }}
				<strong><a href="{{ link('avatar-gallery/edit', $AvatarGallery) }}">{$AvatarGallery.title_category}</a></strong>
			</xf:inforow>
		</div>
		<xf:submitrow rowtype="simple" icon="delete" />
	</div>
</xf:form>]]></template>
  <template type="admin" title="xs_ag_edit" version_id="2010000" version_string="2.1.0"><![CDATA[<xf:if is="$AvatarGallery.isInsert()">
    <xf:title>{{ phrase('xs_ag_add_category') }}</xf:title>
<xf:else />
    <xf:title>{{ phrase('xs_ag_edit_category:') }} {$AvatarGallery.title_category}</xf:title>
</xf:if>

<xf:pageaction if="$AvatarGallery.isUpdate()">
	<xf:button href="{{ link('avatar-gallery/delete', $AvatarGallery) }}" icon="delete" overlay="true" />
</xf:pageaction>

<xf:form action="{{ link('avatar-gallery/save', $AvatarGallery) }}" ajax="true" class="block">
	<div class="block-container">
		<div class="block-body">
			<xf:selectrow name="title_category" value="{$AvatarGallery.title_category}" 
						  label="{{ phrase('xs_ag_title_category') }}" 
						  explain="{{ phrase('xs_ag_title_category_explain') }}">
				<xf:option value="{{ phrase('xs_ag_uncategorized') }}" label="{{ phrase('xs_ag_uncategorized') }}"/> 
				<xf:foreach loop="{$Categorys}" value="$Category">
					<xf:option value="{$Category}" label="{$Category}"/> 
				</xf:foreach>
			</xf:selectrow>
			<xf:checkboxrow  name="permission_category" value="{$AvatarGallery.permission_category}" 
							listclass="listColumns"
							label="{{ phrase('xs_ag_title_permission_category') }}" 
							explain="{{ phrase('xs_ag_permission_category_explain') }}">
				<xf:options source="$UserGroups"/>
			</xf:checkboxrow>
			<xf:submitrow icon="save" sticky="true" />
		</div>
	</div>
</xf:form>]]></template>
  <template type="admin" title="xs_ag_view" version_id="2010000" version_string="2.1.0"><![CDATA[<xf:title>{{ phrase('xs_ag_avatar_gallerys') }}</xf:title>

<xf:pageaction>
    <div class="buttonGroup">
		<xf:button href="{{ link('avatar-gallery/add') }}" icon="add">{{ phrase('xs_ag_add_category') }}</xf:button>
    </div>
</xf:pageaction>
<xf:css src="xs_ag_view.less"/>
<xf:if is="$AvatarGallerys is not empty">
		<div class="block-container">
			<div class="block-body">
				<xf:datalist>
					<xf:foreach loop="{$AvatarGallerys}" value="$AvatarGallery">
						<xf:datarow>
							<xf:main href="{{ link('avatar-gallery/edit', $AvatarGallery) }}"
								label="{$AvatarGallery.title_category}"/>
							<xf:action class="xs_ag_user_group">
								<label>
									<xf:foreach loop="{$UserGroups}" key="$UserGroupkey" value="$UserGroup">
										<xf:if is="in_array($UserGroupkey, $AvatarGallery.permission_category)">
											{$UserGroup}<span>,</span>
										</xf:if>
									</xf:foreach>
								</label>
							</xf:action>
							<xf:delete href="{{ link('avatar-gallery/delete', $AvatarGallery) }}" />
						</xf:datarow>
					</xf:foreach>
				</xf:datalist>
			</div>
		</div>
<xf:else />
	<div class="blockMessage">{{ phrase('xs_ag_no_avatar_category_has_been_created') }}</div>
</xf:if>]]></template>
  <template type="admin" title="xs_ag_view.less" version_id="2000200" version_string="2.0.2"><![CDATA[.xs_ag_user_group
{
	width: 30%!important; 
	white-space: normal!important;
	span:last-child {
		display:none;
	}
}]]></template>
  <template type="public" title="xs_avatarGallery" version_id="2010200" version_string="2.1.2"><![CDATA[<xf:css src="xs_avatarGallery.less" />
<xf:js src="XenSoluce/AvatarGallery/gallery_avatar.js"/>

<xf:if is="$xf.options.xs_ag_enable && !$xf.visitor.hasPermission('general', 'XSAGCanUseAG')">
    <label>{{ phrase('xs_ag_use_gallery_avatar') }}</label>
    <div class="input xs_ag_gallery_container">
		<ul class="xs_ag_avatar_list">
			<li>
				<xf:foreach loop="$gallery_images" key="$category" value="$avatars">
					<xf:if is="$avatars.permission != '2'">
						<xf:if is="{$avatars.permission}">
							<h3 class="xs_ag_category">{$category}</h3>
							<xf:foreach loop="$avatars.dirname" value="$avatar">
								<div id="xs_ag_avatar_select" data-xf-click="xs_ag_avatar" data-avatar-data-path="{$avatar.data-path}">
									<i class="fa fa-check"></i>
									<img class="avatar avatar--m" src="{$avatar.url}" >
								</div>
							</xf:foreach>
						</xf:if>
						<xf:elseif is="$avatars.permission == '2'"/>
						<h3 class="xs_ag_category">{$category}</h3>
						<xf:foreach loop="$avatars.dirname" value="$avatar">
							<div id="xs_ag_avatar_select" data-xf-click="xs_ag_avatar" data-avatar-data-path="{$avatar.data-path}">
								<i class="fa fa-check"></i>
								<img class="avatar avatar--m" src="{$avatar.url}" >
							</div>
						</xf:foreach>
					</xf:if>
				</xf:foreach>
			<li><input id="xs_ag_avatar_choice" type="hidden" name="gallery_avatar"/></li>
		</ul>
	</div>
</xf:if>]]></template>
  <template type="public" title="xs_avatarGallery.less" version_id="2010320" version_string="2.1.3 Fix 2"><![CDATA[.xs_ag_gallery_container {
	max-height:250px;
	overflow:auto;
}
div#xs_ag_avatar_select {
	border-radius: 5px;
	display: inline-block;
	border: solid @xf-inputBgColor ;
    border-radius: 100%;
	padding: 0;
	margin: 0;
	-moz-appearance: none;
	margin-bottom: @xf-paddingSmall;
	position: relative;
	overflow:hidden;
	:hover {
		opacity: 0.7;
		cursor: pointer;
	}
	&.checked {
		border: solid #185886;
		border-radius: 100%;
	}
	&.checked .fa{
		display: block;
	}
	.fa {
		display: none;
		position: absolute;
		font-size: 60px;
		color: #185886;
		padding: 20px;
	}
}
ul.xs_ag_avatar_list {
	margin: 0px !important;
	padding: 0px !important;
	list-style-type: none;
}]]></template>
  <template type="public" title="xs_avatarGalleryRegister" version_id="2010310" version_string="2.1.3 Fix 1"><![CDATA[<xf:css src="xs_avatarGallery.less" />
<xf:js src="XenSoluce/AvatarGallery/gallery_avatar.js" min="1"/>

<xf:if is="$gallery_images">
	<dl class="formRow formRow--input">
		<dt>
			<div class="formRow-labelWrapper">
				<label>{{ phrase('avatar:') }}</label>
				<xf:if is="$xf.options.xs_ag_register.Required">
					<dfn class="formRow-hint">{{ phrase('required') }}</dfn>
				</xf:if>
			</div>
		</dt>
		<dd>
			<div class="input xs_ag_gallery_container">
				<ul class="xs_ag_avatar_list">
					<li>
						<xf:foreach loop="$gallery_images" key="$category" value="$avatars">
							<h3 class="xs_ag_category">{$category}</h3>
							<xf:foreach loop="$avatars" value="$avatar">
								<div id="xs_ag_avatar_select" data-xf-click="xs_ag_avatar" data-avatar-data-path="{$avatar.data-path}">
									<i class="fa fa-check"></i>
									<img class="avatar avatar--m" src="{$avatar.url}" >
								</div>
							</xf:foreach>
						</xf:foreach>
					</li>
					<li><input id="xs_ag_avatar_choice" type="hidden" name="gallery_avatar"/></li>
				</ul>
			</div>
			<p class="formRow-explain">{{ phrase('xs_ag_avatar_explain') }}</p>
		</dd>
	</dl>
</xf:if>]]></template>
</templates>
