<?xml version="1.0" encoding="utf-8"?>
<class_extensions>
  <extension from_class="XF\Entity\Post" to_class="EWR\Porta\Entity\Post" execute_order="10" active="1"/>
  <extension from_class="XF\Entity\Thread" to_class="EWR\Porta\Entity\Thread" execute_order="10" active="1"/>
  <extension from_class="XF\Pub\Controller\Forum" to_class="EWR\Porta\Pub\Controller\Forum" execute_order="65535" active="1"/>
  <extension from_class="XF\Pub\Controller\Thread" to_class="EWR\Porta\Pub\Controller\Thread" execute_order="10" active="1"/>
  <extension from_class="XF\ThreadType\Article" to_class="EWR\Porta\ThreadType\Article" execute_order="10" active="1"/>
  <extension from_class="XF\ThreadType\Discussion" to_class="EWR\Porta\ThreadType\Discussion" execute_order="10" active="1"/>
  <extension from_class="XF\ThreadType\Poll" to_class="EWR\Porta\ThreadType\Poll" execute_order="10" active="1"/>
  <extension from_class="XF\ThreadType\Question" to_class="EWR\Porta\ThreadType\Question" execute_order="10" active="1"/>
  <extension from_class="XF\ThreadType\Suggestion" to_class="EWR\Porta\ThreadType\Suggestion" execute_order="10" active="1"/>
</class_extensions>
