<?xml version="1.0" encoding="utf-8"?>
<widget_positions>
  <widget_position position_id="ewr_porta_article_sidebar" active="1"/>
  <widget_position position_id="ewr_porta_articles_above_full" active="1"/>
  <widget_position position_id="ewr_porta_articles_above_split" active="1"/>
  <widget_position position_id="ewr_porta_articles_after_article" active="1"/>
  <widget_position position_id="ewr_porta_articles_below_full" active="1"/>
  <widget_position position_id="ewr_porta_articles_below_split" active="1"/>
  <widget_position position_id="ewr_porta_articles_sidebar" active="1"/>
  <widget_position position_id="ewr_porta_articles_sidenav" active="1"/>
  <widget_position position_id="ewr_porta_forumlist_above_split" active="1"/>
  <widget_position position_id="ewr_porta_forumlist_below_split" active="1"/>
</widget_positions>
