{
    "js/themehouse/uix/style-property-upload.js": "8b043f50bc29b02eff4e3b045fbb2f38e33113c0422bad00b4d08c9c306fb67e",
    "js/themehouse/uix/style-property-upload.min.js": "2be3ba7272dab46cf1e2acf96212bce1c69beb090e0c87263da80a01b37bf28a",
    "src/addons/ThemeHouse/Core/AutoLoad.php": "4f97d0894d79461c3967b055acaf57bb6af6229c1f1b4037208f13a50449593c",
    "src/addons/ThemeHouse/Core/AutoLoad/20170817.php": "750b260d23e1b1702de3325294ed329d8e0dd2d39bf49d54aeb185cb377f72ac",
    "src/addons/ThemeHouse/Core/Branding.php": "f29f80440fe8c391ddf1b1586b0f3d0eb93aa8d3481ae7d82c5c5a6249517986",
    "src/addons/ThemeHouse/Core/Branding/20180420.php": "a395c7021ad1831f980e340ffd7dd0ec902a11331318f8e4bfde084c247c9dcc",
    "src/addons/ThemeHouse/Core/Http/HttpClient.php": "6e212f817d23deb638e59405bdafaf2c3c07d8bf3c6221c10aba4bb31d3ea34a",
    "src/addons/ThemeHouse/Core/Http/HttpClient/20181220.php": "34fd95249ee909bb3f62746b24924064dceb15fc98fb98cc2dc38d39da9cf730",
    "src/addons/ThemeHouse/Core/Service/ApiRequest.php": "ae690fb12efbe6e093e4f7285e737e7c3159df037d2fa7276e4383c1455ecda0",
    "src/addons/ThemeHouse/Core/Service/ApiRequest/20181115.php": "2fd2956b3b2caf814110716b4607435a16006aa81b68bb4ccaa350a4f93c1ad0",
    "src/addons/ThemeHouse/Core/Service/UpdateCheck.php": "4663ceda0e38c383d182fde3c18fd3b3aae76feeed5e7d5aa5e991e284c6e8a2",
    "src/addons/ThemeHouse/Core/Service/UpdateCheck/20180802.php": "06ebbf95f3e2f98b6cc403b67c3449e1ec2755ae149a6741462c42f08309713c",
    "src/addons/ThemeHouse/Core/Util/Color.php": "19bad046ef1b1c7f3a5f5e24c0c562b8274f0b0898d2b75a9b307d6081d98ee2",
    "src/addons/ThemeHouse/Core/Util/Color/20180606.php": "0fc33ecc33bc68a49ab390147620ad6d3ec10b49ccf6e41d15382adaeda1b279",
    "src/addons/ThemeHouse/UIX/addon.json": "ca81e4e3acad580f58d2bf458a8273c01ff1bb986175bd39d84a22a4faee9969",
    "src/addons/ThemeHouse/UIX/Admin/Controller/UixSpImageUpload.php": "b7a0c47e6765257577323e0f01115847c299db2f97b91b3047b0f5490d5c8c27",
    "src/addons/ThemeHouse/UIX/Admin/View/StyleProperty/ImageUploadResult.php": "f3a12a971ee061ad6f9e431cf6918d89af98d45213af15ce4d1b98585ea876ae",
    "src/addons/ThemeHouse/UIX/Cli/Command/Uix/InstallStyle.php": "89e78a1be5146ba9436fb010a653df71f1f885bcbd766485a7aeb9c23b20201c",
    "src/addons/ThemeHouse/UIX/Cron/UpdateCheck.php": "221aa7dec8f9217d580b3de0e92607bacf839a86fa4edaa22b2f4282a027b15f",
    "src/addons/ThemeHouse/UIX/icon.png": "e373d4b059706b8c4c7224f278b9c24f9352b246c8914299b9310a22fcc46033",
    "src/addons/ThemeHouse/UIX/Listener/Admin/TemplaterMacroPreRender.php": "cd0a717223b304007830f3639672a91d5e18bfdee71d0b2792d48d140fee7f36",
    "src/addons/ThemeHouse/UIX/Listener/AppPubRenderPage.php": "1d24d5295a4c6fc14876ca85cda28d2d4664db1f5277e78c26df51b17a0e5b1e",
    "src/addons/ThemeHouse/UIX/Listener/EntityStructure.php": "84c374e59249064f0395b3d278c932d3c0a4739ca7f4bc4102c1886a623fab5a",
    "src/addons/ThemeHouse/UIX/Listener/Pub/TemplaterMacroPreRender.php": "0f5150837704404d4390d7614142cbddcc47c0ce74ff1b425c526f1377115751",
    "src/addons/ThemeHouse/UIX/Listener/Pub/TemplaterTemplatePreRender.php": "3ad66dcfde1bcf3c0facd17f1ef73d76cdac571bc435e32d43050c5a2399571a",
    "src/addons/ThemeHouse/UIX/Listener/TemplaterSetup.php": "b85b6be4a5a19000761b18dc44a1eab4068af65256757943c441ee76ae0d7044",
    "src/addons/ThemeHouse/UIX/Pub/Controller/UIX.php": "5e7a3c11be3dc468425b79ee1acfcd5da96f47e16a8770968d9a979ff838c68f",
    "src/addons/ThemeHouse/UIX/Pub/View/UIX/Toggle.php": "568379471316965704ae6ee3212245df1b33e2ac6837fd03ae4a26201d7d9a5c",
    "src/addons/ThemeHouse/UIX/Pub/View/UIX/ToggleCategory.php": "101bff445f4dd0bb0a37b7f95617c3f91db99a67527ead870274199f54082d5f",
    "src/addons/ThemeHouse/UIX/Pub/View/UIX/ToggleWidth.php": "12ca0860ea17e473903dccc1dca496b8e60bd5965175f757e294ded57036f2b5",
    "src/addons/ThemeHouse/UIX/Repository/StyleInstaller.php": "884642f722851b597062c126434203fec7039b86e10837d55c15166b2cd70d78",
    "src/addons/ThemeHouse/UIX/Service/Style/Downloader.php": "151eb7a82703406ee0733af4cfbb887087170b7686287f3a464ae6ee25b5cf69",
    "src/addons/ThemeHouse/UIX/Service/Style/Extractor.php": "75b3375645fd21d889f7c5044668b737cb10ce3a68eb8e0630704d1ad4bed027",
    "src/addons/ThemeHouse/UIX/Service/Style/Fetcher.php": "b7891db63dabfb20151d77a7d93cbfb59293aea136e3bb95cd05cf5655fb7062",
    "src/addons/ThemeHouse/UIX/Service/Style/Installer.php": "637396f5f17efeca8b1d5a1f5c8e050e44a2cfe9ca1f436424b8b3db244ff3b8",
    "src/addons/ThemeHouse/UIX/Service/Style/Mover.php": "b2b8737b4764c37b18521f480e02089cbd5ff20d934c713f39ff120b8fd250fa",
    "src/addons/ThemeHouse/UIX/Service/Style/UpdateCheck.php": "997b91f08ffad14cd09095dabcbde43e39a8499bf5b017f58b124f2fdb752128",
    "src/addons/ThemeHouse/UIX/Service/Style/Upgrader.php": "9ec01b63413d990f30f0001464ef0b4f4ab38b75739442205a8520ec76ba4d3c",
    "src/addons/ThemeHouse/UIX/Setup.php": "80a8cc006168c5a76993038a47507226dde1c7e4f19c161d9715f824b9ee08c5",
    "src/addons/ThemeHouse/UIX/Util/Ftp.php": "5c6e8be2e837837c27d1a95426e36424c3fb7499f600029d319d6ff8c9b7cb9c",
    "src/addons/ThemeHouse/UIX/Util/UIX.php": "a3779e1c6ace29a84166ab508945d2ce6a935b5fd28af94ec2801af0e13fdbc2",
    "src/addons/ThemeHouse/UIX/Widget/LoginForm.php": "93496a4890888c61686c1ccee7403779876654d8c3880d0ab5a3e740914dbd76",
    "src/addons/ThemeHouse/UIX/Widget/PostThread.php": "cbcb7433fea140314f99b2fde8b8aff890a5894ca50e9da8ab342173be12b299",
    "src/addons/ThemeHouse/UIX/Widget/SocialMediaFeed.php": "298252190e660b86869fc9f94e986fdcb3ef497536bffeb963b5298159c9ba0d",
    "src/addons/ThemeHouse/UIX/XF/Admin/Controller/Index.php": "091304865dc6e7e13849eaedefcd02a2d3e5d1a9aea9c990a92971e6dc648055",
    "src/addons/ThemeHouse/UIX/XF/Admin/Controller/Notice.php": "ad8e9b0b0b7d5166cb82edd0b5a7b72610de0c1d1a3118f3ffa425c69cf3c3c0",
    "src/addons/ThemeHouse/UIX/XF/Admin/Controller/Style.php": "a449d5ad29b34b16f7f75321d3d781ecf36ad5553fbb037d4ce3fd190fc72545",
    "src/addons/ThemeHouse/UIX/XF/CssRenderer.php": "7e68abfa204e564375a05dfa598a137d1da4a924ba69de9352c8e2bb9be4a40d",
    "src/addons/ThemeHouse/UIX/XF/Entity/Node.php": "306177c4b2045dcae9ab107357050a721900b0e870747f1beef2ce9f3348d62b",
    "src/addons/ThemeHouse/UIX/XF/Entity/Style.php": "428c7b6eb27dc88b72eecd0b54b6175c02d80a5d0820cc8aee9f1939e32fa75c",
    "src/addons/ThemeHouse/UIX/XF/Entity/User.php": "b091fc12ddfea2a91e13407b6a1ac7530a60828c842c9b85b19ec5462dc97746",
    "src/addons/ThemeHouse/UIX/XF/Pub/Controller/Account.php": "59501291ae01760fa1430d451295d629e600a438b7226d76c311908db3f2f823",
    "src/addons/ThemeHouse/UIX/XF/Repository/Style.php": "54ce48309e159243a0a6e11062eb483ae9717d5a0d9eba3e7d711ed3963b63aa",
    "src/addons/ThemeHouse/UIX/XF/Template/Templater.php": "8ed84d34ffb21264848c9bfd8fdb0aac18b8d6756f392eece5efdf048d1fb8a7",
    "src/addons/ThemeHouse/UIX/_data/activity_summary_definitions.xml": "99d8c2563a31320d66f958fc8bda78613545f5f7959bb3cf5318805e3a3c39d2",
    "src/addons/ThemeHouse/UIX/_data/admin_navigation.xml": "aed6a36540914895fa822a3c57b4b353caf8c89723eeee2c3ced73a3a3af2432",
    "src/addons/ThemeHouse/UIX/_data/admin_permission.xml": "d85956b5f9084b92b148eabc161636ac0133803bb1f2c444cea2f561d95da02d",
    "src/addons/ThemeHouse/UIX/_data/advertising_positions.xml": "d2f7cbe844bb1df3cf878d22ff6306249245c8ff6b0b87b9b729744bec538261",
    "src/addons/ThemeHouse/UIX/_data/api_scopes.xml": "6793eaf758f140e8137187ba20e65f4faccf53410433ae3ad7a8b3b38cb6b3b7",
    "src/addons/ThemeHouse/UIX/_data/bb_codes.xml": "faa4ddd5f4a365e5ac39aebdcbe2d25aedf74e7eb9ea4a812766e2fd5e13bdb1",
    "src/addons/ThemeHouse/UIX/_data/bb_code_media_sites.xml": "29762987990187b33e43cfb68c08dc917b2d3f0176613d78f8e6c453f82da3f3",
    "src/addons/ThemeHouse/UIX/_data/class_extensions.xml": "189cd051802f8647127ab1a3d33223b8360e6ba026bc555a212681222b6ef442",
    "src/addons/ThemeHouse/UIX/_data/code_events.xml": "8370dec3df47f91df4cf79da253446ad11b29f4ea568fe76c774e97a0379f0eb",
    "src/addons/ThemeHouse/UIX/_data/code_event_listeners.xml": "ca6edea012dfeb44eec7def231ed3ed37643b0ba2eeff7979408e3113d21aec3",
    "src/addons/ThemeHouse/UIX/_data/content_type_fields.xml": "c7ad5472b28f465b7ac7617627707eba1b7a39d28089460d52e1ed292fc0b06a",
    "src/addons/ThemeHouse/UIX/_data/cron.xml": "4490f95971f3f0062f8788c4460855efc1f11932a6f51e52535eac7e2470107c",
    "src/addons/ThemeHouse/UIX/_data/help_pages.xml": "a8a0c0b06cdc550438bc8a8d385af3e1e5ab3459877dfb934c1c31be59c89163",
    "src/addons/ThemeHouse/UIX/_data/member_stats.xml": "89fb2b93ff1eca7a1f6f752248edf6090dfd24037db1446fd18ff7143f08124d",
    "src/addons/ThemeHouse/UIX/_data/navigation.xml": "f75e1c03a45a360bbdfcd0567121665082315068475d5b0feb8b1acbb1688651",
    "src/addons/ThemeHouse/UIX/_data/options.xml": "131158c67c8d17022326a892c3594d5a23b2617e8cb74f91905063f275bc0fee",
    "src/addons/ThemeHouse/UIX/_data/option_groups.xml": "af3990e2b1f32c3feba39484e569aaa21930b39e6f5e7603203faeb71cc3241b",
    "src/addons/ThemeHouse/UIX/_data/permissions.xml": "4441bc973a7f500380b7d4d0abfda0898c1fef73877d7dc13a3a00e648ce4c67",
    "src/addons/ThemeHouse/UIX/_data/permission_interface_groups.xml": "b4f85067c3664826beb94f147be992c5ab6d173c08194212d96915e9fe31819f",
    "src/addons/ThemeHouse/UIX/_data/phrases.xml": "c2343971b21cc5a56af723e2b45184cb9b1aeb9ad77d803caf8c011c973d56cd",
    "src/addons/ThemeHouse/UIX/_data/routes.xml": "97ba2e18107526fdc06eb77d6a01ce428ca5fde620db8a12490c16fcc14e8cb1",
    "src/addons/ThemeHouse/UIX/_data/style_properties.xml": "859e6880f9aa01929e4def2b8769dc6cfba38daac94b0b3f6020355b5ef6d09c",
    "src/addons/ThemeHouse/UIX/_data/style_property_groups.xml": "8cd3b08c9576f49c109838d78439fc8b4db65df3385d296130f373e6b1fd2b8a",
    "src/addons/ThemeHouse/UIX/_data/templates.xml": "cce830959671a7f13359b1fdd8f64769947ce7d38d5885c0fa941c216fe85fb9",
    "src/addons/ThemeHouse/UIX/_data/template_modifications.xml": "6f7b043d11591792db0c7b195a6a1a037ea9e61293f14351f145906b85e317be",
    "src/addons/ThemeHouse/UIX/_data/widget_definitions.xml": "dcc75565ccfbfde9f80c9ffd31f45f434b143d1ad6dbb57f8302533e00bc4f5b",
    "src/addons/ThemeHouse/UIX/_data/widget_positions.xml": "e1c34a6903b95e0f738ea7b40b038f75a54f3699ef6c39994a4d2e86375d91e6",
    "styles/uix_addon/brandmark.png": "ae877a4257e53332df3b8e16b9ca0aae03a226351be8084cba7b67d319cbe35e"
}