<?xml version="1.0" encoding="utf-8"?>
<options>
  <option option_id="andrewModeralPanelEnabledProtectedUsers" edit_format="onoff" data_type="boolean">
    <default_value>0</default_value>
    <relation group_id="andrew_moderatorpanel" display_order="2"/>
  </option>
  <option option_id="andrewModeralPanelRequireBanReason" edit_format="onoff" data_type="boolean">
    <default_value>0</default_value>
    <relation group_id="andrew_moderatorpanel" display_order="3"/>
  </option>
  <option option_id="andrewModeratorPanelDashboardFifthPosition" edit_format="select" data_type="integer">
    <default_value>5</default_value>
    <edit_format_params>0 = None
1 = Five activity blocks
2 = Statistics
3 = Recently banned users
4 = Recently warned users
5 = Recent users notes</edit_format_params>
    <relation group_id="andrew_moderatorpanel" display_order="13"/>
  </option>
  <option option_id="andrewModeratorPanelDashboardFirstPosition" edit_format="select" data_type="integer">
    <default_value>1</default_value>
    <edit_format_params>0 = None
1 = Five activity blocks
2 = Statistics
3 = Recently banned users
4 = Recently warned users
5 = Recent users notes</edit_format_params>
    <relation group_id="andrew_moderatorpanel" display_order="9"/>
  </option>
  <option option_id="andrewModeratorPanelDashboardFourthPosition" edit_format="select" data_type="integer">
    <default_value>4</default_value>
    <edit_format_params>0 = None
1 = Five activity blocks
2 = Statistics
3 = Recently banned users
4 = Recently warned users
5 = Recent users notes</edit_format_params>
    <relation group_id="andrew_moderatorpanel" display_order="12"/>
  </option>
  <option option_id="andrewModeratorPanelDashboardSecondPosition" edit_format="select" data_type="integer">
    <default_value>2</default_value>
    <edit_format_params>0 = None
1 = Five activity blocks
2 = Statistics
3 = Recently banned users
4 = Recently warned users
5 = Recent users notes</edit_format_params>
    <relation group_id="andrew_moderatorpanel" display_order="10"/>
  </option>
  <option option_id="andrewModeratorPanelDashboardThirdPosition" edit_format="select" data_type="integer">
    <default_value>3</default_value>
    <edit_format_params>0 = None
1 = Five activity blocks
2 = Statistics
3 = Recently banned users
4 = Recently warned users
5 = Recent users notes</edit_format_params>
    <relation group_id="andrew_moderatorpanel" display_order="11"/>
  </option>
  <option option_id="andrewModeratorPanelModMenu" edit_format="onoff" data_type="boolean">
    <default_value>1</default_value>
    <relation group_id="andrew_moderatorpanel" display_order="1"/>
  </option>
  <option option_id="andrewModeratorPanelModeratedUsergroup" edit_format="callback" data_type="integer">
    <default_value>0</default_value>
    <edit_format_params>XF\Option\UserGroup::renderSelect</edit_format_params>
    <relation group_id="andrew_moderatorpanel" display_order="4"/>
  </option>
  <option option_id="andrewModeratorPanelMostIgnoredBannedUsers" edit_format="onoff" data_type="boolean">
    <default_value>1</default_value>
    <relation group_id="andrew_moderatorpanel" display_order="8"/>
  </option>
  <option option_id="andrewModeratorPanelMostReportedBannedUsers" edit_format="onoff" data_type="boolean">
    <default_value>1</default_value>
    <relation group_id="andrew_moderatorpanel" display_order="6"/>
  </option>
  <option option_id="andrewModeratorPanelMostWarnedBannedUsers" edit_format="onoff" data_type="boolean">
    <default_value>1</default_value>
    <relation group_id="andrew_moderatorpanel" display_order="7"/>
  </option>
  <option option_id="andrewModeratorPanelProtected" edit_format="callback" data_type="string">
    <default_value></default_value>
    <edit_format_params>XF\Option\UserGroup::renderSelect</edit_format_params>
    <relation group_id="andrew_moderatorpanel" display_order="2"/>
  </option>
  <option option_id="andrewModeratorPanelShowSpamBan" edit_format="onoff" data_type="boolean">
    <default_value>1</default_value>
    <relation group_id="andrew_moderatorpanel" display_order="5"/>
  </option>
</options>
