<?xml version="1.0" encoding="utf-8"?>
<permissions>
  <permission permission_group_id="andrew_moderatorpanel" permission_id="addDiscouragedUsers" permission_type="flag" interface_group_id="andrew_moderatorpanel" display_order="60"/>
  <permission permission_group_id="andrew_moderatorpanel" permission_id="addModeratedUsers" permission_type="flag" interface_group_id="andrew_moderatorpanel" display_order="230"/>
  <permission permission_group_id="andrew_moderatorpanel" permission_id="addUserNote" permission_type="flag" interface_group_id="andrew_moderatorpanel" display_order="180"/>
  <permission permission_group_id="andrew_moderatorpanel" permission_id="canBanProtectedUsers" permission_type="flag" interface_group_id="andrew_moderatorpanel" display_order="30"/>
  <permission permission_group_id="andrew_moderatorpanel" permission_id="canViewModeratorPanel" permission_type="flag" interface_group_id="andrew_moderatorpanel" display_order="10"/>
  <permission permission_group_id="andrew_moderatorpanel" permission_id="deleteUserNote" permission_type="flag" interface_group_id="andrew_moderatorpanel" display_order="190"/>
  <permission permission_group_id="andrew_moderatorpanel" permission_id="discourageProtectedUsers" permission_type="flag" interface_group_id="andrew_moderatorpanel" display_order="65"/>
  <permission permission_group_id="andrew_moderatorpanel" permission_id="moderateProtectedUsers" permission_type="flag" interface_group_id="andrew_moderatorpanel" display_order="235"/>
  <permission permission_group_id="andrew_moderatorpanel" permission_id="searchUsers" permission_type="flag" interface_group_id="andrew_moderatorpanel" display_order="15"/>
  <permission permission_group_id="andrew_moderatorpanel" permission_id="viewBannedUsersList" permission_type="flag" interface_group_id="andrew_moderatorpanel" display_order="50"/>
  <permission permission_group_id="andrew_moderatorpanel" permission_id="viewChangeLog" permission_type="flag" interface_group_id="andrew_moderatorpanel" display_order="140"/>
  <permission permission_group_id="andrew_moderatorpanel" permission_id="viewDiscouragedUsersList" permission_type="flag" interface_group_id="andrew_moderatorpanel" display_order="70"/>
  <permission permission_group_id="andrew_moderatorpanel" permission_id="viewIPAddresses" permission_type="flag" interface_group_id="andrew_moderatorpanel" display_order="20"/>
  <permission permission_group_id="andrew_moderatorpanel" permission_id="viewIgnoredUsers" permission_type="flag" interface_group_id="andrew_moderatorpanel" display_order="120"/>
  <permission permission_group_id="andrew_moderatorpanel" permission_id="viewModeratedUsers" permission_type="flag" interface_group_id="andrew_moderatorpanel" display_order="220"/>
  <permission permission_group_id="andrew_moderatorpanel" permission_id="viewModeratorLog" permission_type="flag" interface_group_id="andrew_moderatorpanel" display_order="130"/>
  <permission permission_group_id="andrew_moderatorpanel" permission_id="viewRecentlyRegistered" permission_type="flag" interface_group_id="andrew_moderatorpanel" display_order="100"/>
  <permission permission_group_id="andrew_moderatorpanel" permission_id="viewRejectedUserLog" permission_type="flag" interface_group_id="andrew_moderatorpanel" display_order="150"/>
  <permission permission_group_id="andrew_moderatorpanel" permission_id="viewReportedUsers" permission_type="flag" interface_group_id="andrew_moderatorpanel" display_order="110"/>
  <permission permission_group_id="andrew_moderatorpanel" permission_id="viewSpamCleanerLog" permission_type="flag" interface_group_id="andrew_moderatorpanel" display_order="160"/>
  <permission permission_group_id="andrew_moderatorpanel" permission_id="viewThreadBan" permission_type="flag" interface_group_id="andrew_moderatorpanel" display_order="80"/>
  <permission permission_group_id="andrew_moderatorpanel" permission_id="viewUserNameChangeLog" permission_type="flag" interface_group_id="andrew_moderatorpanel" display_order="135"/>
  <permission permission_group_id="andrew_moderatorpanel" permission_id="viewUserNotes" permission_type="flag" interface_group_id="andrew_moderatorpanel" display_order="170"/>
  <permission permission_group_id="andrew_moderatorpanel" permission_id="viewWarnedUsers" permission_type="flag" interface_group_id="andrew_moderatorpanel" display_order="90"/>
</permissions>
