<?xml version="1.0" encoding="utf-8"?>
<phrases>
  <phrase title="andrew_moderator_panel" version_id="1" version_string="1.0.0 Alpha"><![CDATA[Moderator Panel]]></phrase>
  <phrase title="andrew_moderatorpanel_active_points" version_id="1" version_string="1.0.0 Alpha"><![CDATA[Active points]]></phrase>
  <phrase title="andrew_moderatorpanel_ban_user" version_id="1" version_string="1.0.0 Alpha"><![CDATA[Ban user]]></phrase>
  <phrase title="andrew_moderatorpanel_banned_users" version_id="1" version_string="1.0.0 Alpha"><![CDATA[Banned users]]></phrase>
  <phrase title="andrew_moderatorpanel_change_username" version_id="1" version_string="1.0.0 Alpha"><![CDATA[Change username]]></phrase>
  <phrase title="andrew_moderatorpanel_current_ban" version_id="1" version_string="1.0.0 Alpha"><![CDATA[Current ban]]></phrase>
  <phrase title="andrew_moderatorpanel_dashboard" version_id="1" version_string="1.0.0 Alpha"><![CDATA[Dashboard]]></phrase>
  <phrase title="andrew_moderatorpanel_discourage_user" version_id="1030170" version_string="1.3.1"><![CDATA[Discourage user]]></phrase>
  <phrase title="andrew_moderatorpanel_discouraged_users" version_id="1000970" version_string="1.0.9"><![CDATA[Discouraged users]]></phrase>
  <phrase title="andrew_moderatorpanel_entered_note_on" version_id="1010270" version_string="1.1.2"><![CDATA[entered note on]]></phrase>
  <phrase title="andrew_moderatorpanel_ignored_by" version_id="1" version_string="1.0.0 Alpha"><![CDATA[Ignored by]]></phrase>
  <phrase title="andrew_moderatorpanel_ip_matches" version_id="1" version_string="1.0.0 Alpha"><![CDATA[IP matches]]></phrase>
  <phrase title="andrew_moderatorpanel_ip_search" version_id="1" version_string="1.0.0 Alpha"><![CDATA[IP search]]></phrase>
  <phrase title="andrew_moderatorpanel_logs" version_id="1" version_string="1.0.0 Alpha"><![CDATA[Logs]]></phrase>
  <phrase title="andrew_moderatorpanel_moderate" version_id="1030170" version_string="1.3.1"><![CDATA[Moderate]]></phrase>
  <phrase title="andrew_moderatorpanel_moderate_content" version_id="1020270" version_string="1.2.2"><![CDATA[Moderate content]]></phrase>
  <phrase title="andrew_moderatorpanel_moderate_user" version_id="1030170" version_string="1.3.1"><![CDATA[Moderate user]]></phrase>
  <phrase title="andrew_moderatorpanel_moderated" version_id="1020270" version_string="1.2.2"><![CDATA[Moderated]]></phrase>
  <phrase title="andrew_moderatorpanel_moderated_hint" version_id="1020270" version_string="1.2.2"><![CDATA[Moderated users are required to have all content approved by a moderator. All content, including posts, created by moderated users will be placed in the approval queue and require moderator approval.]]></phrase>
  <phrase title="andrew_moderatorpanel_moderated_users" version_id="1010270" version_string="1.1.2"><![CDATA[Moderated users]]></phrase>
  <phrase title="andrew_moderatorpanel_moderator_log" version_id="1030170" version_string="1.3.1"><![CDATA[Moderator log]]></phrase>
  <phrase title="andrew_moderatorpanel_moderator_panel" version_id="1" version_string="1.0.0 Alpha"><![CDATA[Moderator Panel]]></phrase>
  <phrase title="andrew_moderatorpanel_most_ignored_users" version_id="1" version_string="1.0.0 Alpha"><![CDATA[Most ignored users]]></phrase>
  <phrase title="andrew_moderatorpanel_most_reported_users" version_id="1" version_string="1.0.0 Alpha"><![CDATA[Most reported users]]></phrase>
  <phrase title="andrew_moderatorpanel_most_warned_users" version_id="1" version_string="1.0.0 Alpha"><![CDATA[Most warned users]]></phrase>
  <phrase title="andrew_moderatorpanel_no_users_are_ignoring" version_id="1" version_string="1.0.0 Alpha"><![CDATA[No users are ignoring this user]]></phrase>
  <phrase title="andrew_moderatorpanel_notes" version_id="1010270" version_string="1.1.2"><![CDATA[Notes]]></phrase>
  <phrase title="andrew_moderatorpanel_please_confirm_discourage" version_id="1030170" version_string="1.3.1"><![CDATA[Please confirm that you want to discourage the following user]]></phrase>
  <phrase title="andrew_moderatorpanel_please_confirm_moderate" version_id="1030170" version_string="1.3.1"><![CDATA[Please confirm that you want to moderate the following user]]></phrase>
  <phrase title="andrew_moderatorpanel_please_confirm_remove_discourage" version_id="1030170" version_string="1.3.1"><![CDATA[Please confirm that you no longer want to discourage the following user]]></phrase>
  <phrase title="andrew_moderatorpanel_please_confirm_remove_moderate" version_id="1030270" version_string="1.3.2"><![CDATA[Please confirm that you no longer want to moderate the following user]]></phrase>
  <phrase title="andrew_moderatorpanel_profile" version_id="1020270" version_string="1.2.2"><![CDATA[Profile]]></phrase>
  <phrase title="andrew_moderatorpanel_recent_user_notes" version_id="1010270" version_string="1.1.2"><![CDATA[Recent user notes]]></phrase>
  <phrase title="andrew_moderatorpanel_recently_banned_users" version_id="1000770" version_string="1.0.7"><![CDATA[Recently banned users]]></phrase>
  <phrase title="andrew_moderatorpanel_recently_regisered_users" version_id="1" version_string="1.0.0 Alpha"><![CDATA[Recently registered users]]></phrase>
  <phrase title="andrew_moderatorpanel_recently_registered_users" version_id="1" version_string="1.0.0 Alpha"><![CDATA[Recently registered users]]></phrase>
  <phrase title="andrew_moderatorpanel_recently_warned_users" version_id="1030270" version_string="1.3.2"><![CDATA[Recently warned users]]></phrase>
  <phrase title="andrew_moderatorpanel_rejected_user_log" version_id="1000970" version_string="1.0.9"><![CDATA[Rejected user log]]></phrase>
  <phrase title="andrew_moderatorpanel_remove_discourage" version_id="1030170" version_string="1.3.1"><![CDATA[Remove discourage]]></phrase>
  <phrase title="andrew_moderatorpanel_remove_moderation" version_id="1030170" version_string="1.3.1"><![CDATA[Remover moderation]]></phrase>
  <phrase title="andrew_moderatorpanel_remove_user_from_moderation" version_id="1030170" version_string="1.3.1"><![CDATA[Remove user from moderation]]></phrase>
  <phrase title="andrew_moderatorpanel_spam_cleaner_log" version_id="1000970" version_string="1.0.9"><![CDATA[Spam cleaner log]]></phrase>
  <phrase title="andrew_moderatorpanel_thread_bans" version_id="1" version_string="1.0.0 Alpha"><![CDATA[Thread bans]]></phrase>
  <phrase title="andrew_moderatorpanel_thread_reply_bans" version_id="1" version_string="1.0.0 Alpha"><![CDATA[Thread reply bans]]></phrase>
  <phrase title="andrew_moderatorpanel_user_change_log" version_id="1" version_string="1.0.0 Alpha"><![CDATA[User change log]]></phrase>
  <phrase title="andrew_moderatorpanel_user_data" version_id="1000670" version_string="1.0.6"><![CDATA[User data]]></phrase>
  <phrase title="andrew_moderatorpanel_user_file" version_id="1000270" version_string="1.0.2"><![CDATA[User file]]></phrase>
  <phrase title="andrew_moderatorpanel_user_has_no_notes" version_id="1010270" version_string="1.1.2"><![CDATA[User does not have any notes]]></phrase>
  <phrase title="andrew_moderatorpanel_user_has_no_reports" version_id="1" version_string="1.0.0 Alpha"><![CDATA[This user does not have any reported items]]></phrase>
  <phrase title="andrew_moderatorpanel_user_has_no_thread_bans" version_id="1" version_string="1.0.0 Alpha"><![CDATA[This user does not have any thread bans]]></phrase>
  <phrase title="andrew_moderatorpanel_user_has_no_warnings" version_id="1" version_string="1.0.0 Alpha"><![CDATA[This user does not have any warnings]]></phrase>
  <phrase title="andrew_moderatorpanel_user_lookup" version_id="1" version_string="1.0.0 Alpha"><![CDATA[User lookup]]></phrase>
  <phrase title="andrew_moderatorpanel_user_not_found" version_id="1040070" version_string="1.4.0"><![CDATA[User not found]]></phrase>
  <phrase title="andrew_moderatorpanel_user_notes" version_id="1010270" version_string="1.1.2"><![CDATA[User notes]]></phrase>
  <phrase title="andrew_moderatorpanel_username_change_log" version_id="1000770" version_string="1.0.7"><![CDATA[Username change log]]></phrase>
  <phrase title="andrew_moderatorpanel_view_profile" version_id="1020270" version_string="1.2.2"><![CDATA[View profile]]></phrase>
  <phrase title="mod_log.user_note_delete_hard" version_id="1010270" version_string="1.1.2"><![CDATA[User note removed]]></phrase>
  <phrase title="mod_log.user_user_note_removed" version_id="1030170" version_string="1.3.1"><![CDATA[User note removed]]></phrase>
  <phrase title="option.andrewModeralPanelEnabledProtectedUsers" version_id="1000270" version_string="1.0.2"><![CDATA[Enable protected users]]></phrase>
  <phrase title="option.andrewModeralPanelRequireBanReason" version_id="1000270" version_string="1.0.2"><![CDATA[Require reason to ban]]></phrase>
  <phrase title="option.andrewModeratorPanelDashboardFifthPosition" version_id="1030270" version_string="1.3.2"><![CDATA[Fifth dashboard position]]></phrase>
  <phrase title="option.andrewModeratorPanelDashboardFirstPosition" version_id="1030270" version_string="1.3.2"><![CDATA[First dashboard position]]></phrase>
  <phrase title="option.andrewModeratorPanelDashboardFourthPosition" version_id="1030270" version_string="1.3.2"><![CDATA[Fourth dashboard position]]></phrase>
  <phrase title="option.andrewModeratorPanelDashboardSecondPosition" version_id="1030270" version_string="1.3.2"><![CDATA[Second dashboard position]]></phrase>
  <phrase title="option.andrewModeratorPanelDashboardThirdPosition" version_id="1030270" version_string="1.3.2"><![CDATA[Third dashboard position]]></phrase>
  <phrase title="option.andrewModeratorPanelModMenu" version_id="100170" version_string="1.0.1"><![CDATA[Add link to moderator panel]]></phrase>
  <phrase title="option.andrewModeratorPanelModeratedUsergroup" version_id="1010270" version_string="1.1.2"><![CDATA[Moderated user group]]></phrase>
  <phrase title="option.andrewModeratorPanelMostIgnoredBannedUsers" version_id="1010070" version_string="1.1.0"><![CDATA[Show banned users on most ignored users list]]></phrase>
  <phrase title="option.andrewModeratorPanelMostReportedBannedUsers" version_id="1010070" version_string="1.1.0"><![CDATA[Show banned users on most reported users list]]></phrase>
  <phrase title="option.andrewModeratorPanelMostWarnedBannedUsers" version_id="1010070" version_string="1.1.0"><![CDATA[Show banned users on most warned users list]]></phrase>
  <phrase title="option.andrewModeratorPanelProtected" version_id="1010270" version_string="1.1.2"><![CDATA[Protected user group]]></phrase>
  <phrase title="option.andrewModeratorPanelShowSpamBan" version_id="1010070" version_string="1.1.0"><![CDATA[Show spam cleaner users on banned users list]]></phrase>
  <phrase title="option_explain.andrewModeralPanelEnabledProtectedUsers" version_id="1000270" version_string="1.0.2"><![CDATA[Protected users can only be banned by moderators or admins with the "Ban protected users" permission]]></phrase>
  <phrase title="option_explain.andrewModeralPanelRequireBanReason" version_id="1010070" version_string="1.1.0"><![CDATA[This option will require a reason to be entered when banning users]]></phrase>
  <phrase title="option_explain.andrewModeratorPanelDashboardFifthPosition" version_id="1030270" version_string="1.3.2"><![CDATA[]]></phrase>
  <phrase title="option_explain.andrewModeratorPanelDashboardFirstPosition" version_id="1030270" version_string="1.3.2"><![CDATA[]]></phrase>
  <phrase title="option_explain.andrewModeratorPanelDashboardFourthPosition" version_id="1030270" version_string="1.3.2"><![CDATA[]]></phrase>
  <phrase title="option_explain.andrewModeratorPanelDashboardSecondPosition" version_id="1030270" version_string="1.3.2"><![CDATA[]]></phrase>
  <phrase title="option_explain.andrewModeratorPanelDashboardThirdPosition" version_id="1030270" version_string="1.3.2"><![CDATA[]]></phrase>
  <phrase title="option_explain.andrewModeratorPanelModMenu" version_id="100170" version_string="1.0.1"><![CDATA[Add the "Moderator Panel" link to the moderator menu. If not selected then staff members will need to access the backend at "http://www.yourwebsite.com/moderatorpanel/"]]></phrase>
  <phrase title="option_explain.andrewModeratorPanelModeratedUsergroup" version_id="1010270" version_string="1.1.2"><![CDATA[This user group requires manual setup and requires that user posts most be moderated.]]></phrase>
  <phrase title="option_explain.andrewModeratorPanelMostIgnoredBannedUsers" version_id="1010070" version_string="1.1.0"><![CDATA[]]></phrase>
  <phrase title="option_explain.andrewModeratorPanelMostReportedBannedUsers" version_id="1010070" version_string="1.1.0"><![CDATA[]]></phrase>
  <phrase title="option_explain.andrewModeratorPanelMostWarnedBannedUsers" version_id="1010070" version_string="1.1.0"><![CDATA[]]></phrase>
  <phrase title="option_explain.andrewModeratorPanelProtected" version_id="1010270" version_string="1.1.2"><![CDATA[This user group cannot be banned without having the "Ban protected users" permission]]></phrase>
  <phrase title="option_explain.andrewModeratorPanelShowSpamBan" version_id="1010070" version_string="1.1.0"><![CDATA[]]></phrase>
  <phrase title="option_group.andrew_moderatorpanel" version_id="1" version_string="1.0.0 Alpha"><![CDATA[[Andrew] Moderator Panel]]></phrase>
  <phrase title="option_group_description.andrew_moderatorpanel" version_id="1" version_string="1.0.0 Alpha"><![CDATA[Moderator panel options]]></phrase>
  <phrase title="permission.andrew_moderatorpanel_addDiscouragedUsers" version_id="1020270" version_string="1.2.2"><![CDATA[Discourage users]]></phrase>
  <phrase title="permission.andrew_moderatorpanel_addModeratedUsers" version_id="1020270" version_string="1.2.2"><![CDATA[Moderate users]]></phrase>
  <phrase title="permission.andrew_moderatorpanel_addUserNote" version_id="1010270" version_string="1.1.2"><![CDATA[Add user note]]></phrase>
  <phrase title="permission.andrew_moderatorpanel_canBanProtectedUsers" version_id="100170" version_string="1.0.1"><![CDATA[Ban protected users]]></phrase>
  <phrase title="permission.andrew_moderatorpanel_canViewModeratorPanel" version_id="1" version_string="1.0.0 Alpha"><![CDATA[View moderator panel]]></phrase>
  <phrase title="permission.andrew_moderatorpanel_deleteUserNote" version_id="1010270" version_string="1.1.2"><![CDATA[Delete user note]]></phrase>
  <phrase title="permission.andrew_moderatorpanel_discourageProtectedUsers" version_id="1020270" version_string="1.2.2"><![CDATA[Discourage protected users]]></phrase>
  <phrase title="permission.andrew_moderatorpanel_moderateProtectedUsers" version_id="1020270" version_string="1.2.2"><![CDATA[Moderate protected users]]></phrase>
  <phrase title="permission.andrew_moderatorpanel_searchUsers" version_id="100170" version_string="1.0.1"><![CDATA[Search users]]></phrase>
  <phrase title="permission.andrew_moderatorpanel_viewBannedUsersList" version_id="100170" version_string="1.0.1"><![CDATA[View banned users list]]></phrase>
  <phrase title="permission.andrew_moderatorpanel_viewChangeLog" version_id="100170" version_string="1.0.1"><![CDATA[View change log]]></phrase>
  <phrase title="permission.andrew_moderatorpanel_viewDiscouragedUsersList" version_id="1000970" version_string="1.0.9"><![CDATA[View discouraged users]]></phrase>
  <phrase title="permission.andrew_moderatorpanel_viewIPAddresses" version_id="100170" version_string="1.0.1"><![CDATA[View IP addresses]]></phrase>
  <phrase title="permission.andrew_moderatorpanel_viewIgnoredUsers" version_id="100170" version_string="1.0.1"><![CDATA[View ignored users]]></phrase>
  <phrase title="permission.andrew_moderatorpanel_viewModeratedUsers" version_id="1010270" version_string="1.1.2"><![CDATA[View moderated users]]></phrase>
  <phrase title="permission.andrew_moderatorpanel_viewModeratorLog" version_id="100170" version_string="1.0.1"><![CDATA[View moderator log]]></phrase>
  <phrase title="permission.andrew_moderatorpanel_viewRecentlyRegistered" version_id="100170" version_string="1.0.1"><![CDATA[View recently registered users]]></phrase>
  <phrase title="permission.andrew_moderatorpanel_viewRejectedUserLog" version_id="1000970" version_string="1.0.9"><![CDATA[View rejected user log]]></phrase>
  <phrase title="permission.andrew_moderatorpanel_viewReportedUsers" version_id="100170" version_string="1.0.1"><![CDATA[View reported users]]></phrase>
  <phrase title="permission.andrew_moderatorpanel_viewSpamCleanerLog" version_id="1000970" version_string="1.0.9"><![CDATA[View spam cleaner log]]></phrase>
  <phrase title="permission.andrew_moderatorpanel_viewThreadBan" version_id="100170" version_string="1.0.1"><![CDATA[View thread ban]]></phrase>
  <phrase title="permission.andrew_moderatorpanel_viewUserNameChangeLog" version_id="1000770" version_string="1.0.7"><![CDATA[View user name change log]]></phrase>
  <phrase title="permission.andrew_moderatorpanel_viewUserNotes" version_id="1010270" version_string="1.1.2"><![CDATA[View user notes]]></phrase>
  <phrase title="permission.andrew_moderatorpanel_viewWarnedUsers" version_id="100170" version_string="1.0.1"><![CDATA[View warned users]]></phrase>
  <phrase title="permission_interface.andrew_moderatorpanel" version_id="1" version_string="1.0.0 Alpha"><![CDATA[[Andrew] Moderator Panel]]></phrase>
</phrases>
