<?xml version="1.0" encoding="utf-8"?>
<template_modifications>
  <modification type="public" template="PAGE_CONTAINER" modification_key="andrew_moderatorpanel_modlink" description="Adds the link to the moderator panel to the moderator dropdown" execution_order="15" enabled="1" action="str_replace">
    <find><![CDATA[<!--[XF:mod_tools_menu:bottom]-->]]></find>
    <replace><![CDATA[<xf:macro template="andrew_moderatorpanel_macros" 
		  name="andrew_moderatorpanel_modlink"/>
$0
]]></replace>
  </modification>
  <modification type="public" template="approval_queue" modification_key="andrew_moderator_panel_approval_queue" description="Add moderator panel sidebar to approval queue" execution_order="10" enabled="1" action="str_replace">
    <find><![CDATA[<xf:title>{{ phrase('approval_queue') }}</xf:title>]]></find>
    <replace><![CDATA[$0
<xf:macro template="andrew_moderatorpanel_macros" name="andrew_moderatorpanel_sidenav" arg-pageSelected="approvalqueue" arg-log="!" />]]></replace>
  </modification>
  <modification type="public" template="member_ban_edit" modification_key="andrew_moderator_panel_member_ban_edit" description="Requires a reason to ban users" execution_order="10" enabled="1" action="str_replace">
    <find><![CDATA[			<xf:textboxrow name="user_reason" value="{$userBan.user_reason}"
				maxlength="{{ max_length($userBan, 'user_reason') }}"
				label="{{ phrase('reason_for_banning') }}"
				explain="{{ phrase('this_will_be_shown_to_user_if_provided') }}" />]]></find>
    <replace><![CDATA[<xf:macro template="andrew_moderatorpanel_macros" 
		  name="andrew_moderatorpanel_banreason"
		  arg-userBan="{$userBan}"/>

]]></replace>
  </modification>
  <modification type="public" template="member_edit" modification_key="andrew_moderator_panel_member_edit" description="Adds the Moderator Panel sidebar to the user edit screen" execution_order="10" enabled="1" action="str_replace">
    <find><![CDATA[</xf:title>]]></find>
    <replace><![CDATA[$0
<xf:macro template="andrew_moderatorpanel_macros" name="andrew_moderatorpanel_sidenav" arg-pageSelected="usersearch" arg-log="!" />
]]></replace>
  </modification>
  <modification type="public" template="member_edit" modification_key="andrew_moderator_panel_member_edit_discourage" description="Adds a discourage checkbox and moderate content checkbox to user edit" execution_order="10" enabled="1" action="str_replace">
    <find><![CDATA[		</div>
		<xf:submitrow icon="save" sticky="true" />]]></find>
    <replace><![CDATA[<xf:formrow>
	<div>
		<xf:if is="$xf.visitor.canDiscourageUsers()  && $discourageProtected == false">
			<xf:checkbox>
				<xf:option name="option[is_discouraged]" selected="$user.Option.is_discouraged"
						   hint="{{ phrase('discouraged_hint') }}">{{ phrase('discouraged') }}</xf:option>
			</xf:checkbox>
		</xf:if>
		<xf:if is="$xf.visitor.canModerateUsers()  && $moderatedProtected == false">
			<xf:checkbox>
			<xf:option name="is_moderated" selected="$is_moderated"
						   hint="{{ phrase('andrew_moderatorpanel_moderated_hint') }}">{{ phrase('andrew_moderatorpanel_moderated') }}</xf:option>
			</xf:checkbox>
		</xf:if>
	</div>
</xf:formrow>
$0]]></replace>
  </modification>
  <modification type="public" template="member_macros" modification_key="andrewModeratorPanelModToolsDiscourageModerate" description="Adds the discourage user link and moderate user link to moderator tools" execution_order="10" enabled="1" action="str_replace">
    <find><![CDATA[<!--[XF:moderator_menu:bottom]-->]]></find>
    <replace><![CDATA[<xf:if is="$user.canDiscourage()">
		<xf:if is="$user.Option.is_discouraged">
			<a href="{{ link('members/remove-discourage', $user) }}" class="menu-linkRow" data-xf-click="overlay">
				{{ phrase('andrew_moderatorpanel_remove_discourage') }}
			</a>
			<xf:else />
			<a href="{{ link('members/discourage', $user) }}" class="menu-linkRow" data-xf-click="overlay">
				{{ phrase('discourage') }}
			</a>
		</xf:if>
	</a>
</xf:if>
<xf:if is="$user.canModerate()">
		<xf:if is="$user.isMemberOf($xf.options.andrewModeratorPanelModeratedUsergroup)">
			<a href="{{ link('members/remove-moderate', $user) }}" class="menu-linkRow" data-xf-click="overlay">	
				{{ phrase('andrew_moderatorpanel_remove_moderation') }}
			</a>
			<xf:else />
			<a href="{{ link('members/moderate', $user) }}" class="menu-linkRow" data-xf-click="overlay">
				{{ phrase('andrew_moderatorpanel_moderate') }}
			</a>
		</xf:if>
	</a>
</xf:if>
$0]]></replace>
  </modification>
  <modification type="public" template="member_macros" modification_key="andrew_moderatorpanel_moderator_tools" description="Adds a link to moderator tools to view user file" execution_order="10" enabled="1" action="str_replace">
    <find><![CDATA[<!--[XF:moderator_menu:top]-->]]></find>
    <replace><![CDATA[$0
<xf:if is="$xf.visitor.canViewModeratorPanel()">
	<a href="{{ link('moderatorpanel/user', $user, {'no_redirect': 1}) }}" class="menu-linkRow">{{ phrase('andrew_moderatorpanel_user_file') }}</a>
</xf:if>]]></replace>
  </modification>
  <modification type="public" template="member_warn" modification_key="andrew_moderatorpanel_side_bar_warn_user" description="Adds the Moderator Panel sidebar to the warn user screen" execution_order="10" enabled="1" action="str_replace">
    <find><![CDATA[<xf:if is="$breadcrumbs">]]></find>
    <replace><![CDATA[<xf:macro template="andrew_moderatorpanel_macros" name="andrew_moderatorpanel_sidenav" arg-pageSelected="usersearch" arg-log="!" />
$0]]></replace>
  </modification>
  <modification type="public" template="report_content_conversation_message" modification_key="andrew_moderator_panel_conversation_reports" description="Add moderator panel sidebar to reported conversation messages" execution_order="10" enabled="1" action="str_replace">
    <find><![CDATA[<div class="block-row block-row--separated">]]></find>
    <replace><![CDATA[<xf:macro template="andrew_moderatorpanel_macros" name="andrew_moderatorpanel_sidenav" arg-pageSelected="reports" arg-log="!" />
$0]]></replace>
  </modification>
  <modification type="public" template="report_content_post" modification_key="andrew_moderator_panel_report_posts" description="Add moderator panel sidebar to reported posts" execution_order="10" enabled="1" action="str_replace">
    <find><![CDATA[<div class="block-row block-row--separated">]]></find>
    <replace><![CDATA[<xf:macro template="andrew_moderatorpanel_macros" name="andrew_moderatorpanel_sidenav" arg-pageSelected="reports" arg-log="!" />
$0]]></replace>
  </modification>
  <modification type="public" template="report_content_profile_post" modification_key="andrew_moderator_panel_profile_post_reports" description="Add moderator panel sidebar to reported profile posts messages" execution_order="10" enabled="1" action="str_replace">
    <find><![CDATA[<div class="block-row block-row--separated">]]></find>
    <replace><![CDATA[<xf:macro template="andrew_moderatorpanel_macros" name="andrew_moderatorpanel_sidenav" arg-pageSelected="reports" arg-log="!" />
$0]]></replace>
  </modification>
  <modification type="public" template="report_content_profile_post_comment" modification_key="andrew_moderator_panel_profilepost_comment_reports" description="Add moderator panel sidebar to reported profile post comments" execution_order="10" enabled="1" action="str_replace">
    <find><![CDATA[<div class="block-row block-row--separated">]]></find>
    <replace><![CDATA[<xf:macro template="andrew_moderatorpanel_macros" name="andrew_moderatorpanel_sidenav" arg-pageSelected="reports" arg-log="!" />
$0]]></replace>
  </modification>
  <modification type="public" template="report_content_user" modification_key="andrew_moderator_panel_user_reports" description="Add moderator panel sidebar to reported users" execution_order="10" enabled="1" action="str_replace">
    <find><![CDATA[<div class="block-row block-row--separated block-row--minor">]]></find>
    <replace><![CDATA[<xf:macro template="andrew_moderatorpanel_macros" name="andrew_moderatorpanel_sidenav" arg-pageSelected="reports" arg-log="!" />
$0]]></replace>
  </modification>
  <modification type="public" template="report_list" modification_key="andrew_moderator_panel_report_list" description="Add to moderator panel sidebar to the reports list" execution_order="10" enabled="1" action="str_replace">
    <find><![CDATA[<xf:title>{{ phrase('reported_items') }}</xf:title>]]></find>
    <replace><![CDATA[$0
<xf:macro template="andrew_moderatorpanel_macros" name="andrew_moderatorpanel_sidenav" arg-pageSelected="reports" arg-log="!" />]]></replace>
  </modification>
  <modification type="public" template="report_list_closed" modification_key="andrew_moderator_panel_closed_reports" description="Add the moderator panel into the closed report list" execution_order="10" enabled="1" action="str_replace">
    <find><![CDATA[</xf:title>]]></find>
    <replace><![CDATA[$0
<xf:macro template="andrew_moderatorpanel_macros" name="andrew_moderatorpanel_sidenav" arg-pageSelected="reports" arg-log="!" />]]></replace>
  </modification>
  <modification type="public" template="report_search" modification_key="andrewModeratorPanelReportSearchMenu" description="Adds the moderator panel menu to the report search" execution_order="10" enabled="1" action="str_replace">
    <find><![CDATA[</xf:breadcrumb>]]></find>
    <replace><![CDATA[$0
<xf:macro template="andrew_moderatorpanel_macros" name="andrew_moderatorpanel_sidenav" arg-pageSelected="reports" arg-log="!" />
]]></replace>
  </modification>
</template_modifications>
