<?xml version="1.0" encoding="utf-8"?>
<templates>
  <template type="public" title="andrew_moderatorpanel.less" version_id="1030270" version_string="1.3.2"><![CDATA[.graphList
{
	.m-listPlain();
	display: flex;
	flex-wrap: wrap;
	justify-content: center;

	> li
	{
		width: 50%;
	}

	@media (max-width: @xf-responsiveMedium)
	{
		display: block;

		> li
		{
			width: 100%;
		}
	}
}
.p-body-sidebarCol 
{
	display:none;	
}
.p-body-sidebar
{
	display:none;
}

.iconicLinks
{
	margin-bottom: @xf-elementSpacer;
}

.iconicLinks-list
{
	.m-listPlain();
	margin-bottom: -@xf-paddingMedium;
	margin-right: -@xf-paddingMedium;
	font-size: 0;

	display: flex;
	flex-flow: row wrap;

	> li
	{
		flex: auto;

		width: 160px;
		max-width: 320px;

		position: relative;
		overflow: hidden;

		margin-right: @xf-paddingMedium;
		margin-bottom: @xf-paddingMedium;
		vertical-align: top;
		text-align: center;
		font-size: @xf-fontSizeNormal;
		.xf-contentBase();
		.xf-blockBorder();
		border-radius: @xf-blockBorderRadius;

		&.iconicLinks-placeholder
		{
			margin-top: 0;
			margin-bottom: 0;
			height: 0;
			border: none;
		}

		> a
		{
			display: block;
			padding: @xf-paddingLarge;
			background: fade(@xf-contentHighlightBg, 0%);
			.m-transition();

			&:hover
			{
				background: @xf-contentHighlightBg;
				text-decoration: none;

				.iconicLinkList-icon
				{
					opacity: 1;
				}
			}
		}
	}
}

.iconicLinks-icon
{
	font-size: 3em;
	opacity: .6;
	.m-transition(opacity);
}

.iconicLinks-title
{
	.m-overflowEllipsis();
}]]></template>
  <template type="public" title="andrew_moderatorpanel_bannedusers_view" version_id="1030170" version_string="1.3.1"><![CDATA[<xf:title>{{ phrase('andrew_moderator_panel') }}</xf:title>
<xf:macro template="andrew_moderatorpanel_macros" name="andrew_moderatorpanel_sidenav" arg-pageSelected="bannedusers" arg-log="!" />
<xf:if is="$users is not empty">
<div class="block">
	<div class="block-container">
		<h3 class="block-header">{{ phrase('andrew_moderatorpanel_banned_users') }}</h3>
		<div class="block-body">
			<div class="dataList " data-xf-init="responsive-data-list">
				<table class="dataList-table">
					<tbody>
						<tr class="dataList-row dataList-row--header dataList-row--noHover" rowtype="header">
							<th class="dataList-cell">{{ phrase('user_name') }}</th>
							<th class="dataList-cell">{{ phrase('ban_started') }}</th>
							<th class="dataList-cell">{{ phrase('ban_ends') }}</th>
							<th class="dataList-cell">{{ phrase('banned_by') }}</th>
							<th class="dataList-cell">{{ phrase('reason') }}</th>
							<th class="dataList-cell"></th>
						</tr>
						<xf:foreach loop="$users" value="$user">
							<xf:macro template="andrew_moderatorpanel_macros" name="andrew_moderatorpanel_banlist" arg-user="{$user}" />
						</xf:foreach>
					</tbody>
				</table>
			</div>
		</div>
		<div class="block-footer">
			<ul class="listInline listInline--bullet">
				<li>{{ phrase('total') }} {$total} </li>
			</ul>
		</div>
	</div>
</div>
<xf:else />
	<div class="blockMessage">{{ phrase('no_entries_have_been_logged') }}</div>
</xf:if>
<xf:pagenav page="{$page}" perpage="{$perPage}" total="{$total}" link="moderatorpanel/banned-users/" wrapperclass="block" />]]></template>
  <template type="public" title="andrew_moderatorpanel_dashboard_macros" version_id="1030270" version_string="1.3.2"><![CDATA[<xf:macro name="andrew_moderatorpanel_stats_blocks" arg-counts="!" arg-reportCount="!">
<div class="iconicLinks">
	<ul class="iconicLinks-list">
		<li>
			<a href="{{ link('reports') }}">
				<div class="iconicLinks-icon">{$xf.session.reportCounts.total|number}</div>
				<div class="iconicLinks-title">{{ phrase('active_reports') }}</div>
			</a>
		</li>
		<li>
			<a href="{{ link('reports/closed') }}">
				<div class="iconicLinks-icon">{$reportCount|number}</div>
				<div class="iconicLinks-title">{{ phrase('closed_reports') }}</div>
			</a>
		</li>
		<li>
			<a href="{{ link('approval-queue') }}">
				<div class="iconicLinks-icon">{$xf.session.unapprovedCounts.total|number}</div>
				<div class="iconicLinks-title">{{ phrase('approval_queue') }}</div>
			</a>
		</li>
		<li>
			<a href="{{ link('online/?type=member') }}">
				<div class="iconicLinks-icon">{$counts.members|number}</div>
				<div class="iconicLinks-title">{{ phrase('members_online') }}</div>
			</a>
		</li>
		<li>
			<a href="{{ link('online') }}">
				<div class="iconicLinks-icon">{$counts.total|number}</div>
				<div class="iconicLinks-title">{{ phrase('total_visitors') }}</div>
			</a>
		</li>
		<li class="iconicLinks-placeholder"></li>
		<li class="iconicLinks-placeholder"></li>
		<li class="iconicLinks-placeholder"></li>
		<li class="iconicLinks-placeholder"></li>
		<li class="iconicLinks-placeholder"></li>
	</ul>
</div>
</xf:macro>

<xf:macro name="andrew_moderatorpanel_stats_graphs" arg-stats="!">
<xf:css src="chartist.css" />
<xf:css src="stats.less" />
<xf:js prod="xf/stats-compiled.js" dev="vendor/chartist/chartist.min.js, xf/stats.js" />
<div class="block">
	<div class="block-container">
		<h2 class="block-header">
				<span class="collapseTrigger collapseTrigger--block {{ !is_toggled('statistics') ? 'is-active' : '' }}" data-xf-click="toggle" data-xf-init="toggle-storage" data-storage-key="collapse_statistics" data-storage-type="cookie" data-target="#js-collapse-statistics">
					{{ phrase('statistics') }}
				</span>
		</h2>
		<div class="block-body block-row block-body--collapsible {{ !is_toggled('collapse_statistics') ? 'is-active' : '' }}" id="js-collapse-statistics">
			<ul class="graphList">
				<xf:foreach loop="$stats" value="$statsData">
					<li data-xf-init="stats" data-max-ticks="4">
						<script class="js-statsData" type="application/json">
								{$statsData.data|json|raw}
						</script>
						<script class="js-statsSeriesLabels" type="application/json">
								{$statsData.phrases|json|raw}
						</script>
						<div class="ct-chart ct-chart--small ct-major-tenth js-statsChart"></div>
						<ul class="ct-legend js-statsLegend"></ul>
					</li>
				</xf:foreach>
			</ul>
		</div>
	</div>
</div>
</xf:macro>

<xf:macro name="andrew_moderatorpanel_bannedusers" arg-bannedusers="!">
<xf:if is="$bannedusers is not empty and $xf.visitor.canViewBannedUsersListMP()">
	<div class="block">
		<div class="block-container">
			<h3 class="block-header">
				<span class="collapseTrigger collapseTrigger--block {{ !is_toggled('recently_banned') ? 'is-active' : '' }}" data-xf-click="toggle" data-xf-init="toggle-storage" data-storage-key="collapse_recently_banned" data-storage-type="cookie" data-target="#js-collapse-recently_banned">
					{{ phrase('andrew_moderatorpanel_recently_banned_users') }}
				</span>
			</h3>
			<div class="block-body block-body--collapsible {{ !is_toggled('collapse_recently_banned') ? 'is-active' : '' }}" id="js-collapse-recently_banned">
				<div class="dataList " data-xf-init="responsive-data-list">
					<table class="dataList-table">
						<tbody>
							<tr class="dataList-row dataList-row--header dataList-row--noHover" rowtype="header">
								<th class="dataList-cell">{{ phrase('user_name') }}</th>
								<th class="dataList-cell">{{ phrase('ban_started') }}</th>
								<th class="dataList-cell">{{ phrase('ban_ends') }}</th>
								<th class="dataList-cell">{{ phrase('banned_by') }}</th>
								<th class="dataList-cell">{{ phrase('reason') }}</th>
								<th class="dataList-cell"></th>
							</tr>
							<xf:foreach loop="$bannedusers" value="$banneduser">
								<tr class="dataList-row">
									<td class="dataList-cell">
										<div class="contentRow contentRow--alignMiddle">
											<div class="contentRow-figure">
												<xf:avatar user="$banneduser" size="xs" />
											</div>
											<div class="contentRow-main">
												<a href="{{ link('moderatorpanel/user',$banneduser) }}">{$banneduser.username}</a>
											</div>
										</div>
									</td>
									<td class="dataList-cell">
										<xf:date time="{$banneduser.Ban.ban_date}" />
									</td>
									<td class="dataList-cell">
										<xf:if is="$banneduser.Ban.end_date == 0">
											{{ phrase('never') }}
										<xf:else/>
											<xf:date time="{$banneduser.Ban.end_date}" />
										</xf:if>

									</td>
									<td class="dataList-cell">
										<xf:username user="$banneduser.Ban.BanUser" rich="true" defaultname="{$fallbackName}" itemprop="name" />
									</td>
									<td class="dataList-cell">
										{$banneduser.Ban.user_reason}
									</td>
									<xf:if is="$banneduser.canBan()">
										<td class="dataList-cell dataList-cell--action">
											<a href="{{ link('members/ban', $banneduser) }}" data-xf-init="tooltip" data-xf-click="overlay" data-original-title="Edit ban">
												{{ phrase('edit_ban') }}
											</a>
										</td>
									<xf:else/>
									<td class="dataList-cell">
										
									</td>										
									</xf:if>
								</tr>
							</xf:foreach>
						</tbody>
					</table>
				</div>
			</div>
		</div>
	</div>
</xf:if>
</xf:macro>

<xf:macro name="andrew_moderatorpanel_recentwarns" arg-warnings="!">
<xf:if is="$warnings is not empty and $xf.visitor.canViewWarnedUsers()">
	<div class="block">
		<div class="block-container">
			<h3 class="block-header">
				<span class="collapseTrigger collapseTrigger--block {{ !is_toggled('recently_warned') ? 'is-active' : '' }}" data-xf-click="toggle" data-xf-init="toggle-storage" data-storage-key="collapse_recently_warned" data-storage-type="cookie" data-target="#js-collapse-recently_warned">
					{{ phrase('andrew_moderatorpanel_recently_warned_users') }}
				</span>
			</h3>
			<div class="block-body block-body--collapsible {{ !is_toggled('collapse_recently_warned') ? 'is-active' : '' }}" id="js-collapse-recently_warned">
				<div class="dataList " data-xf-init="responsive-data-list">
					<table class="dataList-table">
						<tbody>
							<tr class="dataList-row dataList-row--header dataList-row--noHover" rowtype="header">
								<th class="dataList-cell">{{ phrase('user_name') }}</th>
								<th class="dataList-cell">{{ phrase('warning') }}</th>
								<th class="dataList-cell">{{ phrase('date') }}</th>
								<th class="dataList-cell">{{ phrase('points') }}</th>
								<th class="dataList-cell">{{ phrase('expiry') }}</th>
								<th class="dataList-cell">{{ phrase('given_by') }}</th>
							</tr>
							<xf:foreach loop="$warnings" value="$warning">
							<tr class="dataList-row">
								<td class="dataList-cell">
									<div class="contentRow contentRow--alignMiddle">
										<div class="contentRow-figure">
											<xf:avatar user="$warning.User" size="xs" />
										</div>
										<div class="contentRow-main">
											<a href="{{ link('moderatorpanel/user',$warning.User) }}">{$warning.User.username}</a>
										</div>
									</div>
								</td>
								<td class="dataList-cell dataList-cell--link">
									<a href="{{ link('warnings', $warning) }}" data-xf-click="overlay">{$warning.title}</a>
								</td>
								<td class="dataList-cell">
									<xf:date time="$warning.warning_date" />
								</td>
								<td class="dataList-cell">
									{$warning.points}
								</td>
								<td class="dataList-cell">
									<xf:date time="$warning.expiry_date" />
								</td>
								<td class="dataList-cell">
									<xf:username user="$warning.WarnedBy" rich="true" defaultname="{$fallbackName}" itemprop="name" />
								</td>
							</tr>
							</xf:foreach>
						</tbody>
					</table>
				</div>
			</div>
		</div>
	</div>
</xf:if>
</xf:macro>

<xf:macro name="andrew_moderatorpanel_recentnotes" arg-user_notes="!">
<xf:if is="$user_notes is not empty and $xf.visitor.canViewUserNotes()">
	<xf:css src="message.less" />
	<xf:js src="xf/comment.js" min="1" />
	<div class="block">
		<div class="block-container">
			<h3 class="block-header">
				<span class="collapseTrigger collapseTrigger--block {{ !is_toggled('recent_notes') ? 'is-active' : '' }}" data-xf-click="toggle" data-xf-init="toggle-storage" data-storage-key="collapse_recent_notes" data-storage-type="cookie" data-target="#js-collapse-recent_notes">
				{{ phrase('andrew_moderatorpanel_recent_user_notes') }}
				</span>				
			</h3>
			<div class="block-body block-body--collapsible {{ !is_toggled('collapse_recent_notes') ? 'is-active' : '' }}" id="js-collapse-recent_notes">
				<xf:foreach loop="$user_notes" value="$user_note">
					<xf:macro template="andrew_moderatorpanel_macros" name="andrew_moderatorpanel_usernote" arg-user_note="{$user_note}" />
				</xf:foreach>	
			</div>
		</div>
	</div>
</xf:if>
</xf:macro>]]></template>
  <template type="public" title="andrew_moderatorpanel_discourage_user_overlay" version_id="1030170" version_string="1.3.1"><![CDATA[<xf:title>{{ phrase('andrew_moderatorpanel_discourage_user') }}</xf:title>
<form action="{{ link('members/discourage/save', $user) }}" method="post" class="block" data-xf-init="ajax-submit">
    <div class="block-container">
		<div class="block-body">
			<div class="formInfoRow formInfoRow--confirm">
					{{ phrase('andrew_moderatorpanel_please_confirm_discourage') }}
				<strong>
					{$user.username}
				</strong>
			</div>
		</div>
        <dl class="formRow formSubmitRow formSubmitRow--simple" data-xf-init="form-submit-row" style="height: 42px;">
            <dt></dt>
            <dd>
                <div class="formSubmitRow-main">
                    <div class="formSubmitRow-bar"></div>
                    <div class="formSubmitRow-controls"><button class="button--primary button button--icon button--icon--save"><span class="button-text">{{ phrase('button.save') }}</span></button></div>
                </div>
            </dd>
        </dl>
    </div>
	<xf:hiddenval name="option[is_discouraged]">1</xf:hiddenval>
</form>]]></template>
  <template type="public" title="andrew_moderatorpanel_discouragedusers_view" version_id="1030170" version_string="1.3.1"><![CDATA[<xf:title>{{ phrase('andrew_moderator_panel') }}</xf:title>
<xf:macro template="andrew_moderatorpanel_macros" name="andrew_moderatorpanel_sidenav" arg-pageSelected="discouragedusers" arg-log="!" />
<xf:if is="$users is not empty">
<div class="block">
	<div class="block-container">
		<h3 class="block-header">{{ phrase('andrew_moderatorpanel_discouraged_users') }}</h3>
		<div class="block-body">
			<div class="dataList" data-xf-init="responsive-data-list">
				<table class="dataList-table">
					<tbody>
						<tr class="dataList-row dataList-row--header dataList-row--noHover" rowtype="header">
							<th class="dataList-cell">{{ phrase('user_name') }}</th>
							<th class="dataList-cell">{{ phrase('register_date') }}</th>
							<th class="dataList-cell">{{ phrase('messages') }}</th>
							<th class="dataList-cell">{{ phrase('reaction_score') }}</th>
							<th class="dataList-cell">{{ phrase('warning_points') }}</th>
						</tr>
						<xf:foreach loop="$users" value="$user">
							<xf:macro template="andrew_moderatorpanel_macros" name="andrew_moderatorpanel_discouragelist" arg-user="{$user}" />
						</xf:foreach>
					</tbody>
				</table>
			</div>
		</div>
	</div>
</div>
<xf:else />
	<div class="blockMessage">{{ phrase('no_entries_have_been_logged') }}</div>
</xf:if>
<xf:pagenav page="{$page}" perpage="{$perPage}" total="{$total}" link="moderatorpanel/discouraged-users/" wrapperclass="block" />]]></template>
  <template type="public" title="andrew_moderatorpanel_helper_user_search_criteria" version_id="1" version_string="1.0.0 Alpha"><![CDATA[<xf:if is="!$noSpecificUser">
	<xf:textboxrow name="criteria[username]" value="{$criteria.username}" readonly="{$readOnly}"
		label="{{ phrase('user_name') }}" />
</xf:if>]]></template>
  <template type="public" title="andrew_moderatorpanel_ip_users_list" version_id="1" version_string="1.0.0 Alpha"><![CDATA[<xf:title>{{ phrase('users_logged_at_ip_x', {'ip': $ipPrintable}) }}</xf:title>
<xf:macro template="andrew_moderatorpanel_macros" name="andrew_moderatorpanel_sidenav" arg-pageSelected="ipsearch" arg-log="!" />
<div class="block">
	<div class="block-container">
		<div class="block-body">
			<xf:datalist>
				<xf:foreach loop="$ips" value="$ip" key="$key">
					<xf:set var="$user" value="{$ip.user}" />
					<xf:datarow rowclass="dataList-row--noHover">
						<xf:cell class="dataList-cell--min dataList-cell--alt">
							<xf:avatar user="$user" size="s" href="{{ link('moderatorpanel/user', $user) }}" />
						</xf:cell>
						<xf:main href="{{ link('moderatorpanel/user', $user) }}" label="{$user.username}">
							<xf:hint><xf:usertitle user="$user" /></xf:hint>
							<xf:explain>
								<ul class="listInline listInline--bullet">
									<xf:if is="$ip.ip_total > 1">
										<li>{{ phrase('ip_x_and_y_more', {'ip': $ip.ips.0|ip, 'count': $ip.ip_total - 1}) }}</li>
									<xf:else />
										<li>{$ip.ips.0|ip}</li>
									</xf:if>
									<xf:if is="$ip.total > 1">
										<li>{{ phrase('x_times', {'total': $ip.total|number}) }}</li>
										<li><xf:date time="{$ip.first_date}" /> - <xf:date time="{$ip.last_date}" /></li>
									<xf:else />
										<li>{{ phrase('1_time') }}</li>
										<li><xf:date time="{$ip.first_date}" /></li>
									</xf:if>
								</ul>
							</xf:explain>
						</xf:main>
					</xf:datarow>
				</xf:foreach>
			</xf:datalist>
		</div>
	</div>
</div>]]></template>
  <template type="public" title="andrew_moderatorpanel_log_moderator_list" version_id="1030170" version_string="1.3.1"><![CDATA[<xf:title>{{ phrase('andrew_moderatorpanel_moderator_panel') }}</xf:title>
<xf:macro template="andrew_moderatorpanel_macros" name="andrew_moderatorpanel_sidenav" arg-pageSelected="moderatorlog" arg-log="!" />
<xf:form action="{{ link('moderatorpanel/moderator-log') }}" class="block">
	<div class="block-container">
		<div class="block-body block-row">
			<span>
				{{ phrase('filter_by_user:') }}
				<xf:select name="user_id" value="{$userId}" class="input--inline">
					<xf:option value="0">{{ phrase('any') }}</xf:option>
					<xf:options source="$logUsers" />
				</xf:select>
			</span>

			<xf:button type="submit">{{ phrase('filter') }}</xf:button>
		</div>
	</div>
</xf:form>

<xf:if is="$entries is not empty">
	<div class="block">
		<div class="block-container">
			<h3 class="block-header">{{ phrase('andrew_moderatorpanel_moderator_log') }}</h3>
			<div class="block-body">
				<xf:datalist data-xf-init="responsive-data-list">
					<xf:datarow rowtype="header">
						<xf:cell>{{ phrase('action') }}</xf:cell>
						<xf:cell>{{ phrase('user') }}</xf:cell>
						<xf:if is="$xf.visitor.canViewIPAddresses()">
							<xf:cell>{{ phrase('ip_address') }}</xf:cell>
						</xf:if>
						<xf:cell>{{ phrase('date') }}</xf:cell>
					</xf:datarow>
					<xf:foreach loop="$entries" value="$entry">
						<xf:datarow>
							<xf:cell>
								<div>
									<a href="{{ base_url($entry.content_url) }}">{$entry.action_text}</a>
									<div class="dataList-subRow">{$entry.content_title}</div>
								</div>
							</xf:cell>
							<xf:cell><xf:username user="$entry.User" href="{{ link('moderatorpanel/user', $entry.User) }}" /></xf:cell>
							<xf:if is="$xf.visitor.canViewIPAddresses()">
								<xf:cell class="u-ltr">{{ $entry.ip_address ? $entry.ip_address|ip : '' }}</xf:cell>
							</xf:if>
							<xf:cell><xf:date time="{$entry.log_date}" /></xf:cell>
						</xf:datarow>
					</xf:foreach>
				</xf:datalist>
			</div>
			<div class="block-footer">
				<span class="block-footer-counter">{{ display_totals($entries, $total) }}</span>
			</div>
		</div>
		<xf:pagenav page="{$page}" perpage="{$perPage}" total="{$total}"
			link="moderatorpanel/moderator-log/" params="{$linkFilters}"
			wrapperclass="block-outer block-outer--after" />
	</div>
<xf:else />
	<div class="blockMessage">{{ phrase('no_entries_have_been_logged') }}</div>
</xf:if>]]></template>
  <template type="public" title="andrew_moderatorpanel_macros" version_id="1030270" version_string="1.3.2"><![CDATA[<xf:macro name="andrew_moderatorpanel_sidenav" arg-pageSelected="!" arg-log="!">
	<xf:css src="andrew_moderatorpanel.less" />
	<xf:sidenav>
		<div class="block">
			<div class="block-container">
				<h3 class="block-header">{{ phrase('menu') }}</h3>
				<div class="block-body">
					<a class="blockLink {{ $pageSelected == 'moderatorpanel' ? 'is-selected' : '' }}" href="{{ link('moderatorpanel/') }}">{{ phrase('andrew_moderatorpanel_dashboard') }}</a>
				</div>
				<xf:if is="$xf.visitor.canSearchUsers()">
					<div class="block-body">
						<a class="blockLink {{ $pageSelected == 'usersearch' ? 'is-selected' : '' }}" href="{{ link('moderatorpanel/user/search') }}">{{ phrase('search_for_users') }}</a>
					</div>
				</xf:if>
				<xf:if is="$xf.visitor.is_moderator && !$xf.options.reportIntoForumId">
					<div class="block-body">
						<a class="blockLink {{ $pageSelected == 'reports' ? 'is-selected' : '' }}" href="{{ link('reports') }}">{{ phrase('reports') }}</a>
					</div>
				</xf:if>
				<xf:if is="$xf.visitor.is_moderator">
					<div class="block-body">
						<a class="blockLink {{ $pageSelected == 'approvalqueue' ? 'is-selected' : '' }}" href="{{ link('approval-queue') }}">{{ phrase('approval_queue') }}</a>
					</div>
				</xf:if>
				<xf:if is="$xf.visitor.canViewBannedUsersListMP() 
						   or $xf.visitor.canViewThreadBan() 
						   or $xf.visitor.canViewRecentlyRegistered() 
						   or $xf.visitor.canViewWarnedUsers()
						   or $xf.visitor.canViewReportedUsers()
						   or $xf.visitor.canViewIgnoredUsers()">
					<h3 class="block-minorHeader">{{ phrase('andrew_moderatorpanel_user_data') }}</h3>
				</xf:if>
				<xf:if is="$xf.visitor.canViewBannedUsersListMP()">
					<div class="block-body">
						<a class="blockLink {{ $pageSelected == 'bannedusers' ? 'is-selected' : '' }}" href="{{ link('moderatorpanel/banned-users/') }}">{{ phrase('andrew_moderatorpanel_banned_users') }}</a>
					</div>
				</xf:if>
				<xf:if is="$xf.visitor.canViewDiscouragedUsersListMP()">
					<div class="block-body">
						<a class="blockLink {{ $pageSelected == 'discouragedusers' ? 'is-selected' : '' }}" href="{{ link('moderatorpanel/discouraged-users/') }}">{{ phrase('andrew_moderatorpanel_discouraged_users') }}</a>
					</div>
				</xf:if>
				<xf:if is="$xf.visitor.canViewThreadBan()">
					<div class="block-body">
						<a class="blockLink {{ $pageSelected == 'threadbanlist' ? 'is-selected' : '' }}" href="{{ link('moderatorpanel/thread-ban-list/') }}">{{ phrase('andrew_moderatorpanel_thread_reply_bans') }}</a>
					</div>
				</xf:if>
				<xf:if is="$xf.options.andrewModeratorPanelModeratedUsergroup > 0 && $xf.visitor.canViewModeratedUsers()">
					<div class="block-body">
						<a class="blockLink {{ $pageSelected == 'moderatedusers' ? 'is-selected' : '' }}" href="{{ link('moderatorpanel/moderated-users/') }}">{{ phrase('andrew_moderatorpanel_moderated_users') }}</a>
					</div>
				</xf:if>
				<xf:if is="$xf.visitor.canViewUserNotes()">
					<div class="block-body">
						<a class="blockLink {{ $pageSelected == 'usernotes' ? 'is-selected' : '' }}" href="{{ link('moderatorpanel/user-notes/') }}">{{ phrase('andrew_moderatorpanel_user_notes') }}</a>
					</div>
				</xf:if>
				<xf:if is="$xf.visitor.canViewRecentlyRegistered()">
					<div class="block-body">
						<a class="blockLink {{ $pageSelected == 'recentregistered' ? 'is-selected' : '' }}" href="{{ link('moderatorpanel/recent-registered/') }}">{{ phrase('andrew_moderatorpanel_recently_regisered_users') }}</a>
					</div>	
				</xf:if>
				<xf:if is="$xf.visitor.canViewWarnedUsers()">
					<div class="block-body">
						<a class="blockLink {{ $pageSelected == 'mostwarned' ? 'is-selected' : '' }}" href="{{ link('moderatorpanel/most-warned-users/') }}">{{ phrase('andrew_moderatorpanel_most_warned_users') }}</a>
					</div>
				</xf:if>
				<xf:if is="$xf.visitor.canViewReportedUsers()">
					<div class="block-body">
						<a class="blockLink {{ $pageSelected == 'mostreported' ? 'is-selected' : '' }}" href="{{ link('moderatorpanel/most-reported-users/') }}">{{ phrase('andrew_moderatorpanel_most_reported_users') }}</a>
					</div>
				</xf:if>
				<xf:if is="$xf.visitor.canViewIgnoredUsers()">
					<div class="block-body">
						<a class="blockLink {{ $pageSelected == 'mostignored' ? 'is-selected' : '' }}" href="{{ link('moderatorpanel/most-ignored-users/') }}">{{ phrase('andrew_moderatorpanel_most_ignored_users') }}</a>
					</div>
				</xf:if>
				<xf:if is="$xf.visitor.canViewModeratorLog() or $xf.visitor.canViewChangeLog()">
					<h3 class="block-minorHeader">{{ phrase('andrew_moderatorpanel_logs') }}</h3>
				</xf:if>
				<xf:if is="$xf.visitor.canViewModeratorLog()">
					<div class="block-body">
						<a class="blockLink {{ $pageSelected == 'moderatorlog' ? 'is-selected' : '' }}" href="{{ link('moderatorpanel/moderator-log/') }}">{{ phrase('moderator_log') }}</a>
					</div>
				</xf:if>
				<xf:if is="$xf.visitor.canViewChangeLog()">
					<div class="block-body">
						<a class="blockLink {{ $pageSelected == 'userchangelog' ? 'is-selected' : '' }}" href="{{ link('moderatorpanel/user-change-log/') }}">{{ phrase('andrew_moderatorpanel_user_change_log') }}</a>
					</div>
				</xf:if>
				<xf:if is="$xf.visitor.canViewUsernameChangeLog()">
					<div class="block-body">
						<a class="blockLink {{ $pageSelected == 'usernamechangelog' ? 'is-selected' : '' }}" href="{{ link('moderatorpanel/username-change-log/') }}">{{ phrase('andrew_moderatorpanel_username_change_log') }}</a>
					</div>
				</xf:if>
				<xf:if is="$xf.visitor.canViewRejectedUserLog()">
					<div class="block-body">
						<a class="blockLink {{ $pageSelected == 'rejecteduserlog' ? 'is-selected' : '' }}" href="{{ link('moderatorpanel/rejected-user-log/') }}">{{ phrase('andrew_moderatorpanel_rejected_user_log') }}</a>
					</div>
				</xf:if>
				<xf:if is="$xf.visitor.canViewSpamCleanerLog()">
					<div class="block-body">
						<a class="blockLink {{ $pageSelected == 'spamcleanerlog' ? 'is-selected' : '' }}" href="{{ link('moderatorpanel/spam-cleaner-log/') }}">{{ phrase('andrew_moderatorpanel_spam_cleaner_log') }}</a>
					</div>
				</xf:if>
			</div>
		</div>
	</xf:sidenav>
	<xf:page option="sideNavTitle">{{ phrase('menu') }}</xf:page>
</xf:macro>
<xf:macro name="andrew_moderatorpanel_modlink">
	<xf:if is="{$xf.options.andrewModeratorPanelModMenu}">
		<xf:if is="$xf.visitor.canViewModeratorPanel()">
			<a href="{{ link('moderatorpanel/') }}"
			   class="menu-linkRow"
			   title="{{ phrase('andrew_moderatorpanel_moderator_panel') }}">
				{{ phrase('andrew_moderatorpanel_moderator_panel') }}
			</a>
		</xf:if>
	</xf:if>
</xf:macro>
<xf:macro name="andrew_moderatorpanel_banreason" arg-userBan="{$userBan}">
	<xf:if is="{$xf.options.andrewModeralPanelRequireBanReason}">
		<xf:textboxrow name="user_reason" value="{$userBan.user_reason}"
						maxlength="{{ max_length($userBan, 'user_reason') }}"
						label="{{ phrase('reason_for_banning') }}"
						explain="{{ phrase('this_will_be_shown_to_user_if_provided') }}"
						required="true" />
	<xf:else/>
		<xf:textboxrow name="user_reason" value="{$userBan.user_reason}"
						maxlength="{{ max_length($userBan, 'user_reason') }}"
						label="{{ phrase('reason_for_banning') }}"
						explain="{{ phrase('this_will_be_shown_to_user_if_provided') }}" />	
	</xf:if>
</xf:macro>
<xf:macro name="andrew_moderatorpanel_banlist" arg-user="!">
	<tr class="dataList-row">
		<td class="dataList-cell">
			<div class="contentRow contentRow--alignMiddle">
				<div class="contentRow-figure">
					<xf:avatar user="$user" size="xs" />
				</div>
				<div class="contentRow-main">
					<a href="{{ link('moderatorpanel/user',$user) }}">{$user.username}</a>
				</div>
			</div>
		</td>
		<td class="dataList-cell">
			<xf:date time="{$user.Ban.ban_date}" />
		</td>
		<td class="dataList-cell">
			<xf:if is="$user.Ban.end_date == 0">
				{{ phrase('never') }}
				<xf:else/>
				<xf:date time="{$user.Ban.end_date}" />
			</xf:if>

		</td>
		<td class="dataList-cell">
			<xf:username user="$user.Ban.BanUser" rich="true" defaultname="{$fallbackName}" itemprop="name" />
		</td>
		<td class="dataList-cell">
			{$user.Ban.user_reason}
		</td>
		<xf:if is="$user.canBan()">
			<td class="dataList-cell dataList-cell--action">
				<a href="{{ link('members/ban', $user) }}" data-xf-init="tooltip" data-xf-click="overlay" data-original-title="Edit ban">
					{{ phrase('edit_ban') }}
				</a>
			</td>
			<xf:else/>
			<td class="dataList-cell">

			</td>									
		</xf:if>
	</tr>
</xf:macro>
<xf:macro name="andrew_moderatorpanel_discouragelist" arg-user="!">
	<tr class="dataList-row">
		<td class="dataList-cell">
			<div class="contentRow contentRow--alignMiddle">
				<div class="contentRow-figure">
					<xf:avatar user="$user" size="xs" />
				</div>
				<div class="contentRow-main">
					<a href="{{ link('moderatorpanel/user',$user) }}">{$user.username}</a>
				</div>
			</div>
		</td>
		<td class="dataList-cell">
			<xf:date time="{$user.register_date}" />
		</td>
		<td class="dataList-cell">
			{$user.message_count|number}
		</td>
		<td class="dataList-cell">
			{$user.reaction_score|number}
		</td>
		<td class="dataList-cell">
			{$user.warning_points|number}
		</td>
	</tr>
</xf:macro>
<xf:macro name="andrew_moderatorpanel_threadbanlist" arg-user="!">
	<tr class="dataList-row">
		<td class="dataList-cell">
			<div class="contentRow contentRow--alignMiddle">
				<div class="contentRow-figure">
					<xf:avatar user="$user.User" size="xs" />
				</div>
				<div class="contentRow-main">
					<a href="{{ link('moderatorpanel/user',$user.User) }}">{$user.User.username}</a>
				</div>
			</div>								</td>
		<td class="dataList-cell dataList-cell--link">
			<a href="{{ link('threads',$user.Thread) }}"/>{$user.Thread.title}</a>
	</td>
	<td class="dataList-cell">
		<xf:date time="{$user.ban_date}" />
	</td>
	<td class="dataList-cell">
		<xf:if is="$user.expiry_date == 0">
			{{ phrase('never') }}
			<xf:else/>
			<xf:date time="{$user.expiry_date}" />
		</xf:if>
	</td>
	<td class="dataList-cell">
		<xf:username user="$user.BannedBy" rich="true" defaultname="{$fallbackName}" itemprop="name" />
	</td>
	<xf:if is="$user.Thread.canReplyBan()">
		<td class="dataList-cell dataList-cell--action">
			<a href="{{ link('threads/reply-bans',$user.Thread) }}" data-xf-init="tooltip" data-xf-click="overlay" data-original-title="{{ phrase('manage') }}">
				{{ phrase('manage') }}
			</a>
		</td>
		<xf:else/>	
		<td class="dataList-cell"></td>
	</xf:if>
	</tr>
</xf:macro>
<xf:macro name="andrew_moderatorpanel_moderatelist" arg-user="!">
	<tr class="dataList-row">
		<td class="dataList-cell">
			<div class="contentRow contentRow--alignMiddle">
				<div class="contentRow-figure">
					<xf:avatar user="$user" size="xs" />
				</div>
				<div class="contentRow-main">
					<a href="{{ link('moderatorpanel/user',$user) }}">{$user.username}</a>
				</div>
			</div>
		</td>
		<td class="dataList-cell">
			<xf:date time="{$user.register_date}" />
		</td>
		<td class="dataList-cell">
			{$user.message_count|number}
		</td>
		<td class="dataList-cell">
			{$user.reaction_score|number}
		</td>
		<td class="dataList-cell">
			{$user.warning_points|number}
		</td>
	</tr>
</xf:macro>
<xf:macro name="andrew_moderatorpanel_usernote" arg-user_note="!">
	<article class="message message--simple js-inlineModContainer"
			 data-author="{{ $user_note.User.username ?: $user_note.username }}"
			 data-content="user-note-{$user_note.note_id}"
			 id="js-userNote-{$user_note.note_id}">
		<div class="message-inner">
			<div class="message-cell message-cell--user">
				<header itemscope itemtype="https://schema.org/Person" class="message-user">
					<meta itemprop="name" content="{{ $user_note.User.username ?: $fallbackName }}">
					<div class="message-avatar">
						<div class="message-avatar-wrapper">
							<xf:avatar user="$user_note.User" size="s" defaultname="{$fallbackName}" itemprop="image" />
						</div>
					</div>
					<span class="message-userArrow"></span>
				</header>
			</div>
			<div class="message-cell message-cell--main">
				<div class="message-main js-quickEditTarget">
					<div class="message-content js-messageContent">
						<header class="message-attribution message-attribution--plain">
							<ul class="listInline listInline--bullet">
								<li class="contentRow-title">
									<xf:if is="$showTargetUser AND $user_note.user_id != $user_note.note_user_id">
										<xf:username user="$user_note.User" rich="true" defaultname="{$user_note.User.username}" aria-hidden="true" />
										<xf:fa icon="{{ $xf.isRtl ? 'fa-caret-left' : 'fa-caret-right' }} u-muted" />
										<xf:username user="$user_note.User" rich="true" defaultname="{{ phrase('unknown') }}" aria-hidden="true" />

										<xf:else />
										<xf:username user="$user_note.User" rich="true" defaultname="{$user_note.username}" />
									</xf:if>
									{{ phrase('andrew_moderatorpanel_entered_note_on') }}
									<xf:username user="$user_note.NoteUser" rich="true" defaultname="{$user_note.NoteUser.username}" aria-hidden="true" />
									<xf:date time="$user_note.create_date" />
								</li>
							</ul>
						</header>
						<div class="lbContainer js-lbContainer"
							 data-lb-id="user-note-{$user_note.note_id}"
							 data-lb-caption-desc="{{ $user_note.NoteUser ? $user_note.NoteUser.username : $user_note.NoteUser.username }} &middot; {{ date_time($user_note.create_date) }}">
							<article class="message-body">
								{{ bb_code($user_note.message, 'user_note', $user_note) }}
							</article>

						</div>
					</div>
					<footer class="message-footer">
						<div class="message-actionBar actionBar">
							<xf:if contentcheck="true">
								<div class="actionBar-set actionBar-set--internal">
									<xf:contentcheck>
										<xf:set var="$hasActionBarMenu" value="{{ false }}" />
										<xf:if is="$xf.visitor.canDeleteUserNote()">
											<a href="{{ link('moderatorpanel/user-note/delete', $user_note) }}"/>{{ phrase('delete') }}</a>
										</xf:if>
									</xf:contentcheck>
								</div>
							</xf:if>
						</div>
					</footer>
				</div>
			</div>
		</div>
	</article>
</xf:macro>
<xf:macro name="andrew_moderatorpanel_recentregisteredlist" arg-user="!">
	<tr class="dataList-row">
		<td class="dataList-cell">
			<div class="contentRow contentRow--alignMiddle">
				<div class="contentRow-figure">
					<xf:avatar user="$user" size="xs" />
				</div>
				<div class="contentRow-main">
					<a href="{{ link('moderatorpanel/user',$user) }}">{$user.username}</a>
				</div>
			</div>
		</td>
		<td class="dataList-cell">
			<xf:date time="{$user.register_date}" />
		</td>
		<td class="dataList-cell">
			{$user.message_count|number}
		</td>
		<td class="dataList-cell">
			{$user.reaction_score|number}
		</td>
		<td class="dataList-cell">
			{$user.warning_points|number}
		</td>
		<td class="dataList-cell">
			<xf:if is="$user.is_banned == 1">
				{{ phrase('yes') }}
				<xf:else/>
				{{ phrase('no') }}
			</xf:if>
		</td>
	</tr>
</xf:macro>
<xf:macro name="andrew_moderatorpanel_mostwarnedlist" arg-user="!" arg-userId="!" arg-values="!">
	<tr class="dataList-row">
		<td class="dataList-cell">
			<div class="contentRow contentRow--alignMiddle">
				<div class="contentRow-figure">
					<xf:avatar user="$user" size="xs" />
				</div>
				<div class="contentRow-main">
					<a href="{{ link('moderatorpanel/user',$user) }}">{$user.username}</a>
				</div>
			</div>
		</td>
		<td class="dataList-cell">
			{$user.message_count|number}
		</td>
		<td class="dataList-cell">
			{$values.{$userId}.warning_count|number}
		</td>
		<td class="dataList-cell">
			{$values.{$userId}.active_points|number}
		</td>
		<td class="dataList-cell">
			{$values.{$userId}.total_points|number}
		</td>
	</tr>
</xf:macro>
<xf:macro name="andrew_moderatorpanel_mostreportedlist" arg-user="!" arg-userId="!" arg-values="!">
	<tr class="dataList-row">
		<td class="dataList-cell">
			<div class="contentRow contentRow--alignMiddle">
				<div class="contentRow-figure">
					<xf:avatar user="$user" size="xs" />
				</div>
				<div class="contentRow-main">
					<a href="{{ link('moderatorpanel/user',$user) }}">{$user.username}</a>
				</div>
			</div>
		</td>
		<td class="dataList-cell">
			{$user.message_count|number}
		</td>
		<td class="dataList-cell">
			{$user.warning_points|number}
		</td>
		<td class="dataList-cell">
			{$values.{$userId}.report_count|number}
		</td>
	</tr>
</xf:macro>
<xf:macro name="andrew_moderatorpanel_mostignoredlist" arg-user="!" arg-userId="!" arg-values="!">
	<tr class="dataList-row">
		<td class="dataList-cell">
			<div class="contentRow contentRow--alignMiddle">
				<div class="contentRow-figure">
					<xf:avatar user="$user" size="xs" />
				</div>
				<div class="contentRow-main">
					<a href="{{ link('moderatorpanel/user',$user) }}">{$user.username}</a>
				</div>
			</div>
		</td>
		<td class="dataList-cell">
			{$user.message_count|number}
		</td>
		<td class="dataList-cell">
			{$values.{$userId}.ignored_count|number}
		</td>
	</tr>
</xf:macro>]]></template>
  <template type="public" title="andrew_moderatorpanel_moderate_user_overlay" version_id="1030170" version_string="1.3.1"><![CDATA[<xf:title>{{ phrase('andrew_moderatorpanel_moderate_user') }}</xf:title>
<form action="{{ link('members/moderate/save', $user) }}" method="post" class="block" data-xf-init="ajax-submit">
    <div class="block-container">
		<div class="block-body">
			<div class="formInfoRow formInfoRow--confirm">
					{{ phrase('andrew_moderatorpanel_please_confirm_moderate') }}
				<strong>
					{$user.username}
				</strong>
			</div>
		</div>
        <dl class="formRow formSubmitRow formSubmitRow--simple" data-xf-init="form-submit-row" style="height: 42px;">
            <dt></dt>
            <dd>
                <div class="formSubmitRow-main">
                    <div class="formSubmitRow-bar"></div>
                    <div class="formSubmitRow-controls"><button class="button--primary button button--icon button--icon--save"><span class="button-text">{{ phrase('button.save') }}</span></button></div>
                </div>
            </dd>
        </dl>
    </div>
	<xf:hiddenval name="is_moderated">1</xf:hiddenval>
</form>]]></template>
  <template type="public" title="andrew_moderatorpanel_moderatedusers_view" version_id="1030170" version_string="1.3.1"><![CDATA[<xf:title>{{ phrase('andrew_moderator_panel') }}</xf:title>
<xf:macro template="andrew_moderatorpanel_macros" name="andrew_moderatorpanel_sidenav" arg-pageSelected="moderatedusers" arg-log="!" />
<xf:if is="$users is not empty">
	<div class="block">
		<div class="block-container">
			<h3 class="block-header">{{ phrase('andrew_moderatorpanel_moderated_users') }}</h3>
			<div class="block-body">
				<div class="dataList" data-xf-init="responsive-data-list">
					<table class="dataList-table">
						<tbody>
							<tr class="dataList-row dataList-row--header dataList-row--noHover" rowtype="header">
								<th class="dataList-cell">{{ phrase('user_name') }}</th>
								<th class="dataList-cell">{{ phrase('register_date') }}</th>
								<th class="dataList-cell">{{ phrase('messages') }}</th>
								<th class="dataList-cell">{{ phrase('reaction_score') }}</th>
								<th class="dataList-cell">{{ phrase('warning_points') }}</th>
							</tr>
							<xf:foreach loop="$users" value="$user">
								<xf:macro template="andrew_moderatorpanel_macros" name="andrew_moderatorpanel_moderatelist" arg-user="{$user}" />
							</xf:foreach>
						</tbody>
					</table>
				</div>
			</div>
		</div>
	</div>
<xf:else />
	<div class="blockMessage">{{ phrase('no_entries_have_been_logged') }}</div>
</xf:if>
<xf:pagenav page="{$page}" perpage="{$perPage}" total="{$total}" link="moderatorpanel/moderated-users/" wrapperclass="block" />]]></template>
  <template type="public" title="andrew_moderatorpanel_mostignoredusers_view" version_id="1030270" version_string="1.3.2"><![CDATA[<xf:title>{{ phrase('andrew_moderator_panel') }}</xf:title>
<xf:macro template="andrew_moderatorpanel_macros" name="andrew_moderatorpanel_sidenav" arg-pageSelected="mostignored" arg-log="!" />
<xf:if is="$users is not empty">
<div class="block">
	<div class="block-container">
		<h3 class="block-header">{{ phrase('andrew_moderatorpanel_most_ignored_users') }}</h3>
		<div class="block-body">
			<div class="dataList " data-xf-init="responsive-data-list">
				<table class="dataList-table">
					<tbody>
						<tr class="dataList-row dataList-row--header dataList-row--noHover" rowtype="header">
							<th class="dataList-cell">{{ phrase('user_name') }}</th>
							<th class="dataList-cell">{{ phrase('messages') }}</th>
							<th class="dataList-cell">{{ phrase('andrew_moderatorpanel_ignored_by') }}</th>
						</tr>
						<xf:foreach loop="$users" value="$user" key="$userId">
							<xf:macro template="andrew_moderatorpanel_macros" name="andrew_moderatorpanel_mostignoredlist" arg-user="{$user}" arg-userId="{$userId}" arg-values="{$values}" />
						</xf:foreach>
					</tbody>
				</table>
			</div>
		</div>
	</div>
</div>
<xf:else />
	<div class="blockMessage">{{ phrase('no_entries_have_been_logged') }}</div>
</xf:if>
<xf:pagenav page="{$page}" perpage="{$perPage}" total="{$total}" link="moderatorpanel/most-ignored-users/" wrapperclass="block" />]]></template>
  <template type="public" title="andrew_moderatorpanel_mostreportedusers_view" version_id="1030270" version_string="1.3.2"><![CDATA[<xf:title>{{ phrase('andrew_moderator_panel') }}</xf:title>
<xf:macro template="andrew_moderatorpanel_macros" name="andrew_moderatorpanel_sidenav" arg-pageSelected="mostreported" arg-log="!" />
<xf:if is="$users is not empty">
<div class="block">
	<div class="block-container">
		<h3 class="block-header">{{ phrase('andrew_moderatorpanel_most_reported_users') }}</h3>
		<div class="block-body">
			<div class="dataList " data-xf-init="responsive-data-list">
				<table class="dataList-table">
					<tbody>
						<tr class="dataList-row dataList-row--header dataList-row--noHover" rowtype="header">
							<th class="dataList-cell">{{ phrase('user_name') }}</th>
							<th class="dataList-cell">{{ phrase('messages') }}</th>
							<th class="dataList-cell">{{ phrase('warning_points') }}</th>
							<th class="dataList-cell">{{ phrase('reports') }}</th>
						</tr>
						<xf:foreach loop="$users" value="$user" key="$userId">
							<xf:macro template="andrew_moderatorpanel_macros" name="andrew_moderatorpanel_mostreportedlist" arg-user="{$user}" arg-userId="{$userId}" arg-values="{$values}" />
						</xf:foreach>
					</tbody>
				</table>
			</div>
		</div>
	</div>
</div>
<xf:else />
	<div class="blockMessage">{{ phrase('no_entries_have_been_logged') }}</div>
</xf:if>
<xf:pagenav page="{$page}" perpage="{$perPage}" total="{$total}" link="moderatorpanel/most-reported-users/" wrapperclass="block" />]]></template>
  <template type="public" title="andrew_moderatorpanel_mostwarnedusers_view" version_id="1030270" version_string="1.3.2"><![CDATA[<xf:title>{{ phrase('andrew_moderator_panel') }}</xf:title>
<xf:macro template="andrew_moderatorpanel_macros" name="andrew_moderatorpanel_sidenav" arg-pageSelected="mostwarned" arg-log="!" />
<xf:if is="$users is not empty">
	<div class="block">
		<div class="block-container">
			<h3 class="block-header">{{ phrase('andrew_moderatorpanel_most_warned_users') }}</h3>
			<div class="block-body">
				<div class="dataList " data-xf-init="responsive-data-list">
					<table class="dataList-table">
						<tbody>
							<tr class="dataList-row dataList-row--header dataList-row--noHover" rowtype="header">
								<th class="dataList-cell">{{ phrase('user_name') }}</th>
								<th class="dataList-cell">{{ phrase('messages') }}</th>
								<th class="dataList-cell">{{ phrase('warnings') }}</th>
								<th class="dataList-cell">{{ phrase('andrew_moderatorpanel_active_points') }}</th>
								<th class="dataList-cell">{{ phrase('total_points') }}</th>
							</tr>
							<xf:foreach loop="$users" value="$user" key="$userId">
								<xf:macro template="andrew_moderatorpanel_macros" name="andrew_moderatorpanel_mostwarnedlist" arg-user="{$user}" arg-userId="{$userId}" arg-values="{$values}" />
							</xf:foreach>
						</tbody>
					</table>
				</div>
			</div>
		</div>
	</div>
<xf:else />
	<div class="blockMessage">{{ phrase('no_entries_have_been_logged') }}</div>
</xf:if>
<xf:pagenav page="{$page}" perpage="{$perPage}" total="{$total}" link="moderatorpanel/most-warned-users/" wrapperclass="block" />]]></template>
  <template type="public" title="andrew_moderatorpanel_recentregistered_view" version_id="1030170" version_string="1.3.1"><![CDATA[<xf:title>{{ phrase('andrew_moderator_panel') }}</xf:title>
<xf:macro template="andrew_moderatorpanel_macros" name="andrew_moderatorpanel_sidenav" arg-pageSelected="recentregistered" arg-log="!" />

<div class="block">
	<div class="block-container">
		<h3 class="block-header">{{ phrase('andrew_moderatorpanel_recently_registered_users') }}</h3>
		<div class="block-body">
			<div class="dataList" data-xf-init="responsive-data-list">
				<table class="dataList-table">
					<tbody>
						<tr class="dataList-row dataList-row--header dataList-row--noHover" rowtype="header">
							<th class="dataList-cell">{{ phrase('user_name') }}</th>
							<th class="dataList-cell">{{ phrase('register_date') }}</th>
							<th class="dataList-cell">{{ phrase('messages') }}</th>
							<th class="dataList-cell">{{ phrase('reaction_score') }}</th>
							<th class="dataList-cell">{{ phrase('warning_points') }}</th>
							<th class="dataList-cell">{{ phrase('banned') }}</th>
						</tr>
						<xf:foreach loop="$users" value="$user">
								<xf:macro template="andrew_moderatorpanel_macros" name="andrew_moderatorpanel_recentregisteredlist" arg-user="{$user}" />
						</xf:foreach>
					</tbody>
				</table>
			</div>
		</div>
	</div>
</div>
<xf:pagenav page="{$page}" perpage="{$perPage}" total="{$total}" link="moderatorpanel/recent-registered/" wrapperclass="block" />]]></template>
  <template type="public" title="andrew_moderatorpanel_rejected_user_list" version_id="1030170" version_string="1.3.1"><![CDATA[<xf:title>{{ phrase('andrew_moderatorpanel_moderator_panel') }}</xf:title>
<xf:macro template="andrew_moderatorpanel_macros" name="andrew_moderatorpanel_sidenav" arg-pageSelected="rejecteduserlog" arg-log="!" />

<div class="block">
	<div class="block-container">
		<h3 class="block-header">{{ phrase('rejected_user_log') }}</h3>
		<div class="block-body">
			<xf:datalist data-xf-init="responsive-data-list">
				<xf:datarow rowtype="header">
					<xf:cell colspan="2">{{ phrase('rejected_user') }}</xf:cell>
					<xf:cell>{{ phrase('date') }}</xf:cell>
					<xf:cell>{{ phrase('rejected_by') }}</xf:cell>
					<xf:cell class="dataList-cell--min">&nbsp;</xf:cell>
				</xf:datarow>

				<xf:foreach loop="$rejections" value="$rejection">
					<xf:datarow>
						<xf:cell class="dataList-cell--min dataList-cell--image dataList-cell--imageSmall"
							href="{{ link('moderatorpanel/user', $rejection.User) }}">
							<xf:avatar user="$rejection.User" size="s" href="" />
						</xf:cell>
						<xf:cell>
							<div>
								<xf:username user="$rejection.User" href="{{ link('moderatorpanel/user', $rejection.User) }}" />
							</div>
						</xf:cell>
						<xf:cell>
							<xf:date time="{$rejection.reject_date}" />
						</xf:cell>
						<xf:cell>
							<xf:if is="$rejection.reject_user_id">
								<xf:username user="$rejection.RejectUser" href="{{ link('moderatorpanel/user', $rejection.RejectUser) }}" />
							<xf:else />
								{{ phrase('n_a') }}
							</xf:if>
						</xf:cell>
						<xf:action href="{{ link('moderatorpanel/rejected-user-log', $rejection.User) }}" overlay="true">
							{{ phrase('view') }}
						</xf:action>
					</xf:datarow>
					<xf:else />
					<xf:datarow>
						<xf:cell colspan="5">{{ phrase('no_entries_have_been_logged') }}</xf:cell>
					</xf:datarow>
				</xf:foreach>
			</xf:datalist>
		</div>
		<div class="block-footer">
			<span class="block-footer-counter">{{ display_totals($rejections, $total) }}</span>
		</div>
	</div>
	<xf:pagenav page="{$page}" perpage="{$perPage}" total="{$total}"
		link="moderatorpanel/rejected-user-log" params="{$linkFilters}"
		wrapperclass="block-outer block-outer--after" />
</div>]]></template>
  <template type="public" title="andrew_moderatorpanel_rejected_user_view" version_id="1000970" version_string="1.0.9"><![CDATA[<xf:title>{{ phrase('rejected_user_log_entry') }}</xf:title>

<div class="block">
	<div class="block-container">
		<div class="block-body">
			<xf:formrow label="{{ phrase('rejected_user') }}">
				<xf:username user="$entry.User" href="{{ link('users/edit', $entry.User) }}" />
			</xf:formrow>
			<xf:formrow label="{{ phrase('date') }}">
				<xf:date time="{$entry.reject_date}" />
			</xf:formrow>
			<xf:formrow label="{{ phrase('rejected_by') }}">
				<xf:if is="$entry.reject_user_id">
					<xf:username user="$entry.RejectUser" href="{{ link('users/edit', $entry.RejectUser) }}" />
				<xf:else />
					{{ phrase('n_a') }}
				</xf:if>
			</xf:formrow>
			<xf:formrow label="{{ phrase('reason') }}">
				<xf:if is="$entry.reject_reason">
					{$entry.reject_reason}
				<xf:else />
					{{ phrase('n_a') }}
				</xf:if>
			</xf:formrow>
		</div>
	</div>
</div>]]></template>
  <template type="public" title="andrew_moderatorpanel_remove_discourage_user_overlay" version_id="1030170" version_string="1.3.1"><![CDATA[<xf:title>{{ phrase('andrew_moderatorpanel_remove_discourage') }}</xf:title>
<form action="{{ link('members/discourage/save', $user) }}" method="post" class="block" data-xf-init="ajax-submit">
    <div class="block-container">
		<div class="block-body">
			<div class="formInfoRow formInfoRow--confirm">
					{{ phrase('andrew_moderatorpanel_please_confirm_remove_discourage') }}
				<strong>
					{$user.username}
				</strong>
			</div>
		</div>
        <dl class="formRow formSubmitRow formSubmitRow--simple" data-xf-init="form-submit-row" style="height: 42px;">
            <dt></dt>
            <dd>
                <div class="formSubmitRow-main">
                    <div class="formSubmitRow-bar"></div>
                    <div class="formSubmitRow-controls"><button class="button--primary button button--icon button--icon--save"><span class="button-text">{{ phrase('button.save') }}</span></button></div>
                </div>
            </dd>
        </dl>
    </div>
	<xf:hiddenval name="option[is_discouraged]">0</xf:hiddenval>
</form>]]></template>
  <template type="public" title="andrew_moderatorpanel_remove_moderate_user_overlay" version_id="1030170" version_string="1.3.1"><![CDATA[<xf:title>{{ phrase('andrew_moderatorpanel_remove_user_from_moderation') }}</xf:title>
<form action="{{ link('members/moderate/save', $user) }}" method="post" class="block" data-xf-init="ajax-submit">
    <div class="block-container">
		<div class="block-body">
			<div class="formInfoRow formInfoRow--confirm">
					{{ phrase('andrew_moderatorpanel_please_confirm_remove_moderate') }}
				<strong>
					{$user.username}
				</strong>
			</div>
		</div>
        <dl class="formRow formSubmitRow formSubmitRow--simple" data-xf-init="form-submit-row" style="height: 42px;">
            <dt></dt>
            <dd>
                <div class="formSubmitRow-main">
                    <div class="formSubmitRow-bar"></div>
                    <div class="formSubmitRow-controls"><button class="button--primary button button--icon button--icon--save"><span class="button-text">{{ phrase('button.save') }}</span></button></div>
                </div>
            </dd>
        </dl>
    </div>
	<xf:hiddenval name="is_moderated">0</xf:hiddenval>
</form>]]></template>
  <template type="public" title="andrew_moderatorpanel_spam_cleaner_list" version_id="1030170" version_string="1.3.1"><![CDATA[<xf:title>{{ phrase('andrew_moderatorpanel_moderator_panel') }}</xf:title>
<xf:macro template="andrew_moderatorpanel_macros" name="andrew_moderatorpanel_sidenav" arg-pageSelected="spamcleanerlog" arg-log="!" />
<xf:if is="$entries is not empty">
	<div class="block">
		<div class="block-container">
			<h3 class="block-header">{{ phrase('spam_cleaner_log') }}</h3>
			<div class="block-body">
				<xf:datalist data-xf-init="responsive-data-list">
					<xf:datarow rowtype="header">
						<xf:cell>{{ phrase('user') }}</xf:cell>
						<xf:cell>{{ phrase('applied_by') }}</xf:cell>
						<xf:cell>{{ phrase('application_date') }}</xf:cell>
						<xf:cell>{{ phrase('restored') }}</xf:cell>
					</xf:datarow>

					<xf:foreach loop="$entries" value="$entry">
						<xf:datarow>
							<xf:cell>
								<xf:username user="$entry.User"
									defaultname="{$entry.username}"
									href="{{ $entry.User ? link('moderatorpanel/user', $entry.User) : null }}" />
							</xf:cell>

							<xf:cell>
								<xf:username user="$entry.ApplyingUser"
									defaultname="{$entry.applying_username}"
									href="{{ $entry.ApplyingUser ? link_type('public', 'members', $entry.ApplyingUser) : null }}" />
							</xf:cell>

							<xf:cell>
								<xf:date time="$entry.application_date" />
							</xf:cell>

							<xf:cell>
								<xf:if is="$entry.restored_date">
									<xf:date time="$entry.restored_date" />
								<xf:else />
									{{ phrase('no') }}
								</xf:if>
							</xf:cell>
						</xf:datarow>
					</xf:foreach>
				</xf:datalist>
			</div>
			<div class="block-footer">
				<span class="block-footer-counter">{{ display_totals($entries, $total) }}</span>
			</div>
		</div>
		<xf:pagenav page="{$page}" perpage="{$perPage}" total="{$total}"
			link="moderatorpanel/spam-cleaner-log"
			wrapperclass="block-outer block-outer--after" />
	</div>
<xf:else />
	<div class="blockMessage">{{ phrase('no_entries_have_been_logged') }}</div>
</xf:if>]]></template>
  <template type="public" title="andrew_moderatorpanel_threadbanlist_view" version_id="1030270" version_string="1.3.2"><![CDATA[<xf:title>{{ phrase('andrew_moderator_panel') }}</xf:title>
<xf:macro template="andrew_moderatorpanel_macros" name="andrew_moderatorpanel_sidenav" arg-pageSelected="threadbanlist" arg-log="!" />
<xf:if is="$users is not empty">
<div class="block">
	<div class="block-container">
		<h3 class="block-header">{{ phrase('andrew_moderatorpanel_thread_reply_bans') }}</h3>
		<div class="block-body">
			<div class="dataList " data-xf-init="responsive-data-list">
				<table class="dataList-table">
					<tbody>
						<tr class="dataList-row dataList-row--header dataList-row--noHover" rowtype="header">
							<th class="dataList-cell">{{ phrase('user_name') }}</th>
							<th class="dataList-cell">{{ phrase('thread') }}</th>
							<th class="dataList-cell">{{ phrase('ban_started') }}</th>
							<th class="dataList-cell">{{ phrase('ban_ends') }}</th>
							<th class="dataList-cell">{{ phrase('banned_by') }}</th>
							<th class="dataList-cell"></th>
						</tr>
						<xf:foreach loop="$users" value="$user">
							<xf:macro template="andrew_moderatorpanel_macros" name="andrew_moderatorpanel_threadbanlist" arg-user="{$user}" />
						</xf:foreach>
					</tbody>
				</table>
			</div>
		</div>
		<div class="block-footer">
			<ul class="listInline listInline--bullet">
				<li>{{ phrase('total') }} {$total} </li>
			</ul>
		</div>
	</div>
</div>
<xf:else />
	<div class="blockMessage">{{ phrase('no_entries_have_been_logged') }}</div>
</xf:if>
<xf:pagenav page="{$page}" perpage="{$perPage}" total="{$total}" link="moderatorpanel/thread-ban-list/" wrapperclass="block" />]]></template>
  <template type="public" title="andrew_moderatorpanel_user_ban_list" version_id="100170" version_string="1.0.1"><![CDATA[<div class="block">
	<div class="block-container">
		<div class="block-body">
			<div class="dataList " data-xf-init="responsive-data-list">
				<table class="dataList-table">
					<tbody>
						<tr class="dataList-row dataList-row--header dataList-row--noHover" rowtype="header">
							<th class="dataList-cell">{{ phrase('ban_started') }}</th>
							<th class="dataList-cell">{{ phrase('ban_ends') }}</th>
							<th class="dataList-cell">{{ phrase('banned_by') }}</th>
							<th class="dataList-cell">{{ phrase('reason') }}</th>
							<xf:if is="$user.canBan()">
								<th class="dataList-cell"></th>
							</xf:if>
						</tr>
						<tr class="dataList-row">
							<td class="dataList-cell">
								<xf:date time="{$user.Ban.ban_date}" />
							</td>
							<td class="dataList-cell">
								<xf:if is="$user.Ban.end_date == 0">
									{{ phrase('permanent') }}
									<xf:else />
									<xf:date time="{$user.Ban.end_date}" />
								</xf:if>
							</td>
							<td class="dataList-cell">
								<xf:username user="$user.Ban.BanUser" rich="true" defaultname="{$fallbackName}" itemprop="name" />
							</td>
							<td class="dataList-cell">
								{$user.Ban.user_reason}
							</td>
							<xf:if is="$user.canBan()">
								<td class="dataList-cell dataList-cell--action">
									<a href="{{ link('members/ban', $user) }}" data-xf-init="tooltip" data-xf-click="overlay" data-original-title="Edit ban">
										{{ phrase('edit_ban') }}
									</a>
								</td>
							</xf:if>
						</tr>
					</tbody>
				</table>
			</div>
		</div>
	</div>
</div>]]></template>
  <template type="public" title="andrew_moderatorpanel_user_change_log" version_id="1030170" version_string="1.3.1"><![CDATA[<xf:macro template="andrew_moderatorpanel_macros" name="andrew_moderatorpanel_sidenav" arg-pageSelected="userchangelog" arg-log="!" />
<xf:if is="$changesGrouped">
	<div class="block">
		<div class="block-container">
			<h3 class="block-header">{{ phrase('andrew_moderatorpanel_user_change_log') }}</h3>
			<div class="block-body">
				<xf:macro template="andrew_moderatorpanel_user_change_log_list" name="andrew_moderatorpanel_change_log_list" arg-changesGrouped="{$changesGrouped}" />
			</div>
			<div class="block-footer">
				<span class="block-footer-counter">{{ display_totals($totalChanges, $total) }}</span>
			</div>
		</div>

		<xf:pagenav page="{$page}" perpage="{$perPage}" total="{$total}"
			link="moderatorpanel/user-change-log/" params="{$linkFilters}"
			wrapperclass="block-outer block-outer--after" />
	</div>
<xf:else />
	<div class="blockMessage">{{ phrase('no_changes_have_been_logged') }}</div>
</xf:if>]]></template>
  <template type="public" title="andrew_moderatorpanel_user_change_log_list" version_id="1030170" version_string="1.3.1"><![CDATA[<xf:macro name="andrew_moderatorpanel_change_log_list" arg-changesGrouped="!">
<xf:if is="$changesGrouped">
	<div class="block">
		<div class="block-container">
			<div class="block-body">
				<div class="dataList " data-xf-init="responsive-data-list">
					<table class="dataList-table">
						<tbody>
							<tr class="dataList-row dataList-row--header dataList-row--noHover" rowtype="header">
								<th class="dataList-cell">{{ phrase('field_name') }}</th>
								<th class="dataList-cell">{{ phrase('old_value') }}</th>
								<th class="dataList-cell">{{ phrase('new_value') }}</th>
							</tr>
							<xf:foreach loop="$changesGrouped" value="$group">
								<tbody class="dataList-rowGroup">
									<tr class="dataList-row dataList-row--noHover dataList-row--subSection" rowtype="header">
										<td class="dataList-cell">
											<ul class="listInline listInline--bullet">
												<li><xf:avatar user="$group.content" size="xxs" href="" /> {$group.content.username}</li>
												<xf:if is="$group.editUser && $group.editUser.user_id != $group.content_id">
													<li>{{ phrase('edited_by_x', {'name': $group.editUser.username}) }}</li>
												</xf:if>
											</ul>
										</td>
										<td class="dataList-cell">
										</td>
										<td class="dataList-cell">
											<span class="u-pullRight"> <xf:date time="{$group.date}" /></span>
										</td>
									</tr>
									<xf:foreach loop="$group.changes" value="$change">
										<xf:datarow rowclass="{{ $change.protected ? 'dataList-row--protected' : '' }}">
											<xf:cell>{$change.label}</xf:cell>
											<xf:cell class="dataList-cell--breakWord">{$change.old}</xf:cell>
											<xf:cell class="dataList-cell--breakWord">{$change.new}</xf:cell>
										</xf:datarow>
									</xf:foreach>
								</tbody>
							</xf:foreach>
						</tbody>
					</table>
				</div>
			</div>
		</div>
	</div>
<xf:else />
	<div class="blockMessage">{{ phrase('no_changes_have_been_logged') }}</div>
</xf:if>
</xf:macro>]]></template>
  <template type="public" title="andrew_moderatorpanel_user_change_log_profile" version_id="1030170" version_string="1.3.1"><![CDATA[<div class="block-body">
	<xf:macro template="andrew_moderatorpanel_user_change_log_list" name="andrew_moderatorpanel_change_log_list" arg-changesGrouped="{$changesGrouped}" />
</div>]]></template>
  <template type="public" title="andrew_moderatorpanel_user_ignores_list" version_id="100170" version_string="1.0.1"><![CDATA[<xf:if is="count($ignores) > 0">
<xf:css src="memberlist.less" />
<div class="block">
	<div class="block-container">
		<ol class="block-body">
			<xf:foreach loop="$ignores" value="$ignore" if="!$xf.visitor.isIgnoring($followingUser.user_id)">
			<li class="block-row block-row--separated">
				<ul class="listHeap">
						<div class="contentRow">
							<div class="contentRow-figure">
								<xf:avatar user="$ignore.User" size="s" notooltip="true" />
							</div>
							<div class="contentRow-main">
								<xf:if is="$extraData">
									<div class="contentRow-extra {{ $extraDataBig ? 'contentRow-extra--largest' : '' }}">{$extraData}</div>
								</xf:if>
								<h3 class="contentRow-header"><xf:username user="$ignore.User" rich="true" notooltip="true" /></h3>

								<xf:userblurb user="$ignore.User" class="contentRow-lesser" />

								<div class="contentRow-minor">
									<ul class="listInline listInline--bullet">
										<!--[XF:stats:start]-->
										<li><dl class="pairs pairs--inline">
											<dt>{{ phrase('messages') }}</dt>
											<dd>{$ignore.User.message_count|number}</dd>
										</dl></li>
										<!--[XF:stats:after_messages]-->
										<li><dl class="pairs pairs--inline">
											<dt>{{ phrase('reaction_score') }}</dt>
											<dd>{$ignore.User.reaction_score|number}</dd>
										</dl></li>
										<!--[XF:stats:after_likes]-->
										<!--[XF:stats:after_reactions]-->
										<xf:if is="$xf.options.enableTrophies">
											<li><dl class="pairs pairs--inline">
												<dt>{{ phrase('points') }}</dt>
												<dd>{$ignore.User.trophy_points|number}</dd>
											</dl></li>
										</xf:if>
										<!--[XF:stats:end]-->
									</ul>
								</div>
							</div>
						</div>
					
				</ul>
				<xf:if is="$perPage > count($ignores)">
					<a href="{{ link('moderatorpanel/user/ignored-more', $user) }}" data-xf-click="overlay">{{ phrase('ellipsis_and_x_more', {'count': $perPage - count($ignores)}) }}</a>
				</xf:if>
			</li>
			</xf:foreach>
		</ol>
	</div>
</div>
<xf:else />
	<div class="blockMessage">
		{{ phrase('andrew_moderatorpanel_no_users_are_ignoring') }}
	</div>
</xf:if>]]></template>
  <template type="public" title="andrew_moderatorpanel_user_ip_list" version_id="1" version_string="1.0.0 Alpha"><![CDATA[<xf:title>{{ phrase('ip_addresses_logged_for_x', {'name': $user.username}) }}</xf:title>

<xf:if is="$ips is not empty">
	<div class="block">
		<div class="block-container">
			<div class="block-body">
				<xf:datalist data-xf-init="responsive-data-list">
					<xf:datarow rowtype="header">
						<xf:cell>{{ phrase('ip') }}</xf:cell>
						<xf:cell>{{ phrase('total') }}</xf:cell>
						<xf:cell>{{ phrase('earliest') }}</xf:cell>
						<xf:cell>{{ phrase('latest') }}</xf:cell>
						<xf:cell></xf:cell>
					</xf:datarow>
					<xf:foreach loop="$ips" value="$ip">
						<xf:datarow rowclass="dataList-row--noHover">
							<xf:cell href="{{ link_type('public', 'misc/ip-info', null, {'ip': $ip.ip|ip}) }}" target="_blank">{$ip.ip|ip}</xf:cell>
							<xf:cell>{$ip.total|number}</xf:cell>
							<xf:cell><xf:date time="{$ip.first_date}" /></xf:cell>
							<xf:cell><xf:date time="{$ip.last_date}" /></xf:cell>
							<xf:cell class="dataList-cell dataList-cell--action"><a href="{{ link('moderatorpanel/user/ip-users', null, {'ip': $ip.ip|ip}) }}" data-xf-click="overlay">{{ phrase('more_users') }}</a></xf:cell>
						</xf:datarow>
					</xf:foreach>
				</xf:datalist>
			</div>
		</div>
	</div>
<xf:else />
	<div class="blockMessage">{{ phrase('no_ip_logs_for_requested_user') }}</div>
</xf:if>]]></template>
  <template type="public" title="andrew_moderatorpanel_user_list" version_id="1" version_string="1.0.0 Alpha"><![CDATA[<xf:title>{{ phrase('users') }}</xf:title>
<xf:macro template="andrew_moderatorpanel_macros" name="andrew_moderatorpanel_sidenav" arg-pageSelected="usersearch" arg-log="!" />
<xf:if is="$users is not empty">
	<xf:form action="{{ link('users/batch-update/confirm') }}" class="block">
		<div class="block-container">
			<div class="block-body">
				<xf:datalist>
					<xf:if is="$showingAll">
						<xf:datarow rowtype="header" rowclass="dataList-row--noHover">
							<xf:if is="$showingAll">
								<xf:cell colspan="4">
									<xf:checkbox standalone="true"><xf:option value="{$user.user_id}" check-all=".dataList >" label="{{ phrase('select_all') }}" /></xf:checkbox>
								</xf:cell>
							</xf:if>
						</xf:datarow>
					</xf:if>
					<xf:foreach loop="$users" value="$user">
						<xf:datarow>
							<xf:if is="$showingAll">
								<xf:toggle name="user_ids[]" value="{$user.user_id}" selected="true" />
							</xf:if>
							<xf:cell class="dataList-cell--min dataList-cell--image dataList-cell--imageSmall"
								href="{{ link('moderatorpanel/user', $user) }}">
								<xf:avatar user="$user" size="s" href="" />
							</xf:cell>
							<xf:main href="{{ link('moderatorpanel/user', $user) }}" label="{$user.username}" />
						</xf:datarow>
					</xf:foreach>
				</xf:datalist>
			</div>
			<div class="block-footer block-footer--split">
				<span class="block-footer-counter">{{ display_totals($users, $total) }}</span>
			</div>
		</div>

		<xf:pagenav page="{$page}" perpage="{$perPage}" total="{$total}"
			link="users/list"
			params="{{ {'criteria': $criteria, 'order': $order, 'direction': $direction} }}"
			wrapperclass="js-filterHide block-outer block-outer--after" />
	</xf:form>
<xf:else />
	<div class="blockMessage">{{ phrase('no_records_matched') }}</div>
</xf:if>]]></template>
  <template type="public" title="andrew_moderatorpanel_user_name_change_list" version_id="1030170" version_string="1.3.1"><![CDATA[<xf:title>{{ phrase('andrew_moderatorpanel_moderator_panel') }}</xf:title>
<xf:macro template="andrew_moderatorpanel_macros" name="andrew_moderatorpanel_sidenav" arg-pageSelected="usernamechangelog" arg-log="!" />

<xf:form action="{{ link('moderatorpanel/username-change-log/toggle') }}" class="block" ajax="true">
	<div class="block-container">
		<h3 class="block-header">{{ phrase('username_change_log') }}</h3>
		<div class="block-body">
			<xf:datalist data-xf-init="responsive-data-list">
				<xf:datarow rowtype="header">
					<xf:cell class="dataList-cell--min">&nbsp;</xf:cell>
					<xf:cell>{{ phrase('old_username') }}</xf:cell>
					<xf:cell>{{ phrase('new_username') }}</xf:cell>
					<xf:cell>{{ phrase('change_state') }}</xf:cell>
					<xf:cell>{{ phrase('date') }}</xf:cell>
				</xf:datarow>

				<xf:foreach loop="$entries" value="$entry">
					<xf:datarow rowclass="dataList-row--noHover">
						<xf:cell class="dataList-cell--min dataList-cell--image dataList-cell--imageSmall"
							href="{{ link('moderatorpanel/user', $entry.User) }}" data-xf-init="tooltip" title="{{ phrase('current_username:') }} {$entry.User.username}">
							<xf:avatar user="$entry.User" size="s" href="" />
						</xf:cell>
						<xf:cell>
							{$entry.old_username}
						</xf:cell>
						<xf:cell>
							{$entry.new_username}
							<xf:if is="$entry.change_reason">
								<a role="button"
									tabindex="0"
									data-xf-init="tooltip"
									data-trigger="hover focus click"
									title="{{ phrase('change_reason:') }} {$entry.change_reason}"><xf:trim>
									<xf:fa icon="fa-info-circle" />
								</xf:trim></a>
							</xf:if>
						</xf:cell>
						<xf:cell>
							<xf:if is="$entry.change_state == 'approved'">
								{{ phrase('approved') }}
							<xf:elseif is="$entry.change_state == 'moderated'" />
								{{ phrase('awaiting_approval') }}
							<xf:elseif is="$entry.change_state == 'rejected'" />
								{{ phrase('rejected') }}
								<xf:if is="$entry.reject_reason">
									<a role="button"
										tabindex="0"
										data-xf-init="tooltip"
										data-trigger="hover focus click"
										title="{{ phrase('reason:') }} {$entry.reject_reason}"><xf:trim>
										<xf:fa icon="fa-info-circle" />
									</xf:trim></a>
								</xf:if>
							</xf:if>
						</xf:cell>
						<xf:cell>
							<xf:date time="{$entry.change_date}" />
						</xf:cell>
					</xf:datarow>
				<xf:else />
					<xf:datarow>
						<xf:cell colspan="7">{{ phrase('no_entries_have_been_logged') }}</xf:cell>
					</xf:datarow>
				</xf:foreach>
			</xf:datalist>
		</div>
	</div>
	<xf:pagenav page="{$page}" perpage="{$perPage}" total="{$total}"
		link="moderatorpanel/username-change-log/"
		wrapperclass="block-outer block-outer--after" />
</xf:form>]]></template>
  <template type="public" title="andrew_moderatorpanel_user_notes_list" version_id="1030170" version_string="1.3.1"><![CDATA[<xf:title>{{ phrase('andrew_moderatorpanel_user_notes') }}</xf:title>
<xf:head option="metaNoindex"><meta name="robots" content="noindex" /></xf:head>
<xf:if is="$xf.visitor.canAddUserNote()">
	<div class="block">
		<div class="block-container">
			<div class="block-body">
					<xf:js src="xf/message.js" min="1" />

					<xf:form action="{{ link('moderatorpanel/user-note/save', $user_note) }}"
						ajax="true"
						class="message-spacer js-quickReply"
						data-xf-init="quick-reply"
						data-message-container=".js-replyNewMessageContainer"
						data-ascending="0">

						<xf:macro template="quick_reply_macros" name="body"
							arg-attachmentData="{$attachmentData}"
							arg-simple="{{ true }}"
							arg-placeholder="{{ phrase('write_something...') }}"
							arg-submitText="{{ phrase('post_verb') }}"
							arg-minHeight="40"
							arg-deferred="{{ true }}"
							arg-simpleSubmit="{{ true }} " />
						<xf:hiddenval name="user_id" autocomplete="off">{$user_id}</xf:hiddenval>
					</xf:form>
			</div>
		</div>
	</div>
</xf:if>
<xf:if is="$user_notes is not empty">
	<xf:css src="message.less" />
	<xf:js src="xf/comment.js" min="1" />
		<div class="block">
			<div class="block-container">
				<div class="block-body js-replyNewMessageContainer">
					<xf:foreach loop="$user_notes" value="$user_note">
						<xf:macro template="andrew_moderatorpanel_macros" name="andrew_moderatorpanel_usernote" arg-user_note="{$user_note}" />
					</xf:foreach>	
				</div>
			</div>
		</div>
<xf:else />
	<div class="blockMessage">
		{{ phrase('andrew_moderatorpanel_user_has_no_notes') }}
	</div>
</xf:if>]]></template>
  <template type="public" title="andrew_moderatorpanel_user_notes_view" version_id="1030270" version_string="1.3.2"><![CDATA[<xf:title>{{ phrase('andrew_moderatorpanel_moderator_panel') }}</xf:title>
<xf:macro template="andrew_moderatorpanel_macros" name="andrew_moderatorpanel_sidenav" arg-pageSelected="usernotes" arg-log="!" />

<xf:if is="$user_notes is not empty">
	<xf:css src="message.less" />
		<div class="block">
			<div class="block-container">
				<h3 class="block-header">{{ phrase('andrew_moderatorpanel_user_notes') }}</h3>
				<div class="block-body js-replyNewMessageContainer">
					<xf:foreach loop="$user_notes" value="$user_note">
						<xf:macro template="andrew_moderatorpanel_macros" name="andrew_moderatorpanel_usernote" arg-user_note="{$user_note}" />
					</xf:foreach>	
				</div>
			</div>
		</div>
<xf:pagenav page="{$page}" perpage="{$perPage}" total="{$total}" link="moderatorpanel/user-notes/" wrapperclass="block" />
<xf:else />
	<div class="blockMessage">
		{{ phrase('andrew_moderatorpanel_user_has_no_notes') }}
	</div>
</xf:if>]]></template>
  <template type="public" title="andrew_moderatorpanel_user_report_list" version_id="1" version_string="1.0.0 Alpha"><![CDATA[<xf:title>{{ phrase('andrew_moderatorpanel_reports') }}</xf:title>
<xf:head option="metaNoindex"><meta name="robots" content="noindex" /></xf:head>

<xf:if is="$reports is not empty">
	<div class="block">
		<div class="block-container">
			<div class="block-body">
				<div class="dataList " data-xf-init="responsive-data-list">
					<table class="dataList-table">
						<tbody>
							<tr class="dataList-row dataList-row--header dataList-row--noHover" rowtype="header">
								<th class="dataList-cell">{{ phrase('report') }}</th>
								<th class="dataList-cell">{{ phrase('status') }}</th>
								<th class="dataList-cell">{{ phrase('date') }}</th>
								<th class="dataList-cell">{{ phrase('reports') }}</th>
							</tr>
							<xf:foreach loop="$reports" value="$report">
								<xf:if is="$report.canView($report)">
									<tr class="dataList-row">
										<td class="dataList-cell dataList-cell--link">
											<a href="{{ link('reports', $report) }}" data-xf-click="overlay">{$report.title}</a>
									</td>
									<td class="dataList-cell">
										{$report.report_state}
									</td>
									<td class="dataList-cell">
										<xf:date time="$report.first_report_date" />
									</td>
									<td class="dataList-cell">
										{$report.report_count}
									</td>
									</tr>
								</xf:if>
							</xf:foreach>
						</tbody>
					</table>
				</div>
			</div>
		</div>
	</div>
<xf:else />
	<div class="blockMessage">
		{{ phrase('andrew_moderatorpanel_user_has_no_reports') }}
	</div>
</xf:if>]]></template>
  <template type="public" title="andrew_moderatorpanel_user_search" version_id="1" version_string="1.0.0 Alpha"><![CDATA[<xf:title>{{ phrase('andrew_moderatorpanel_moderator_panel') }}</xf:title>
<xf:macro template="andrew_moderatorpanel_macros" name="andrew_moderatorpanel_sidenav" arg-pageSelected="usersearch" arg-log="!" />

<div class="block">
	<div class="block-container">
		<h2 class="block-tabHeader tabs" data-xf-init="tabs" role="tablist">
			<a class="tabs-tab is-active" role="tab" tabindex="0" aria-controls="user-search">{{ phrase('standard_search') }}</a>
			<a class="tabs-tab" role="tab" tabindex="0" aria-controls="ip-search">{{ phrase('search_by_ip_address') }}</a>
		</h2>

		<ul class="tabPanes">
			<li class="is-active" role="tabpanel" id="user-search">
				<xf:form action="{{ link('moderatorpanel/user/list') }}">
					<div class="block-body">
						<xf:include template="andrew_moderatorpanel_helper_user_search_criteria" />
					</div>
					<xf:submitrow sticky="true" icon="search" />
				</xf:form>
			</li>
			<li role="tabpanel" id="ip-search">
				<xf:form action="{{ link('moderatorpanel/user/ip-users') }}">
					<div class="block-body">
						<xf:textboxrow name="ip"
							label="{{ phrase('ip_address') }}"
							explain="{{ phrase('ip_search_explain') }}" />
					</div>
					<xf:submitrow icon="search" />
				</xf:form>
			</li>
		</ul>
	</div>
</div>]]></template>
  <template type="public" title="andrew_moderatorpanel_user_threadbans_list" version_id="100170" version_string="1.0.1"><![CDATA[<xf:title>{{ phrase('andrew_moderatorpanel_thread_reply_bans') }}</xf:title>
<xf:head option="metaNoindex"><meta name="robots" content="noindex" /></xf:head>
<xf:if is="$threadbans is not empty">
<div class="block">
	<div class="block-container">
		<div class="block-body">
			<div class="dataList " data-xf-init="responsive-data-list">
				<table class="dataList-table">
					<tbody>
						<tr class="dataList-row dataList-row--header dataList-row--noHover" rowtype="header">
							<th class="dataList-cell">{{ phrase('thread') }}</th>
							<th class="dataList-cell">{{ phrase('ban_started') }}</th>
							<th class="dataList-cell">{{ phrase('ban_ends') }}</th>
							<th class="dataList-cell">{{ phrase('banned_by') }}</th>
							<th class="dataList-cell"></th>
						</tr>
						<xf:foreach loop="$threadbans" value="$threadban">
							<tr class="dataList-row">
								<td class="dataList-cell dataList-cell--link">
									<a href="{{ link('threads',$threadban.Thread) }}">{$threadban.Thread.title}</a>
								</td>
								<td class="dataList-cell">
									<xf:date time="{$threadban.ban_date}" />
								</td>
								<td class="dataList-cell">
									<xf:if is="$threadban.expiry_date == 0">
										{{ phrase('never') }}
									<xf:else/>
										<xf:date time="{$threadban.expiry_date}" />
									</xf:if>
								</td>
								<td class="dataList-cell">
									<xf:username user="$threadban.BannedBy" rich="true" defaultname="{$fallbackName}" itemprop="name" />
								</td>
								<xf:if is="$threadban.Thread.canReplyBan()">
									<td class="dataList-cell dataList-cell--action">
										<a href="{{ link('threads/reply-bans',$threadban.Thread) }}" data-xf-init="tooltip" data-xf-click="overlay" data-original-title="{{ phrase('manage') }}">
											{{ phrase('manage') }}
										</a>	
									</td>	
								<xf:else/>
									<td class="dataList-cell"></td>									
								</xf:if>
							</tr>
						</xf:foreach>
					</tbody>
				</table>
			</div>
		</div>
		<div class="block-footer">
			<ul class="listInline listInline--bullet">
				<li>{{ phrase('total') }} {{ count($threadbans) }} </li>
			</ul>
		</div>
	</div>
</div>
<xf:else />
	<div class="blockMessage">
		{{ phrase('andrew_moderatorpanel_user_has_no_thread_bans') }}
	</div>
</xf:if>]]></template>
  <template type="public" title="andrew_moderatorpanel_user_view" version_id="1020270" version_string="1.2.2"><![CDATA[<xf:title>{{ phrase('andrew_moderatorpanel_moderator_panel') }}</xf:title>
<xf:css src="member.less" />
<xf:macro template="andrew_moderatorpanel_macros" name="andrew_moderatorpanel_sidenav" arg-pageSelected="userlookup" arg-log="!" />
<div class="block">
	<div class="block-container">
		<div class="block-body">
			<div class="memberHeader {{ $user.Profile.banner_date ? 'memberHeader--withBanner' : '' }}">
				<xf:profilebanner user="$user" size="l" class="memberHeader-main" toggle="memberHeader--withBanner">
					<div class="memberHeader-mainContent">
						<span class="memberHeader-avatar">
							<span class="avatarWrapper">
								<xf:avatar user="{$user}" size="l"
									href="{{ $user.getAvatarUrl('o') ?: '' }}" />
								<xf:if is="$user.user_id == $xf.visitor.user_id && $xf.visitor.canUploadAvatar()">
									<a class="avatarWrapper-update" href="{{ link('account/avatar') }}" data-xf-click="overlay"><span>{{ phrase('edit') }}</span></a>
								</xf:if>
							</span>
						</span>
						<div class="memberHeader-content memberHeader-content--info">
						<xf:if contentcheck="true">
							<div class="memberHeader-actionTop">
								<xf:contentcheck>
								<!--[XF:action_top_start]-->
								<xf:if contentcheck="true">
									<div class="buttonGroup">
										<xf:contentcheck>
											<xf:if is="$user.canBeReported()">
												<xf:button href="{{ link('members/report', $user) }}"
													class="button--link" overlay="true">
													{{ phrase('report_verb') }}
												</xf:button>
											</xf:if>
											<xf:if is="$user.user_id == $xf.visitor.user_id && $xf.visitor.canUploadProfileBanner()">
												<xf:button href="{{ link('account/banner') }}"
													class="button--link" overlay="true">
													{{ phrase('edit_profile_banner') }}
												</xf:button>
											</xf:if>
											<xf:button href="{{ link('members', $user) }}"
													   class="button--link">
												{{ phrase('andrew_moderatorpanel_profile') }}
											</xf:button>
											<xf:if contentcheck="true">
												<div class="buttonGroup-buttonWrapper">
													<xf:button class="button--link menuTrigger" data-xf-click="menu" aria-expanded="false" aria-haspopup="true">{{ phrase('moderator_tools') }}</xf:button>
													<div class="menu" data-menu="menu" aria-hidden="true">
														<div class="menu-content">
															<h3 class="menu-header">{{ phrase('moderator_tools') }}</h3>
															<xf:contentcheck>
																<xf:macro template="member_macros" name="moderator_menu_actions"
																	arg-user="{$user}"
																	arg-context="profile" />
															</xf:contentcheck>
														</div>
													</div>
												</div>
											</xf:if>
										</xf:contentcheck>
									</div>
								</xf:if>
								<!--[XF:action_top_end]-->
								</xf:contentcheck>
							</div>
						</xf:if>

						<h1 class="memberHeader-name">
							<span class="memberHeader-nameWrapper" data-stroke="{$user.username}">
								<xf:username user="{$user}" rich="true" href="" />
							</span>
							<xf:if is="$user.hasViewableUsernameHistory()">
								<a class="memberHeader-nameChangeIndicator"
									data-xf-click="menu"
									data-xf-init="tooltip"
									title="{{ phrase('username_changed') }}"
									role="button"
									tabindex="0"
									aria-expanded="false"
									aria-haspopup="true"
									aria-label="{{ phrase('username_changed') }}"><xf:fa icon="fa-history" /></a>
								<div class="menu" data-menu="menu" aria-hidden="true"
									data-href="{{ link('members/username-history', $user, {'menu': 1}) }}"
									data-load-target=".js-usernameHistoryBody">
									<div class="menu-content">
										<h3 class="menu-header">{{ phrase('previous_usernames') }}</h3>
										<div class="js-usernameHistoryBody">
											<div class="menu-row">
												{{ phrase('loading...') }}
											</div>
										</div>
									</div>
								</div>
							</xf:if>
						</h1>

						<xf:if contentcheck="true">
							<div class="memberHeader-banners">
								<xf:contentcheck><xf:userbanners user="$user" /></xf:contentcheck>
							</div>
						</xf:if>

						<div class="memberHeader-blurbContainer">
							<xf:userblurb user="$user" tag="div" class="memberHeader-blurb" />

							<div class="memberHeader-blurb">
								<dl class="pairs pairs--inline">
									<dt>{{ phrase('joined') }}</dt>
									<dd><xf:date time="$user.register_date" /></dd>
								</dl>
							</div>

							<xf:if contentcheck="true">
								<div class="memberHeader-blurb">
									<dl class="pairs pairs--inline">
										<dt>{{ phrase('last_seen') }}</dt>
										<dd dir="auto">
											<xf:contentcheck><xf:useractivity user="$user" class="pairs--plainLabel" /></xf:contentcheck>
										</dd>
									</dl>
								</div>
							</xf:if>
						</div>
					</div>
					</div>
				</xf:profilebanner>
				<div class="memberHeader-content">
					<div class="memberHeader-stats">
						<div class="pairJustifier">
							<dl class="pairs pairs--rows pairs--rows--centered fauxBlockLink">
								<dt>{{ phrase('messages') }}</dt>
								<dd>		
									{$user.message_count|number}
								</dd>
							</dl>
							<dl class="pairs pairs--rows pairs--rows--centered fauxBlockLink">
								<dt>{{ phrase('warnings') }}</dt>
								<dd>		
									{$warning_points.warning_count|number}
								</dd>
							</dl>
							<dl class="pairs pairs--rows pairs--rows--centered fauxBlockLink">
								<dt>{{ phrase('warning_points') }}</dt>
								<dd>		
									{$user.warning_points|number} / {$warning_points.total_points|number}
								</dd>
							</dl>
							<dl class="pairs pairs--rows pairs--rows--centered fauxBlockLink">
								<dt>{{ phrase('reports') }}</dt>
								<dd>		
									{$report_count.report_count|number}
								</dd>
							</dl>
							<dl class="pairs pairs--rows pairs--rows--centered fauxBlockLink">
								<dt>{{ phrase('andrew_moderatorpanel_ignored_by') }}</dt>
								<dd>		
									{{ count($ignored) }}
								</dd>
							</dl>
							<dl class="pairs pairs--rows pairs--rows--centered fauxBlockLink">
								<dt>{{ phrase('andrew_moderatorpanel_thread_bans') }}</dt>
								<dd>		
									{{ count($thread_bans) }}
								</dd>
							</dl>
						</div>
					</div>
					<xf:if contentcheck="true">
						<hr class="memberHeader-separator" />

						<div class="memberHeader-buttons">
							<xf:contentcheck>
								<xf:macro template="member_macros" name="member_action_buttons"
									arg-user="{$user}"
									arg-context="profile" />
							</xf:contentcheck>
						</div>
					</xf:if>
				</div>
			</div>
		</div>
		<h2 class="block-tabHeader block-tabHeader--memberTabs tabs hScroller"
			data-xf-init="tabs h-scroller"
			data-panes=".js-memberTabPanes"
			data-state="replace"
			role="tablist">
			<span class="hScroller-scroll">
				<xf:if is="$user.is_banned == 1">
					<a href="{{ link('moderatorpanel/user/current-ban', $user) }}"
					   class="tabs-tab is-active"
					   id="current-ban"
					   role="tab">{{ phrase('andrew_moderatorpanel_current_ban') }}</a>				
				</xf:if>
				<xf:if is="$xf.visitor.canViewWarnedUsers()">
					<a href="{{ link('moderatorpanel/user/warnings', $user) }}"
					   class="tabs-tab"
					   id="warnings"
					   role="tab">{{ phrase('warnings') }}</a>
				</xf:if>
				<xf:if is="$xf.visitor.canViewReportedUsers()">
					<a href="{{ link('moderatorpanel/user/reports', $user) }}"
					   class="tabs-tab"
					   id="reports"
					   role="tab">{{ phrase('reports') }}</a>
				</xf:if>
				<xf:if is="$xf.visitor.canViewThreadBan()">
					<a href="{{ link('moderatorpanel/user/thread-bans', $user) }}"
					   rel="nofollow"
					   class="tabs-tab"
					   id="thread-bans"
					   role="tab">{{ phrase('andrew_moderatorpanel_thread_bans') }}</a>				
				</xf:if>"
				<xf:if is="$xf.visitor.canViewIgnoredUsers()">
					<a href="{{ link('moderatorpanel/user/ignored-by', $user) }}"
					   rel="nofollow"
					   class="tabs-tab"
					   id="ignored-by"
					   role="tab">{{ phrase('andrew_moderatorpanel_ignored_by') }}</a>
				</xf:if>
				<xf:if is="$xf.visitor.canViewIPAddresses()">
					<a href="{{ link('moderatorpanel/user/ip-addresses', $user) }}"
						rel="nofollow"
						class="tabs-tab"
						id="ip_addresses"
						role="tab">{{ phrase('ip_addresses') }}</a>
				</xf:if>
				<xf:if is="$xf.options.svSignupLogsOnProfileTab && $user.hasOption('svMultiAccountLogEvent') && $xf.visitor.canViewMultiAccountReport() && $user.HasMultiAccounts">
					<xf:include template="svSignupBlocking_member_view_tabs" />
				</xf:if>
				<xf:if is="$xf.visitor.canViewUserNotes()">
					<a href="{{ link('moderatorpanel/user/user-notes', $user) }}"
						rel="nofollow"
						class="tabs-tab"
						id="user_notes"
						role="tab">{{ phrase('andrew_moderatorpanel_notes') }}</a>
				</xf:if>
				<xf:if is="$xf.visitor.canViewChangeLog()">
					<a href="{{ link('moderatorpanel/user/change-log', $user) }}"
						class="tabs-tab"
						id="change-log"
						role="tab">{{ phrase('change_log') }}</a>
				</xf:if>
			</span>
		</h2>
	</div>
</div>
<ul class="tabPanes js-memberTabPanes">
<xf:js src="xf/inline_mod.js" min="1" />
	<xf:if is="$user.is_banned == 1">
		<li data-href="{{ link('moderatorpanel/user/current-ban', $user) }}" role="tabpanel" aria-labelledby="current-ban">
			<div class="blockMessage">{{ phrase('loading...') }}</div>
		</li>
	</xf:if>
	<xf:if is="$xf.visitor.canViewWarnedUsers()">
		<li data-href="{{ link('moderatorpanel/user/warnings', $user) }}" role="tabpanel" aria-labelledby="warnings">
			<div class="blockMessage">{{ phrase('loading...') }}</div>
		</li>
	</xf:if>
	<xf:if is="$xf.visitor.canViewReportedUsers()">
		<li data-href="{{ link('moderatorpanel/user/reports', $user) }}" role="tabpanel" aria-labelledby="reports">
			<div class="blockMessage">{{ phrase('loading...') }}</div>
		</li>
	</xf:if>
	<xf:if is="$xf.visitor.canViewThreadBan()">
		<li data-href="{{ link('moderatorpanel/user/thread-bans', $user) }}" role="tabpanel" aria-labelledby="thread-bans">
			<div class="blockMessage">{{ phrase('loading...') }}</div>
		</li>
	</xf:if>
	<xf:if is="$xf.visitor.canViewIgnoredUsers()">
		<li data-href="{{ link('moderatorpanel/user/ignored-by', $user) }}" role="tabpanel" aria-labelledby="ignored-by">
			<div class="blockMessage">{{ phrase('loading...') }}</div>
		</li>
	</xf:if>
	<xf:if is="$xf.visitor.canViewIPAddresses()">
		<li data-href="{{ link('moderatorpanel/user/ip-addresses', $user) }}" role="tabpanel" aria-labelledby="ip-addresses">
			<div class="blockMessage">{{ phrase('loading...') }}</div>
		</li>
	</xf:if>
	<xf:if is="$xf.options.svSignupLogsOnProfileTab && $user.hasOption('svMultiAccountLogEvent') && $xf.visitor.canViewMultiAccountReport() && $user.HasMultiAccounts">
		<xf:include template="svSignupBlocking_member_view_tab_panes" />
	</xf:if>
	<xf:if is="$xf.visitor.canViewUserNotes()">
		<li data-href="{{ link('moderatorpanel/user/user-notes', $user) }}" role="tabpanel" aria-labelledby="user-notes">
			<div class="blockMessage">{{ phrase('loading...') }}</div>
		</li>
	</xf:if>
	<xf:if is="$xf.visitor.canViewChangeLog()">
		<li data-href="{{ link('moderatorpanel/user/change-log', $user) }}" role="tabpanel" aria-labelledby="change-log">
			<div class="blockMessage">{{ phrase('loading...') }}</div>
		</li>
	</xf:if>
</ul>]]></template>
  <template type="public" title="andrew_moderatorpanel_user_warning_list" version_id="1" version_string="1.0.0 Alpha"><![CDATA[<xf:title>{{ phrase('andrew_moderatorpanel_warnings') }}</xf:title>

<xf:head option="metaNoindex"><meta name="robots" content="noindex" /></xf:head>
<xf:if is="$warnings is not empty">
	<div class="block">
		<div class="block-container">
			<div class="block-body">
				<div class="dataList " data-xf-init="responsive-data-list">
					<table class="dataList-table">
						<tbody>
							<tr class="dataList-row dataList-row--header dataList-row--noHover" rowtype="header">
								<th class="dataList-cell">{{ phrase('warning') }}</th>
								<th class="dataList-cell">{{ phrase('date') }}</th>
								<th class="dataList-cell">{{ phrase('points') }}</th>
								<th class="dataList-cell">{{ phrase('expiry') }}</th>
								<th class="dataList-cell">{{ phrase('given_by') }}</th>
							</tr>
							<xf:foreach loop="$warnings" value="$warning">
							<tr class="dataList-row">
								<td class="dataList-cell dataList-cell--link">
									<a href="{{ link('warnings', $warning) }}" data-xf-click="overlay">{$warning.title}</a>
								</td>
								<td class="dataList-cell">
									<xf:date time="$warning.warning_date" />
								</td>
								<td class="dataList-cell">
									{$warning.points}
								</td>
								<td class="dataList-cell">
									<xf:date time="$warning.expiry_date" />
								</td>
								<td class="dataList-cell">
									<xf:username user="$warning.WarnedBy" rich="true" defaultname="{$fallbackName}" itemprop="name" />
								</td>
							</tr>
							</xf:foreach>
						</tbody>
					</table>
				</div>
			</div>
			<div class="block-footer">
				<ul class="listInline listInline--bullet">
					<li>{{ phrase('warning_points:') }} {$user.warning_points|number}</li>
					<li>{{ phrase('total_warnings:') }} {{ count($warnings)|number }}</li>
				</ul>
			</div>
		</div>
	</div>
<xf:else />
	<div class="blockMessage">
		{{ phrase('andrew_moderatorpanel_user_has_no_warnings') }}
	</div>
</xf:if>]]></template>
  <template type="public" title="andrew_moderatorpanel_view" version_id="1030270" version_string="1.3.2"><![CDATA[<xf:title>{{ phrase('andrew_moderatorpanel_moderator_panel') }}</xf:title>
<xf:css src="andrew_moderatorpanel.less" />

<xf:macro template="andrew_moderatorpanel_macros" name="andrew_moderatorpanel_sidenav" arg-pageSelected="moderatorpanel" arg-log="!" />

<xf:if is="$positionOne == 1">
	<xf:macro template="andrew_moderatorpanel_dashboard_macros" name="andrew_moderatorpanel_stats_blocks" arg-counts="{$counts}" arg-reportCount="{$reportCount}" />
</xf:if>
<xf:if is="$positionOne == 2">
	<xf:macro template="andrew_moderatorpanel_dashboard_macros" name="andrew_moderatorpanel_stats_graphs" arg-stats="{$stats}" />
</xf:if>
<xf:if is="$positionOne == 3">
	<xf:macro template="andrew_moderatorpanel_dashboard_macros" name="andrew_moderatorpanel_bannedusers" arg-bannedusers="{$bannedusers}" />
</xf:if>
<xf:if is="$positionOne == 4">
	<xf:macro template="andrew_moderatorpanel_dashboard_macros" name="andrew_moderatorpanel_recentwarns" arg-warnings="{$warnings}" />
</xf:if>
<xf:if is="$positionOne == 5">
	<xf:macro template="andrew_moderatorpanel_dashboard_macros" name="andrew_moderatorpanel_recentnotes" arg-user_notes="{$user_notes}" />
</xf:if>

<xf:if is="$positionTwo == 1">
	<xf:macro template="andrew_moderatorpanel_dashboard_macros" name="andrew_moderatorpanel_stats_blocks" arg-counts="{$counts}" arg-reportCount="{$reportCount}" />
</xf:if>
<xf:if is="$positionTwo == 2">
	<xf:macro template="andrew_moderatorpanel_dashboard_macros" name="andrew_moderatorpanel_stats_graphs" arg-stats="{$stats}" />
</xf:if>
<xf:if is="$positionTwo == 3">
	<xf:macro template="andrew_moderatorpanel_dashboard_macros" name="andrew_moderatorpanel_bannedusers" arg-bannedusers="{$bannedusers}" />
</xf:if>
<xf:if is="$positionTwo == 4">
	<xf:macro template="andrew_moderatorpanel_dashboard_macros" name="andrew_moderatorpanel_recentwarns" arg-warnings="{$warnings}" />
</xf:if>
<xf:if is="$positionTwo == 5">
	<xf:macro template="andrew_moderatorpanel_dashboard_macros" name="andrew_moderatorpanel_recentnotes" arg-user_notes="{$user_notes}" />
</xf:if>

<xf:if is="$positionThree == 1">
	<xf:macro template="andrew_moderatorpanel_dashboard_macros" name="andrew_moderatorpanel_stats_blocks" arg-counts="{$counts}" arg-reportCount="{$reportCount}" />
</xf:if>
<xf:if is="$positionThree == 2">
	<xf:macro template="andrew_moderatorpanel_dashboard_macros" name="andrew_moderatorpanel_stats_graphs" arg-stats="{$stats}" />
</xf:if>
<xf:if is="$positionThree == 3">
	<xf:macro template="andrew_moderatorpanel_dashboard_macros" name="andrew_moderatorpanel_bannedusers" arg-bannedusers="{$bannedusers}" />
</xf:if>
<xf:if is="$positionThree == 4">
	<xf:macro template="andrew_moderatorpanel_dashboard_macros" name="andrew_moderatorpanel_recentwarns" arg-warnings="{$warnings}" />
</xf:if>
<xf:if is="$positionThree == 5">
	<xf:macro template="andrew_moderatorpanel_dashboard_macros" name="andrew_moderatorpanel_recentnotes" arg-user_notes="{$user_notes}" />
</xf:if>

<xf:if is="$positionFour == 1">
	<xf:macro template="andrew_moderatorpanel_dashboard_macros" name="andrew_moderatorpanel_stats_blocks" arg-counts="{$counts}" arg-reportCount="{$reportCount}" />
</xf:if>
<xf:if is="$positionFour == 2">
	<xf:macro template="andrew_moderatorpanel_dashboard_macros" name="andrew_moderatorpanel_stats_graphs" arg-stats="{$stats}" />
</xf:if>
<xf:if is="$positionFour == 3">
	<xf:macro template="andrew_moderatorpanel_dashboard_macros" name="andrew_moderatorpanel_bannedusers" arg-bannedusers="{$bannedusers}" />
</xf:if>
<xf:if is="$positionFour == 4">
	<xf:macro template="andrew_moderatorpanel_dashboard_macros" name="andrew_moderatorpanel_recentwarns" arg-warnings="{$warnings}" />
</xf:if>
<xf:if is="$positionFour == 5">
	<xf:macro template="andrew_moderatorpanel_dashboard_macros" name="andrew_moderatorpanel_recentnotes" arg-user_notes="{$user_notes}" />
</xf:if>

<xf:if is="$positionFive == 1">
	<xf:macro template="andrew_moderatorpanel_dashboard_macros" name="andrew_moderatorpanel_stats_blocks" arg-counts="{$counts}" arg-reportCount="{$reportCount}" />
</xf:if>
<xf:if is="$positionFive == 2">
	<xf:macro template="andrew_moderatorpanel_dashboard_macros" name="andrew_moderatorpanel_stats_graphs" arg-stats="{$stats}" />
</xf:if>
<xf:if is="$positionFive == 3">
	<xf:macro template="andrew_moderatorpanel_dashboard_macros" name="andrew_moderatorpanel_bannedusers" arg-bannedusers="{$bannedusers}" />
</xf:if>
<xf:if is="$positionFive == 4">
	<xf:macro template="andrew_moderatorpanel_dashboard_macros" name="andrew_moderatorpanel_recentwarns" arg-warnings="{$warnings}" />
</xf:if>
<xf:if is="$positionFive == 5">
	<xf:macro template="andrew_moderatorpanel_dashboard_macros" name="andrew_moderatorpanel_recentnotes" arg-user_notes="{$user_notes}" />
</xf:if>]]></template>
  <template type="public" title="stats.less" version_id="100070" version_string="1.0.0"><![CDATA[.listColumns
{
	&.contentTypes
	{
		margin-bottom: 14px;
	}
}

.ct-chart
{
	svg
	{
		-webkit-backface-visibility: hidden;
	}

	.ct-series-a
	{
		.ct-line,
		.ct-point
		{
			stroke: @xf-paletteColor3;
		}
	}

	.ct-series-b
	{
		.ct-line,
		.ct-point
		{
			stroke: @xf-paletteAccent2;
		}
	}

	.ct-series-c
	{
		.ct-line,
		.ct-point
		{
			stroke: @xf-paletteColor5;
		}
	}

	.ct-series-d
	{
		.ct-line,
		.ct-point
		{
			stroke: @xf-paletteAccent3;
		}
	}

	.ct-grid
	{
		stroke: fade(@xf-textColor, 15%);
	}

	.ct-label
	{
		color: @xf-textColor;
		font-size: @xf-fontSizeSmallest;
	}

	.ct-line
	{
		stroke-width: 2px;
	}

	.ct-point
	{
		stroke-width: 8px;
	}

	.ct-label.ct-horizontal.ct-end
	{
		.m-transform(translateX(-50%));
		text-align: center;
		justify-content: center;
	}
}

.ct-chart--small
{
	.ct-point
	{
		opacity: 0;
	}
}

.ct-legend
{
	.m-listPlain();
	text-align: center;
	font-size: @xf-fontSizeSmaller;

	> li
	{
		display: inline-block;
		position: relative;
        padding-left: 16px;
		margin-right: 2em;

		&:last-child
		{
			margin-right: 0;
		}

		i
		{
			content: '';
			position: absolute;
			left: 0;
			top: 3px;
			width: 12px;
			height: 12px;
			border-radius: @xf-borderRadiusSmall;
			background: transparent;
		}
	}
}]]></template>
</templates>
