<?xml version="1.0" encoding="utf-8"?>
<style title="Discord Theme" description="" user_selectable="1" addon_id="XF" base_version_id="2010872" export_version="2">
  <templates>
    <template title="extra.less" type="public" addon_id="XF" version_id="2010872" version_string="2.1.8 Patch 2"><![CDATA[// Hover buttons 

.button.button--cta:not(.button--splitTrigger):hover, a.button.button--cta:not(.button--splitTrigger):hover, .button.button--primary:not(.button--splitTrigger):hover, .button:not(.button--splitTrigger):hover, a.button:not(.button--splitTrigger):hover, span.button:not(.is-disabled):hover {
	background-color: #43b581;
	color: #fff;
}]]></template>
  </templates>
  <properties>
    <property property_name="avatarBorderRadius" group_name="avatar" title="Avatar border radius" description="Controls the size of the rounded corners on avatars - a sufficiently large value will make avatars circular" property_type="value" value_type="unit" depends_on="" value_group="" display_order="200" addon_id="XF">
      <value>"0%"</value>
    </property>
    <property property_name="blockBorder" group_name="block" title="Block border framework" description="Virtually all blocks have their borders styled with these settings" property_type="css" value_type="" depends_on="" value_group="" display_order="20000" css_components="border,extra" addon_id="XF">
      <value>{
    "border-width": "@xf-borderSize",
    "border-top-color": "#282b30",
    "border-right-color": "#282b30",
    "border-bottom-color": "#282b30",
    "border-left-color": "#282b30"
}</value>
    </property>
    <property property_name="blockFilterBar" group_name="block" title="Block filter bar" description="When the content of a block can be filtered, the controls to do so are styled here" property_type="css" value_type="" depends_on="" value_group="" display_order="20800" css_components="text,background,border,extra" addon_id="XF">
      <value>{
    "font-size": "@xf-fontSizeSmall",
    "color": "@xf-textColor",
    "background-color": "@xf-majorHeadingBg",
    "border-bottom-width": "@xf-borderSize",
    "border-bottom-color": "#282b30",
    "extra": "background: linear-gradient(0deg, @xf-contentHighlightBg, mix(@xf-contentHighlightBg, @xf-contentBg, 50%));"
}</value>
    </property>
    <property property_name="blockFooter" group_name="block" title="Block footer" description="When information needs to be conveyed in a footer element for a block, its style is controlled here" property_type="css" value_type="" depends_on="" value_group="" display_order="21200" css_components="text,background,border,extra" addon_id="XF">
      <value>{
    "font-size": "@xf-fontSizeSmaller",
    "color": "@xf-blockFooterTextColor",
    "background-color": "@xf-blockFooterBg",
    "border-top-width": "@xf-borderSize",
    "border-top-color": "#282b30",
    "extra": "background: linear-gradient(180deg, @xf-blockFooterBg, mix(@xf-blockFooterBg, @xf-contentBg, 50%));"
}</value>
    </property>
    <property property_name="blockHeader" group_name="block" title="Block header" description="Blocks often have title bars at their tops, which are styled here" property_type="css" value_type="" depends_on="" value_group="" display_order="20100" css_components="text,background,border,extra" addon_id="XF">
      <value>{
    "font-size": "@xf-fontSizeLarger",
    "color": "@xf-textColor",
    "background-color": "@xf-majorHeadingBg",
    "border-bottom-width": "@xf-borderSize",
    "border-bottom-color": "#282b30",
    "extra": "background: linear-gradient(0deg, @xf-majorHeadingBg, mix(@xf-majorHeadingBg, @xf-contentBg, 50%));"
}</value>
    </property>
    <property property_name="blockMinorTabHeader" group_name="block" title="Block minor tab header" description="Used for multi-part, tabbed sub-headings" property_type="css" value_type="" depends_on="" value_group="" display_order="20500" css_components="text,background,border,extra" addon_id="XF">
      <value>{
    "font-size": "@xf-fontSizeNormal",
    "color": "@xf-textColorEmphasized",
    "background-color": "@xf-contentBg",
    "border-bottom-width": "@xf-borderSize",
    "border-bottom-color": "#282b30"
}</value>
    </property>
    <property property_name="blockMinorTabHeaderSelected" group_name="block" title="Block minor tab header - selected tab" description="Selected tabs from block sub-headings" property_type="css" value_type="" depends_on="" value_group="" display_order="20600" css_components="text,background,border_color_simple,extra" addon_id="XF">
      <value>{
    "color": "@xf-minorHeadingTextColor",
    "border-color": "#282b30"
}</value>
    </property>
    <property property_name="blockTabHeader" group_name="block" title="Block tab header" description="Occasionally, blocks will have multi-part, tab headers, styled with these settings" property_type="css" value_type="" depends_on="" value_group="" display_order="20200" css_components="text,background,border,extra" addon_id="XF">
      <value>{
    "font-size": "@xf-fontSizeNormal",
    "color": "@xf-blockTabHeaderTextColor",
    "background-color": "@xf-blockTabHeaderBg",
    "border-bottom-width": "@xf-borderSize",
    "border-bottom-color": "#282b30"
}</value>
    </property>
    <property property_name="blockTabHeaderBg" group_name="color" title="Block tab header background color" description="" property_type="value" value_type="color" depends_on="" value_group="blockTabHeader" display_order="6500" addon_id="XF">
      <value>"@xf-pageBg"</value>
    </property>
    <property property_name="blockTabHeaderSelected" group_name="block" title="Block tab header - selected tab" description="The selected tab in multi-part headers takes additional styling from here" property_type="css" value_type="" depends_on="" value_group="" display_order="20300" css_components="text,background,border_color_simple,extra" addon_id="XF">
      <value>{
    "color": "@xf-textColor",
    "background-color": "#1e2124",
    "border-color": "@xf-paletteColor2"
}</value>
    </property>
    <property property_name="borderColor" group_name="color" title="Border color" description="Structural borders around blocks of content generally use this color" property_type="value" value_type="color" depends_on="" value_group="borderBasic" display_order="4000" addon_id="XF">
      <value>"#1e2124"</value>
    </property>
    <property property_name="buttonCta" group_name="button" title="Button - call to action" description="Call to action buttons sit alone and invite the user to do something, like post a new thread" property_type="css" value_type="" depends_on="" value_group="" display_order="20300" css_components="text,background,extra" addon_id="XF">
      <value>{
    "color": "contrast(@xf-buttonCtaBg)",
    "background-color": "#36393f"
}</value>
    </property>
    <property property_name="buttonDefault" group_name="button" title="Button - default" description="Most buttons use this styling, except for primary form submit buttons" property_type="css" value_type="" depends_on="" value_group="" display_order="20100" css_components="text,background,extra" addon_id="XF">
      <value>{
    "color": "@xf-textColor",
    "background-color": "#424549"
}</value>
    </property>
    <property property_name="buttonPrimary" group_name="button" title="Button - primary" description="These rules are used mostly for the main submit button for forms" property_type="css" value_type="" depends_on="" value_group="" display_order="20200" css_components="text,background,extra" addon_id="XF">
      <value>{
    "color": "@xf-textColor",
    "background-color": "#36393f",
    "extra": "min-width: 80px;"
}</value>
    </property>
    <property property_name="contentBg" group_name="color" title="Content background color" description="Most normal content will sit on this background" property_type="value" value_type="color" depends_on="" value_group="contentBackground" display_order="2000" addon_id="XF">
      <value>"#424549"</value>
    </property>
    <property property_name="contentHighlightBase" group_name="content" title="Highlighted content area base" description="If an area of content is selected, for example a row in a table, its normal background will be substituted with this" property_type="css" value_type="" depends_on="" value_group="" display_order="20200" css_components="text,background,extra" addon_id="XF">
      <value>{
    "color": "@xf-textColor",
    "background-color": "@xf-contentAltBg"
}</value>
    </property>
    <property property_name="dataListHeader" group_name="dataList" title="Data list header" description="The title bar of a data list is styled with these settings" property_type="css" value_type="" depends_on="" value_group="" display_order="20000" css_components="text,background,border,extra" addon_id="XF">
      <value>{
    "font-size": "@xf-fontSizeSmaller",
    "color": "@xf-textColor",
    "font-weight": "@xf-fontWeightHeavy",
    "background-color": "fade(@xf-majorHeadingBg, 65%)",
    "border-bottom-width": "@xf-borderSize",
    "border-bottom-color": "@xf-borderColorHeavy",
    "extra": "text-transform: none;"
}</value>
    </property>
    <property property_name="dataListSection" group_name="dataList" title="Data list section header" description="Individual data list sections are divided with this titular header bar" property_type="css" value_type="" depends_on="" value_group="" display_order="20100" css_components="text,background,border,extra" addon_id="XF">
      <value>{
    "font-size": "@xf-fontSizeLarge",
    "color": "@xf-textColor",
    "background-color": "@xf-majorHeadingBg",
    "border-bottom-width": "@xf-borderSize",
    "border-bottom-color": "@xf-borderColorLight"
}</value>
    </property>
    <property property_name="editorToolbarActiveColor" group_name="rte" title="Editor toolbar active color" description="When controls on the editor toolbar are active (such as 'B' when bold text is selected), the control will use this color" property_type="value" value_type="color" depends_on="" value_group="" display_order="300" addon_id="XF">
      <value>"#7289da"</value>
    </property>
    <property property_name="editorToolbarBorderColor" group_name="rte" title="Editor toolbar border color" description="Like popup menus, the editor has an upper border accent, controlled here" property_type="value" value_type="color" depends_on="" value_group="" display_order="200" addon_id="XF">
      <value>"#7289da"</value>
    </property>
    <property property_name="fontWeightLight" group_name="fonts" title="Light font weight" description="" property_type="value" value_type="number" depends_on="" value_group="weight" display_order="2100" addon_id="XF">
      <value_parameters>step=100
min=100
max=900</value_parameters>
      <value>"500"</value>
    </property>
    <property property_name="fontWeightNormal" group_name="fonts" title="Normal font weight" description="" property_type="value" value_type="number" depends_on="" value_group="weight" display_order="2000" addon_id="XF">
      <value_parameters>step=100
min=100
max=900</value_parameters>
      <value>"400"</value>
    </property>
    <property property_name="formLabel" group_name="form" title="Form label column" description="In full-width forms, the left column contains labels for the controls in the right column" property_type="css" value_type="" depends_on="" value_group="" display_order="20100" css_components="text,background,border_color_simple,extra" addon_id="XF">
      <value>{
    "background-color": "@xf-contentAltBg",
    "border-color": "#72767d",
    "extra": "text-align: right;"
}</value>
    </property>
    <property property_name="formSectionHeader" group_name="form" title="Form section header" description="Occasionally, forms are long enough to warrant being divided into sections, with each section headed by an element using these style rules" property_type="css" value_type="" depends_on="" value_group="" display_order="20000" css_components="text,background,border,extra" addon_id="XF">
      <value>{
    "font-size": "@xf-fontSizeLarge",
    "color": "@xf-minorHeadingTextColor",
    "border-top-width": "@xf-borderSize",
    "border-top-color": "#72767d",
    "border-bottom-width": "@xf-borderSize",
    "border-bottom-color": "#72767d"
}</value>
    </property>
    <property property_name="inlineModBar" group_name="inlineMod" title="Inline moderation bar" description="A bar containing controls appears when content is selected for inline moderation. Its appearance is controlled here" property_type="css" value_type="" depends_on="" value_group="" display_order="20000" css_components="text,background,border,padding,extra" addon_id="XF">
      <value>{
    "color": "@xf-textColor",
    "background-color": "@xf-paletteColor5",
    "border-bottom-width": "@xf-borderSize",
    "border-bottom-color": "xf-intensify(@xf-paletteColor5, 10%)",
    "padding-top": "@xf-paddingSmall",
    "padding-bottom": "@xf-paddingSmall"
}</value>
    </property>
    <property property_name="input" group_name="input" title="Form input" description="Controls the style of most text-input boxes" property_type="css" value_type="" depends_on="" value_group="" display_order="20000" css_components="text,background,border,border_radius,padding,extra" addon_id="XF">
      <value>{
    "font-size": "@xf-fontSizeNormal",
    "color": "@xf-inputTextColor",
    "background-color": "@xf-inputBgColor",
    "border-width": "@xf-borderSize",
    "border-radius": "@xf-borderRadiusMedium",
    "border-top-color": "#282b30",
    "border-right-color": "#282b30",
    "border-bottom-color": "#282b30",
    "border-left-color": "#282b30",
    "padding": "@xf-paddingMedium"
}</value>
    </property>
    <property property_name="inputDisabled" group_name="input" title="Form input - disabled" description="When text boxes are disabled, these rules are applied" property_type="css" value_type="" depends_on="" value_group="" display_order="20200" css_components="text,background,border,extra" addon_id="XF">
      <value>{
    "color": "@xf-textColor",
    "background-color": "#424549"
}</value>
    </property>
    <property property_name="inputFocus" group_name="input" title="Form input - focused" description="These rules are applied to text boxes when they are selected for input" property_type="css" value_type="" depends_on="" value_group="" display_order="20100" css_components="text,background,extra" addon_id="XF">
      <value>{
    "color": "@xf-textColor",
    "background-color": "@xf-contentAltBg"
}</value>
    </property>
    <property property_name="linkColor" group_name="color" title="Link color" description="Basic hyperlinks on standard background colors will use this style" property_type="value" value_type="color" depends_on="" value_group="links" display_order="1000" addon_id="XF">
      <value>"#00b0f4"</value>
    </property>
    <property property_name="linkHoverColor" group_name="color" title="Link hover color" description="Basic hyperlinks will turn this color when hovered" property_type="value" value_type="color" depends_on="" value_group="links" display_order="1100" addon_id="XF">
      <value>"#00b0f4"</value>
    </property>
    <property property_name="memberHeader" group_name="member" title="Member profile header" description="The member profile page's content header is styled with these settings" property_type="css" value_type="" depends_on="" value_group="" display_order="20000" css_components="text,background,border,extra" addon_id="XF">
      <value>{
    "background-color": "#424549",
    "border-bottom-width": "@xf-borderSize",
    "border-bottom-color": "#72767d",
    "extra": "border-radius: @block-borderRadius-inner @block-borderRadius-inner 0 0;"
}</value>
    </property>
    <property property_name="memberHeaderName" group_name="member" title="Member profile header - name" description="The styling of the name of the member whose page is being viewed is controlled here" property_type="css" value_type="" depends_on="" value_group="" display_order="20100" css_components="text,extra" addon_id="XF">
      <value>{
    "font-size": "@xf-fontSizeLargest",
    "color": "@xf-textColor"
}</value>
    </property>
    <property property_name="memberTooltipHeader" group_name="member" title="Member tooltip header" description="The member tooltip, which appears when hovering over user names, is styled with these controls" property_type="css" value_type="" depends_on="" value_group="" display_order="20200" css_components="text,background,border,extra" addon_id="XF">
      <value>{
    "background-color": "#424549",
    "border-bottom-width": "@xf-borderSize",
    "border-bottom-color": "#72767d"
}</value>
    </property>
    <property property_name="memberTooltipName" group_name="member" title="Member tooltip header - name" description="Styling for the name of the user whose tooltip is being displayed" property_type="css" value_type="" depends_on="" value_group="" display_order="20300" css_components="text,extra" addon_id="XF">
      <value>{
    "font-size": "@xf-fontSizeLargest",
    "color": "@xf-textColor"
}</value>
    </property>
    <property property_name="menuFeatureBorderColor" group_name="menu" title="Menu feature border color" description="Popup menus have a thick feature border on their upper edge, the styling of which is controlled here" property_type="value" value_type="color" depends_on="" value_group="" display_order="100" addon_id="XF">
      <value>"#7289da"</value>
    </property>
    <property property_name="menuFooter" group_name="menu" title="Menu footer" description="When a popup menu has a bottom, footer element, it will use these settings" property_type="css" value_type="" depends_on="" value_group="" display_order="20600" css_components="text,background,border,extra" addon_id="XF">
      <value>{
    "font-size": "@xf-fontSizeSmaller",
    "color": "@xf-blockFooterTextColor",
    "background-color": "#202225",
    "border-top-width": "@xf-borderSize",
    "border-top-color": "@xf-borderColorLight",
    "extra": "background: linear-gradient(180deg, #202225, mix(#202225, #202225, 50%));"
}</value>
    </property>
    <property property_name="menuHeader" group_name="menu" title="Menu header" description="Most menus identify themselves with a header just underneath their top border" property_type="css" value_type="" depends_on="" value_group="" display_order="20100" css_components="text,background,border,extra" addon_id="XF">
      <value>{
    "font-size": "@xf-fontSizeLarge",
    "color": "@xf-textColor",
    "background-color": "@xf-majorHeadingBg",
    "border-bottom-width": "@xf-borderSize",
    "border-bottom-color": "@xf-borderColorLight",
    "extra": "background: linear-gradient(0deg, @xf-contentHighlightBg, mix(@xf-contentHighlightBg, @xf-contentBg, 50%));"
}</value>
    </property>
    <property property_name="menuLinkRowSelected" group_name="menu" title="Menu link row - selected" description="Styling for link rows in menus, when selected or hovered" property_type="css" value_type="" depends_on="" value_group="" display_order="20500" css_components="text,background,extra" addon_id="XF">
      <value>{
    "color": "@xf-textColor",
    "text-decoration": "none",
    "background-color": "#7289da"
}</value>
    </property>
    <property property_name="menuTabHeader" group_name="menu" title="Menu tab header" description="Multi-part, tabbed menu headers use these settings" property_type="css" value_type="" depends_on="" value_group="" display_order="20200" css_components="text,background,border,extra" addon_id="XF">
      <value>{
    "font-size": "@xf-fontSizeNormal",
    "color": "@xf-textColor",
    "background-color": "@xf-majorHeadingBg",
    "border-bottom-width": "@xf-borderSize",
    "border-bottom-color": "@xf-borderColorLight",
    "extra": "background: linear-gradient(0deg, @xf-contentHighlightBg, mix(@xf-contentHighlightBg, @xf-contentBg, 50%));"
}</value>
    </property>
    <property property_name="messageNewIndicator" group_name="message" title="New message indicator" description="Usually a small token attached to the message block, the indicator that a message is new/unread is controlled here" property_type="css" value_type="" depends_on="" value_group="" display_order="20100" css_components="text,background,border,border_radius,padding,extra" addon_id="XF">
      <value>{
    "font-size": "90%",
    "color": "contrast(@xf-paletteAccent2)",
    "background-color": "@xf-errorFeatureColor",
    "border-radius": "@xf-borderRadiusSmall",
    "padding-top": "1px",
    "padding-right": "4px",
    "padding-bottom": "1px",
    "padding-left": "4px"
}</value>
    </property>
    <property property_name="messageSignature" group_name="message" title="Message signature" description="Any rules used to apply styling to users' signatures in their messages are defined here" property_type="css" value_type="" depends_on="" value_group="" display_order="20200" css_components="text,background,border,padding,extra" addon_id="XF">
      <value>{
    "font-size": "@xf-fontSizeSmaller",
    "color": "@xf-textColorMuted",
    "border-top-width": "@xf-borderSize",
    "border-top-color": "#72767d",
    "padding-top": "3px"
}</value>
    </property>
    <property property_name="messageUserBlock" group_name="message" title="Message user info block" description="Apart from its width, the (left) message user info column is styled here" property_type="css" value_type="" depends_on="" value_group="" display_order="20000" css_components="text,background,border_width_simple,border_color_simple,extra" addon_id="XF">
      <value>{
    "background-color": "@xf-contentAltBg",
    "border-width": "@xf-borderSize",
    "border-color": "#72767d"
}</value>
    </property>
    <property property_name="messageUserElements" group_name="message" title="Message user info elements" description="The elements selected here will be displayed in the message user info block. It will not be displayed below the single column width." property_type="value" value_type="template" depends_on="" value_group="user" display_order="600" addon_id="XF">
      <value_parameters>template=style_property_template_messageUserElements
type=array</value_parameters>
      <value>{
    "message_count": "1",
    "reaction_score": "1",
    "trophy_points": "1"
}</value>
    </property>
    <property property_name="minorBlockContent" group_name="block" title="Minor internal block content" description="Content within blocks that is of less importance than the main content may be styled here" property_type="css" value_type="" depends_on="" value_group="" display_order="21100" css_components="text,background,border_width_simple,border_color_simple,extra" addon_id="XF">
      <value>{
    "background-color": "@xf-contentAltBg",
    "border-width": "@xf-borderSize",
    "border-color": "#282b30"
}</value>
    </property>
    <property property_name="minorHeadingTextColor" group_name="color" title="Minor heading text color" description="" property_type="value" value_type="color" depends_on="" value_group="heading" display_order="6400" addon_id="XF">
      <value>"rgb(200, 200, 200)"</value>
    </property>
    <property property_name="nodeIconUnreadColor" group_name="nodeList" title="Unread node icon color" description="Node icons give an at-a-glance indication of whether or not the content housed within the node has been read. The unread icon color should stand out from its background for quick identification" property_type="value" value_type="color" depends_on="" value_group="" display_order="100" addon_id="XF">
      <value>"#7289da"</value>
    </property>
    <property property_name="nodeListSubDisplay" group_name="nodeList" title="Sub-forums display style" description="Choose the style in which sub-forums will be displayed within a particular node element, according to the amount of space you want them to occupy" property_type="value" value_type="radio" depends_on="" value_group="" display_order="300" addon_id="XF">
      <value_parameters>menu={{ phrase('popup_menu') }}
flat={{ phrase('listed_below_node') }}
none={{ phrase('none') }}</value_parameters>
      <value>"flat"</value>
    </property>
    <property property_name="overlayHeader" group_name="overlay" title="Overlay header" description="Overlays use a header element to identify their contents, styled here" property_type="css" value_type="" depends_on="" value_group="" display_order="20000" css_components="text,background,border,padding,extra" addon_id="XF">
      <value>{
    "font-size": "@xf-fontSizeLargest",
    "color": "@xf-textColor",
    "background-color": "@xf-majorHeadingBg",
    "border-bottom-width": "@xf-borderSize",
    "border-bottom-color": "@xf-borderColorLight",
    "padding-top": "@xf-paddingMedium",
    "padding-right": "@xf-paddingLarge",
    "padding-bottom": "@xf-paddingMedium",
    "padding-left": "@xf-paddingLarge",
    "extra": "background: linear-gradient(0deg, @xf-majorHeadingBg, mix(@xf-majorHeadingBg, @xf-contentBg, 50%));"
}</value>
    </property>
    <property property_name="pageBackground" group_name="page" title="Page background" description="The page background, behind all block elements, uses the styling rules defined here" property_type="css" value_type="" depends_on="" value_group="" display_order="20200" css_components="background,extra" addon_id="XF">
      <value>{
    "background-color": "#36393e"
}</value>
    </property>
    <property property_name="paletteColor1" group_name="palette" title="Color 1" description="" property_type="value" value_type="color" depends_on="" value_group="primary" display_order="1000" addon_id="XF">
      <value_parameters>hidePalette=true</value_parameters>
      <value>"#2C2F33"</value>
    </property>
    <property property_name="paletteColor4" group_name="palette" title="Color 4" description="" property_type="value" value_type="color" depends_on="" value_group="primary" display_order="1300" addon_id="XF">
      <value_parameters>hidePalette=true</value_parameters>
      <value>"#99AAB5"</value>
    </property>
    <property property_name="paletteColor5" group_name="palette" title="Color 5" description="" property_type="value" value_type="color" depends_on="" value_group="primary" display_order="1400" addon_id="XF">
      <value_parameters>hidePalette=true</value_parameters>
      <value>"#23272A"</value>
    </property>
    <property property_name="publicFooter" group_name="footer" title="Footer" description="The footer is the primary element that sits below the main content on all public pages" property_type="css" value_type="" depends_on="" value_group="" display_order="20000" css_components="text,background,border,extra" addon_id="XF">
      <value>{
    "font-size": "@xf-fontSizeSmall",
    "color": "@xf-textColor",
    "background-color": "#18191c"
}</value>
    </property>
    <property property_name="publicFooterLink" group_name="footer" title="Footer links" description="Controls styling for individual links within the footer" property_type="css" value_type="" depends_on="" value_group="" display_order="20100" css_components="text,extra" addon_id="XF">
      <value>{
    "color": "@xf-textColor"
}</value>
    </property>
    <property property_name="publicHeader" group_name="headerNav" title="Header/logo row" description="The header row contains your logo and sits at the top of every public page" property_type="css" value_type="" depends_on="" value_group="" display_order="20000" css_components="text,background,extra" addon_id="XF">
      <value>{
    "color": "@xf-textColor",
    "background-color": "#202225"
}</value>
    </property>
    <property property_name="publicHeaderAdjustColor" group_name="headerNav" title="Header adjustment color" description="The color of the header background is adjusted to be used as the background for the inbox and alerts area in the header" property_type="value" value_type="color" depends_on="" value_group="header" display_order="100" addon_id="XF">
      <value>"#202225"</value>
    </property>
    <property property_name="publicNav" group_name="headerNav" title="Navigation row" description="The navigation row sits below the header and contains the primary site navigation tabs and menus" property_type="css" value_type="" depends_on="" value_group="" display_order="20100" css_components="text,background,extra" addon_id="XF">
      <value>{
    "color": "@xf-textColor",
    "background-color": "#202225"
}</value>
    </property>
    <property property_name="publicNavSelected" group_name="headerNav" title="Navigation row - selected tab" description="Additional styling to apply to navigation tabs when they are selected" property_type="css" value_type="" depends_on="" value_group="" display_order="20300" css_components="text,background,border,border_radius,extra" addon_id="XF">
      <value>{
    "color": "@xf-textColor",
    "font-weight": "@xf-fontWeightHeavy",
    "background-color": "#313336",
    "border-top-left-radius": "@xf-borderRadiusSmall",
    "border-top-right-radius": "@xf-borderRadiusSmall"
}</value>
    </property>
    <property property_name="publicNavSticky" group_name="headerNav" title="Sticky navigation element" description="If you intend for some or all of your header to stick to the top of the page when it is scrolled, choose which elements should stick" property_type="value" value_type="radio" depends_on="" value_group="navigation" display_order="1200" addon_id="XF">
      <value_parameters>primary={{ phrase('primary_navigation_row_only') }}
all={{ phrase('primary_and_sub_navigation_rows') }}
none={{ phrase('none') }}</value_parameters>
      <value>"none"</value>
    </property>
    <property property_name="publicNavTab" group_name="headerNav" title="Navigation row - tab" description="Controls the styling of individual tab elements within the navigation row" property_type="css" value_type="" depends_on="" value_group="" display_order="20200" css_components="text,background,extra" addon_id="XF">
      <value>{
    "color": "@xf-textColor",
    "text-decoration": "none"
}</value>
    </property>
    <property property_name="publicNavTabMenuOpen" group_name="headerNav" title="Navigation row - menu open" description="Styling applied when the popup menu for the current tab is visible" property_type="css" value_type="" depends_on="" value_group="" display_order="20450" css_components="text,background,extra" addon_id="XF">
      <value>{
    "color": "@xf-textColor",
    "text-decoration": "none",
    "background-color": "#7289da"
}</value>
    </property>
    <property property_name="publicStaffBar" group_name="headerNav" title="Staff tools bar" description="Visible only to staff, the staff tools bar sits above the header and contains items such as reported content, the moderation queue..." property_type="css" value_type="" depends_on="" value_group="" display_order="20700" css_components="text,background,border,extra" addon_id="XF">
      <value>{
    "font-size": "@xf-fontSizeSmall",
    "color": "@xf-textColor",
    "background-color": "#18191c",
    "border-bottom-width": "@xf-borderSize",
    "border-bottom-color": "xf-intensify(@xf-publicStaffBar--background-color, 4%)"
}</value>
    </property>
    <property property_name="publicSubNav" group_name="headerNav" title="Sub-navigation row" description="Below the main navigation row, this row shows content associated with the selected main navigation tab" property_type="css" value_type="" depends_on="" value_group="" display_order="20500" css_components="text,background,border,extra" addon_id="XF">
      <value>{
    "font-size": "@xf-fontSizeSmall",
    "color": "@xf-textColor",
    "background-color": "#313336",
    "border-bottom-width": "@xf-borderSize",
    "border-bottom-color": "@xf-borderColorHeavy"
}</value>
    </property>
    <property property_name="publicSubNavElHover" group_name="headerNav" title="Sub-navigation row - hovered element" description="Additional styling applied to sub-navigation tabs when the pointer hovers over them" property_type="css" value_type="" depends_on="" value_group="" display_order="20600" css_components="text,extra" addon_id="XF">
      <value>{
    "color": "@xf-textColor"
}</value>
    </property>
    <property property_name="publicSubNavElMenuOpen" group_name="headerNav" title="Sub-navigation row - menu-open element" description="Styles sub-navigation elements whose popup menu is currently open" property_type="css" value_type="" depends_on="" value_group="" display_order="20650" css_components="text,background,extra" addon_id="XF">
      <value>{
    "color": "@xf-textColor",
    "text-decoration": "none",
    "background-color": "#7289da"
}</value>
    </property>
    <property property_name="standaloneTab" group_name="tab" title="Standalone tabs" description="Tabs that are not part of block headers are styled here" property_type="css" value_type="" depends_on="" value_group="" display_order="20000" css_components="text,background,extra" addon_id="XF">
      <value>{
    "font-size": "@xf-fontSizeNormal",
    "color": "@xf-textColor",
    "background-color": "@xf-contentBg"
}</value>
    </property>
    <property property_name="standaloneTabSelected" group_name="tab" title="Standalone tabs - selected tab" description="The selected tab in groups that are not part of block headers" property_type="css" value_type="" depends_on="" value_group="" display_order="20100" css_components="text,background,border_color_simple,extra" addon_id="XF">
      <value>{
    "color": "@xf-textColor",
    "font-weight": "@xf-fontWeightHeavy",
    "border-color": "#7289da"
}</value>
    </property>
    <property property_name="textColor" group_name="color" title="Text color" description="Unless otherwise specified, text will be this color" property_type="value" value_type="color" depends_on="" value_group="textBasic" display_order="100" addon_id="XF">
      <value>"#dcddde"</value>
    </property>
    <property property_name="textColorAttention" group_name="color" title="Attention-grabbing text color" description="" property_type="value" value_type="color" depends_on="" value_group="textOther" display_order="3300" addon_id="XF">
      <value>"#7289DA"</value>
    </property>
    <property property_name="textColorFeature" group_name="color" title="Feature text color" description="" property_type="value" value_type="color" depends_on="" value_group="textOther" display_order="3000" addon_id="XF">
      <value>"#7289DA"</value>
    </property>
    <property property_name="tooltip" group_name="tooltip" title="Tooltip" description="Certain elements have special floating tooltips, which are controlled here" property_type="css" value_type="" depends_on="" value_group="" display_order="20000" css_components="text,background,border_radius,padding,extra" addon_id="XF">
      <value>{
    "font-size": "@xf-fontSizeSmaller",
    "color": "@xf-textColorDimmed",
    "font-weight": "@xf-fontWeightHeavy",
    "background-color": "#000",
    "border-radius": "@xf-borderRadiusMedium",
    "padding-top": "5px",
    "padding-right": "5px",
    "padding-bottom": "5px",
    "padding-left": "5px"
}</value>
    </property>
  </properties>
</style>
