<?xml version="1.0" encoding="utf-8"?>
<style title="Omni - Legend" description="" user_selectable="1" base_version_id="2010872" export_version="2">
  <templates/>
  <properties>
    <property property_name="buttonCta" group_name="button" title="Button - call to action" description="Call to action buttons sit alone and invite the user to do something, like post a new thread" property_type="css" value_type="" depends_on="" value_group="" display_order="20300" css_components="text,background,extra" addon_id="XF">
      <value>{
    "color": "contrast(@xf-buttonCtaBg)",
    "background-color": "@xf-buttonCtaBg",
    "background-image": "@xf-xbStyleFolder/xenforo/sources/mainbg.png",
    "extra": "box-shadow: inset 0px 0px 30px 0px rgba(0,0,0,0.75);\ntext-shadow: 1px 1px 1px #000000;\nborder: 1px solid @xf-paletteAccent2;\nbackground-repeat: repeat-x;\nbackground-position: center center;"
}</value>
    </property>
    <property property_name="buttonDefault" group_name="button" title="Button - default" description="Most buttons use this styling, except for primary form submit buttons" property_type="css" value_type="" depends_on="" value_group="" display_order="20100" css_components="text,background,extra" addon_id="XF">
      <value>{
    "color": "@xf-buttonTextColor",
    "background-color": "@xf-buttonBg",
    "background-image": "@xf-xbStyleFolder/xenforo/sources/mainbg.png",
    "extra": "box-shadow: inset 0px 0px 30px 0px rgba(0,0,0,0.75);\ntext-shadow: 1px 1px 1px #000000;\nborder: 1px solid @xf-paletteAccent2;\nbackground-repeat: repeat-x;\nbackground-position: center center;"
}</value>
    </property>
    <property property_name="buttonPrimary" group_name="button" title="Button - primary" description="These rules are used mostly for the main submit button for forms" property_type="css" value_type="" depends_on="" value_group="" display_order="20200" css_components="text,background,extra" addon_id="XF">
      <value>{
    "color": "contrast(@xf-buttonPrimaryBg)",
    "background-color": "@xf-buttonPrimaryBg",
    "background-image": "@xf-xbStyleFolder/xenforo/sources/mainbg.png",
    "extra": "min-width: 80px;\nbox-shadow: inset 0px 0px 30px 0px rgba(0,0,0,0.75);\ntext-shadow: 1px 1px 1px #000000;\nborder: 1px solid @xf-paletteAccent2;\nbackground-repeat: repeat-x;\nbackground-position: center center;"
}</value>
    </property>
    <property property_name="omniBackgroundImage" group_name="omni" title="Background Image" description="Sets a background image for the page. To use your own custom image, set this property to &quot;None&quot; and define your image in the &quot;Custom background&quot; property below" property_type="value" value_type="select" depends_on="" value_group="" display_order="10" addon_id="">
      <value_parameters>codww2=Call of Duty: World War II
dirt=Dirt
mc=Minecraft
pubg=PlayerUnknown's Battlegrounds
wow=World of Warcraft
gtav=Grand Theft Auto V
titanfall=Titanfall
watchdogs=Watch Dogs 2
none=None</value_parameters>
      <value>"mc"</value>
    </property>
    <property property_name="paletteAccent1" group_name="palette" title="Accent 1" description="" property_type="value" value_type="color" depends_on="" value_group="accent" display_order="2000" addon_id="XF">
      <value_parameters>hidePalette=true</value_parameters>
      <value>"#1e436d"</value>
    </property>
    <property property_name="paletteAccent2" group_name="palette" title="Accent 2" description="" property_type="value" value_type="color" depends_on="" value_group="accent" display_order="2100" addon_id="XF">
      <value_parameters>hidePalette=true</value_parameters>
      <value>"#0c9657"</value>
    </property>
    <property property_name="paletteColor1" group_name="palette" title="Color 1" description="" property_type="value" value_type="color" depends_on="" value_group="primary" display_order="1000" addon_id="XF">
      <value_parameters>hidePalette=true</value_parameters>
      <value>"#091625"</value>
    </property>
    <property property_name="paletteColor2" group_name="palette" title="Color 2" description="" property_type="value" value_type="color" depends_on="" value_group="primary" display_order="1100" addon_id="XF">
      <value_parameters>hidePalette=true</value_parameters>
      <value>"#152e4c"</value>
    </property>
    <property property_name="paletteColor3" group_name="palette" title="Color 3" description="" property_type="value" value_type="color" depends_on="" value_group="primary" display_order="1200" addon_id="XF">
      <value_parameters>hidePalette=true</value_parameters>
      <value>"#091625"</value>
    </property>
    <property property_name="paletteColor4" group_name="palette" title="Color 4" description="" property_type="value" value_type="color" depends_on="" value_group="primary" display_order="1300" addon_id="XF">
      <value_parameters>hidePalette=true</value_parameters>
      <value>"#07121f"</value>
    </property>
    <property property_name="paletteColor5" group_name="palette" title="Color 5" description="" property_type="value" value_type="color" depends_on="" value_group="primary" display_order="1400" addon_id="XF">
      <value_parameters>hidePalette=true</value_parameters>
      <value>"#07121f"</value>
    </property>
    <property property_name="paletteNeutral1" group_name="palette" title="Neutral 1" description="" property_type="value" value_type="color" depends_on="" value_group="neutral" display_order="3000" addon_id="XF">
      <value_parameters>hidePalette=true</value_parameters>
      <value>"#133358"</value>
    </property>
    <property property_name="paletteNeutral2" group_name="palette" title="Neutral 2" description="" property_type="value" value_type="color" depends_on="" value_group="neutral" display_order="3100" addon_id="XF">
      <value_parameters>hidePalette=true</value_parameters>
      <value>"#133358"</value>
    </property>
    <property property_name="paletteNeutral3" group_name="palette" title="Neutral 3" description="" property_type="value" value_type="color" depends_on="" value_group="neutral" display_order="3200" addon_id="XF">
      <value_parameters>hidePalette=true</value_parameters>
      <value>"#7493b5"</value>
    </property>
    <property property_name="publicNavSelected" group_name="headerNav" title="Navigation row - selected tab" description="Additional styling to apply to navigation tabs when they are selected" property_type="css" value_type="" depends_on="" value_group="" display_order="20300" css_components="text,background,border,border_radius,extra" addon_id="XF">
      <value>{
    "color": "#FFF",
    "font-weight": "@xf-fontWeightHeavy",
    "background-color": "@xf-paletteAccent2",
    "background-image": "@xf-xbStyleFolder/xenforo/sources/mainbg.png",
    "border-top-left-radius": "@xf-borderRadiusSmall",
    "border-top-right-radius": "@xf-borderRadiusSmall",
    "extra": "box-shadow: inset 0px 0px 30px 0px rgba(0,0,0,0.75);\ntext-shadow: 1px 1px 1px #000000;\nborder: 1px solid @xf-paletteAccent2;\nbackground-repeat: repeat-x;\nbackground-position: center center;"
}</value>
    </property>
  </properties>
</style>
