{
    "src/addons/XENTR/ReputationSystem/addon.json": "db2022b509966a9cb75bfe79058a9d6299f3df6ee9c35439f4063edcb93a629d",
    "src/addons/XENTR/ReputationSystem/icon.png": "c011229a4a0a3a338f7dcfb2f49411762f9e4318ed67432dfc26bc6a471f4495",
    "src/addons/XENTR/ReputationSystem/MacroRender.php": "4e911e3d451e8c346349bae4e285ac6a07f749e6215be578a7c81a02d5bac30d",
    "src/addons/XENTR/ReputationSystem/_data/activity_summary_definitions.xml": "99d8c2563a31320d66f958fc8bda78613545f5f7959bb3cf5318805e3a3c39d2",
    "src/addons/XENTR/ReputationSystem/_data/admin_navigation.xml": "064ec797484ac00d5ee37367b50b06846d11f480d00550997712707f8fdac8c0",
    "src/addons/XENTR/ReputationSystem/_data/admin_permission.xml": "ec6fb97cebf0bceb24f1ed1d5778c1db54eeb7535fbb3e31d824840e7aa9ff87",
    "src/addons/XENTR/ReputationSystem/_data/advertising_positions.xml": "d2f7cbe844bb1df3cf878d22ff6306249245c8ff6b0b87b9b729744bec538261",
    "src/addons/XENTR/ReputationSystem/_data/api_scopes.xml": "6793eaf758f140e8137187ba20e65f4faccf53410433ae3ad7a8b3b38cb6b3b7",
    "src/addons/XENTR/ReputationSystem/_data/bb_codes.xml": "faa4ddd5f4a365e5ac39aebdcbe2d25aedf74e7eb9ea4a812766e2fd5e13bdb1",
    "src/addons/XENTR/ReputationSystem/_data/bb_code_media_sites.xml": "29762987990187b33e43cfb68c08dc917b2d3f0176613d78f8e6c453f82da3f3",
    "src/addons/XENTR/ReputationSystem/_data/class_extensions.xml": "1f548b8006e9952a3f5889f71e09fdfa6726ac1a47c1af7b2626d1a88920d5a4",
    "src/addons/XENTR/ReputationSystem/_data/code_events.xml": "8370dec3df47f91df4cf79da253446ad11b29f4ea568fe76c774e97a0379f0eb",
    "src/addons/XENTR/ReputationSystem/_data/code_event_listeners.xml": "8f85a80076f838c5270d01cc4be323a3d9b3cd8d0023518589d56187536d411a",
    "src/addons/XENTR/ReputationSystem/_data/content_type_fields.xml": "c7ad5472b28f465b7ac7617627707eba1b7a39d28089460d52e1ed292fc0b06a",
    "src/addons/XENTR/ReputationSystem/_data/cron.xml": "323c4284742ef24329cd6db6f288eb9736d2353f36852e1db12591e1583aea26",
    "src/addons/XENTR/ReputationSystem/_data/help_pages.xml": "a8a0c0b06cdc550438bc8a8d385af3e1e5ab3459877dfb934c1c31be59c89163",
    "src/addons/XENTR/ReputationSystem/_data/member_stats.xml": "89fb2b93ff1eca7a1f6f752248edf6090dfd24037db1446fd18ff7143f08124d",
    "src/addons/XENTR/ReputationSystem/_data/navigation.xml": "f75e1c03a45a360bbdfcd0567121665082315068475d5b0feb8b1acbb1688651",
    "src/addons/XENTR/ReputationSystem/_data/options.xml": "1542f6e6609fffebb04f76272b85fdaaed2094aee766eb01467e9f9a51de806c",
    "src/addons/XENTR/ReputationSystem/_data/option_groups.xml": "536bf8032a12fa9f4e2e448c337d6eaa6c00e228e80455f76b920f4c90e75711",
    "src/addons/XENTR/ReputationSystem/_data/permissions.xml": "7adf96eca7c12c5cbd74d1bd1d83d6b9f50512db2532e2108438a8b0435e192d",
    "src/addons/XENTR/ReputationSystem/_data/permission_interface_groups.xml": "22904ac7b52fac4a5fef9a7f15c811815eb338bc41aa3804adc20c0b46509eb9",
    "src/addons/XENTR/ReputationSystem/_data/phrases.xml": "3598bc1a49ae523907bd7f70a9e0fcd37c66a386b84ae3155b51155ff3070429",
    "src/addons/XENTR/ReputationSystem/_data/routes.xml": "550fa64f9feedf137dd877b38c2684f94474619d2d83890dbb717a91b50da8f5",
    "src/addons/XENTR/ReputationSystem/_data/style_properties.xml": "8b8690a8512f01f219dd2da76e3d0c5f62afc1f317b87794a7331c859c36a7a8",
    "src/addons/XENTR/ReputationSystem/_data/style_property_groups.xml": "68e1879cb3846c42d978487aa8d5145ff3335fc39e58016878824d5cf3fd684c",
    "src/addons/XENTR/ReputationSystem/_data/templates.xml": "5b56305e7001f65918e9bfb26be675ef29269e912a295eed28e0f09c05011e0c",
    "src/addons/XENTR/ReputationSystem/_data/template_modifications.xml": "0fa3cb9350882e9161485aadbb817d482831845180484c9b3294c936d7807529",
    "src/addons/XENTR/ReputationSystem/_data/widget_definitions.xml": "37e46965256430f24004c2e7f08ba08f9b0d1cbcc4d70e84b3f4e3ffb713e64b",
    "src/addons/XENTR/ReputationSystem/_data/widget_positions.xml": "a29cee66134f6bc5d75ed9df1eef21096c24401915c5b5c774389c3d7bb2d5b3"
}