{
    "src/addons/Andrew/ModeratorPanel/addon.json": "af2ddc9c32e39448165501a83507d21a06d264f30a5974e7cac63174a578e27d",
    "src/addons/Andrew/ModeratorPanel/Entity/UserNote.php": "07a605c24e26147d4ef2952dba4052f7e62caeef01e0fc749385cd00a1e242ce",
    "src/addons/Andrew/ModeratorPanel/ModeratorLog/UserNote.php": "fb55ca3b545f170ba8abafdbacce039e9e3cb67ba836b909e7c15d27ad6483ce",
    "src/addons/Andrew/ModeratorPanel/Pub/Controller/ModeratorPanel.php": "532e99314096c8cfc899caf669afbd9151322f27906d993e8396bc91a6c0e5fe",
    "src/addons/Andrew/ModeratorPanel/Pub/Controller/User.php": "7e1280621c54265cfd8384ea8481c259618b96f93bdb6c9b05ef6c0c718245c3",
    "src/addons/Andrew/ModeratorPanel/Pub/Controller/UserNote.php": "0a47c5b0bd46dc82ee0ba3da889a24f22cc13b82fe8bbfd248fbe86b453eef20",
    "src/addons/Andrew/ModeratorPanel/Repository/UserNote.php": "4c94badd11f6d38d70ecc9c0d400a6da70fbfffe7dc493e183be063064ce16c5",
    "src/addons/Andrew/ModeratorPanel/Setup.php": "f05811b1c29f848808b43a3f713f85a4959447cc848138615c65f6fe116c646b",
    "src/addons/Andrew/ModeratorPanel/XF/Entity/User.php": "7472488993fc3a2908fcdc9c6a019e57904a21f560526aa5e14217336e3a00d4",
    "src/addons/Andrew/ModeratorPanel/XF/Entity/UserIgnored.php": "4605e004705357163b3872c738298376eec19c0e6c6d075c1ef3f7fa180307fd",
    "src/addons/Andrew/ModeratorPanel/XF/Pub/Controller/Member.php": "51f5c8e4c494a8398dfe2ac700ad205497f1caa0665c6bb4a6010329623fbca2",
    "src/addons/Andrew/ModeratorPanel/_data/activity_summary_definitions.xml": "99d8c2563a31320d66f958fc8bda78613545f5f7959bb3cf5318805e3a3c39d2",
    "src/addons/Andrew/ModeratorPanel/_data/admin_navigation.xml": "064ec797484ac00d5ee37367b50b06846d11f480d00550997712707f8fdac8c0",
    "src/addons/Andrew/ModeratorPanel/_data/admin_permission.xml": "ec6fb97cebf0bceb24f1ed1d5778c1db54eeb7535fbb3e31d824840e7aa9ff87",
    "src/addons/Andrew/ModeratorPanel/_data/advertising_positions.xml": "d2f7cbe844bb1df3cf878d22ff6306249245c8ff6b0b87b9b729744bec538261",
    "src/addons/Andrew/ModeratorPanel/_data/api_scopes.xml": "6793eaf758f140e8137187ba20e65f4faccf53410433ae3ad7a8b3b38cb6b3b7",
    "src/addons/Andrew/ModeratorPanel/_data/bb_codes.xml": "faa4ddd5f4a365e5ac39aebdcbe2d25aedf74e7eb9ea4a812766e2fd5e13bdb1",
    "src/addons/Andrew/ModeratorPanel/_data/bb_code_media_sites.xml": "29762987990187b33e43cfb68c08dc917b2d3f0176613d78f8e6c453f82da3f3",
    "src/addons/Andrew/ModeratorPanel/_data/class_extensions.xml": "19413fb5de75f3bf9eb4d2587ef51a6cb2f90e124b48a501e2c4a83b01e23954",
    "src/addons/Andrew/ModeratorPanel/_data/code_events.xml": "8370dec3df47f91df4cf79da253446ad11b29f4ea568fe76c774e97a0379f0eb",
    "src/addons/Andrew/ModeratorPanel/_data/code_event_listeners.xml": "d6b5072f4909dee7a20ee9e44b163f95c8aa52e6ac7f573e292000cd9238c331",
    "src/addons/Andrew/ModeratorPanel/_data/content_type_fields.xml": "f78b7cc933f811fef21f953bc56740af8a2ce1a9878880ebc3bc3ebd06fd79f6",
    "src/addons/Andrew/ModeratorPanel/_data/cron.xml": "323c4284742ef24329cd6db6f288eb9736d2353f36852e1db12591e1583aea26",
    "src/addons/Andrew/ModeratorPanel/_data/help_pages.xml": "a8a0c0b06cdc550438bc8a8d385af3e1e5ab3459877dfb934c1c31be59c89163",
    "src/addons/Andrew/ModeratorPanel/_data/member_stats.xml": "89fb2b93ff1eca7a1f6f752248edf6090dfd24037db1446fd18ff7143f08124d",
    "src/addons/Andrew/ModeratorPanel/_data/navigation.xml": "f75e1c03a45a360bbdfcd0567121665082315068475d5b0feb8b1acbb1688651",
    "src/addons/Andrew/ModeratorPanel/_data/options.xml": "1a1d0e454adb36faf61d6d2437712620e5ffd055c5656dcd0b037a8a5197f1ff",
    "src/addons/Andrew/ModeratorPanel/_data/option_groups.xml": "6083591048419ba1983905726e8108cb3295d96d45abe4618fc9c096bab4324a",
    "src/addons/Andrew/ModeratorPanel/_data/permissions.xml": "cbac7cb6b9a29bd045798a26e82a49a4c2d1ff4feaabd6199a356f7de6e6f3e1",
    "src/addons/Andrew/ModeratorPanel/_data/permission_interface_groups.xml": "91ae588380820200801526a44cbce137c2631d81f6a475eb4a933469c9961696",
    "src/addons/Andrew/ModeratorPanel/_data/phrases.xml": "e13451a37d29be1841168ce260df924da37edd8b5c7ad2f3e3897fc1ed4982f8",
    "src/addons/Andrew/ModeratorPanel/_data/routes.xml": "b55b18203b8ed4eab5be4f2001dacd779f3277609f92902adde57380875806f9",
    "src/addons/Andrew/ModeratorPanel/_data/style_properties.xml": "8b8690a8512f01f219dd2da76e3d0c5f62afc1f317b87794a7331c859c36a7a8",
    "src/addons/Andrew/ModeratorPanel/_data/style_property_groups.xml": "68e1879cb3846c42d978487aa8d5145ff3335fc39e58016878824d5cf3fd684c",
    "src/addons/Andrew/ModeratorPanel/_data/templates.xml": "2c7afd631150e59c18b84e5f138854ee8b8758e6361258da5f7407061aec88e9",
    "src/addons/Andrew/ModeratorPanel/_data/template_modifications.xml": "cf0cf12cf188a652aa49b413a24a5ec43c414214a1cfe7a64fb7d8121fffea58",
    "src/addons/Andrew/ModeratorPanel/_data/widget_definitions.xml": "37e46965256430f24004c2e7f08ba08f9b0d1cbcc4d70e84b3f4e3ffb713e64b",
    "src/addons/Andrew/ModeratorPanel/_data/widget_positions.xml": "a29cee66134f6bc5d75ed9df1eef21096c24401915c5b5c774389c3d7bb2d5b3"
}