{
    "legacy_addon_id": "",
    "title": "[AwesomeForo] -  Fake Online User",
    "description": "Fake Online User",
    "version_id": 2002,
    "version_string": "2.0.2",
    "dev": "AwesomeForo",
    "dev_url": "https://awesomeforo.com/",
    "faq_url": "",
    "support_url": "https://awesomeforo.com/",
    "extra_urls": {
        "Privacy Policy": "https://awesomeforo.com/privacy-policy/",
        "Copyright Notice": "https://awesomeforo.com/license-agreement/"
    },
    "require": [],
    "icon": "icon.png"
}