{
    "src/addons/AwesomeForo/AwesomeCore/AwesomeSetup.php": "e72e95b1e92fdec1c66f6b02c0e80b337c09061a8136cd9c7b0b99a287182ddf",
    "src/addons/AwesomeForo/AwesomeCore/Entity/AwesomeAddon.php": "46f3eb91515954ca8d9b726dc59206ed3cebe643ee8f784361e95666e4f7eedd",
    "src/addons/AwesomeForo/AwesomeCore/Listener.php": "9ae466b60bb68ef5492b755739bdea26325e47b3daf78faf2edc51f1d47ac27f",
    "src/addons/AwesomeForo/AwesomeCore/Repository/AwesomeAddon.php": "bf457106d82c1ab15dc65b93098ce8bd7918987e6f8f159ede10e80a9f47223f",
    "src/addons/AwesomeForo/FakeOnline/addon.json": "638efac18e0bc1a164dcd68f086b37eb6d2dff7e2ddd0e0a86a65a9250850a29",
    "src/addons/AwesomeForo/FakeOnline/Core.php": "e6b3c77459811a84113bb1a5721111b9eb368e89cc74ed91a8bea5ce14f51c96",
    "src/addons/AwesomeForo/FakeOnline/Cron/UpdateOnline.php": "0be599c26b4b320db29e10bad49997e2b34225308b78b90fd6878cdcce8eef31",
    "src/addons/AwesomeForo/FakeOnline/icon.png": "455ad621e67bb9f0c658ecb3abfd5348070d2ebd6fd4c639ed03b07293b11263",
    "src/addons/AwesomeForo/FakeOnline/Listener/EntityStructure.php": "0e10f63669a1400e2b090fc8f4196e38e004c4f50861a459698ea1f7a10a0641",
    "src/addons/AwesomeForo/FakeOnline/Repository/FakeOnline.php": "8d3cb9611d7f9fb9225558306830dad6db2f3e534aacab81b2f56de10ebfafb1",
    "src/addons/AwesomeForo/FakeOnline/Setup.php": "a46a207f5d0dc916b51da9659297d2a4626eaaf13228fa88cdb5557005a356d0",
    "src/addons/AwesomeForo/FakeOnline/XF/Pub/Controller/Member.php": "01684b3c8498ad89b4ef7af35a1a0bff3432f576710a01607dc70adc4660148f",
    "src/addons/AwesomeForo/FakeOnline/XF/Widget/MembersOnline.php": "cb98b062a0e29e16e218948a2f8d28849003b66023afda8fd06267af504b1eda",
    "src/addons/AwesomeForo/FakeOnline/_data/admin_navigation.xml": "064ec797484ac00d5ee37367b50b06846d11f480d00550997712707f8fdac8c0",
    "src/addons/AwesomeForo/FakeOnline/_data/admin_permission.xml": "ec6fb97cebf0bceb24f1ed1d5778c1db54eeb7535fbb3e31d824840e7aa9ff87",
    "src/addons/AwesomeForo/FakeOnline/_data/advertising_positions.xml": "d2f7cbe844bb1df3cf878d22ff6306249245c8ff6b0b87b9b729744bec538261",
    "src/addons/AwesomeForo/FakeOnline/_data/api_scopes.xml": "6793eaf758f140e8137187ba20e65f4faccf53410433ae3ad7a8b3b38cb6b3b7",
    "src/addons/AwesomeForo/FakeOnline/_data/bb_codes.xml": "faa4ddd5f4a365e5ac39aebdcbe2d25aedf74e7eb9ea4a812766e2fd5e13bdb1",
    "src/addons/AwesomeForo/FakeOnline/_data/bb_code_media_sites.xml": "29762987990187b33e43cfb68c08dc917b2d3f0176613d78f8e6c453f82da3f3",
    "src/addons/AwesomeForo/FakeOnline/_data/class_extensions.xml": "279bd132d38cb07ca8ede68802285ebcd538507e364c4b6b7184c313dae7f083",
    "src/addons/AwesomeForo/FakeOnline/_data/code_events.xml": "8370dec3df47f91df4cf79da253446ad11b29f4ea568fe76c774e97a0379f0eb",
    "src/addons/AwesomeForo/FakeOnline/_data/code_event_listeners.xml": "bed000626c69239c5ae88b966d615feece2aa5e156488f12c84e4dac3bfd498a",
    "src/addons/AwesomeForo/FakeOnline/_data/content_type_fields.xml": "c7ad5472b28f465b7ac7617627707eba1b7a39d28089460d52e1ed292fc0b06a",
    "src/addons/AwesomeForo/FakeOnline/_data/cron.xml": "9ab34483730abf89916de80513442fe0e7324e9490842485ac2bc0ad174f2e93",
    "src/addons/AwesomeForo/FakeOnline/_data/fsp_tab_definitions.xml": "abb2b7aa27c03482a4959a03f94c42a9c89f043e12621f3cde7543c44f65dced",
    "src/addons/AwesomeForo/FakeOnline/_data/help_pages.xml": "a8a0c0b06cdc550438bc8a8d385af3e1e5ab3459877dfb934c1c31be59c89163",
    "src/addons/AwesomeForo/FakeOnline/_data/member_stats.xml": "89fb2b93ff1eca7a1f6f752248edf6090dfd24037db1446fd18ff7143f08124d",
    "src/addons/AwesomeForo/FakeOnline/_data/navigation.xml": "f75e1c03a45a360bbdfcd0567121665082315068475d5b0feb8b1acbb1688651",
    "src/addons/AwesomeForo/FakeOnline/_data/options.xml": "bdff2d201b36d992c71ff673177d75fbd6fef626dd292ad471d2c33ef4ee989e",
    "src/addons/AwesomeForo/FakeOnline/_data/option_groups.xml": "1b95ff9548199404667a43cb920dcf76ab05795a76b2f46e0f97923886c2b9c1",
    "src/addons/AwesomeForo/FakeOnline/_data/permissions.xml": "7e4fc7d5826733d15ea2d8936b9bdd41afcaad810eb38e50da3c8d8eafda1550",
    "src/addons/AwesomeForo/FakeOnline/_data/permission_interface_groups.xml": "3177224e96458b829aa7fb24866dda9e0455a4922aee3d669b53f59a1ffdf5d1",
    "src/addons/AwesomeForo/FakeOnline/_data/phrases.xml": "e5ababf8ab6f32fafa91d30cc962361850d7f57fcc23ae2b1458ec820c8a8ed9",
    "src/addons/AwesomeForo/FakeOnline/_data/routes.xml": "550fa64f9feedf137dd877b38c2684f94474619d2d83890dbb717a91b50da8f5",
    "src/addons/AwesomeForo/FakeOnline/_data/style_properties.xml": "8b8690a8512f01f219dd2da76e3d0c5f62afc1f317b87794a7331c859c36a7a8",
    "src/addons/AwesomeForo/FakeOnline/_data/style_property_groups.xml": "68e1879cb3846c42d978487aa8d5145ff3335fc39e58016878824d5cf3fd684c",
    "src/addons/AwesomeForo/FakeOnline/_data/templates.xml": "2898eb0fdc5e9522f323b4c6ec94e1b3262a9e8ca905ef00a2d3738cf72b3306",
    "src/addons/AwesomeForo/FakeOnline/_data/template_modifications.xml": "3e1d8f3e8cdf7ebd25432e5ab30c4d0f8a9cc3c433dc656e1b6d59485cacea11",
    "src/addons/AwesomeForo/FakeOnline/_data/widget_definitions.xml": "37e46965256430f24004c2e7f08ba08f9b0d1cbcc4d70e84b3f4e3ffb713e64b",
    "src/addons/AwesomeForo/FakeOnline/_data/widget_positions.xml": "a29cee66134f6bc5d75ed9df1eef21096c24401915c5b5c774389c3d7bb2d5b3"
}