{
    "legacy_addon_id": "",
    "title": "[Xen-Soluce] Avatar Gallery",
    "description": "This add-on allows you to offer your users a gallery of pre-selected avatars to use.",
    "version_id": 2010500,
    "version_string": "2.1.5",
    "dev": "Xen-Soluce",
    "dev_url": "https://xen-soluce.com/",
    "faq_url": "",
    "support_url": "https://xen-soluce.com/forums/supports.25/",
    "extra_urls": {
        "Suggestions": "https://xen-soluce.com/forums/suggestions.26/"
    },
    "require": {
        "XF": [
            2010031,
            "XenForo 2.1.0 Beta 1+"
        ]
    },
    "icon": "fa-user-circle"
}