{
    "data/gallery_avatars/index.html": "36a9e7f1c95b82ffb99743e0c5c4ce95d83c9a430aac59f84ef3cbfab6145068",
    "js/XenSoluce/AvatarGallery/gallery_avatar.js": "44ff6d753bfcebc0802ed4c5b8133601928d208f25a3d8ec6ac66c03758cc396",
    "js/XenSoluce/AvatarGallery/gallery_avatar.min.js": "5d6c921615296699a53afea22ee794676929264dc2ad0a104a7f1fd5db680abc",
    "src/addons/XenSoluce/AvatarGallery/addon.json": "5c0aaa8031d2ea34822ed0696cd93d99d5064d0890296d8eaac5c4dd0a8b78d6",
    "src/addons/XenSoluce/AvatarGallery/Admin/Controller/AvatarGallery.php": "bcab1ed8097985d388a7f51049c02a6b09263a110c086ce352c8fe06ad44ffb7",
    "src/addons/XenSoluce/AvatarGallery/Entity/XsAvatarGallery.php": "a52716aa4deab7bfac3760098073399e89600814209ba35261e3d6768e20a088",
    "src/addons/XenSoluce/AvatarGallery/Setup.php": "ba8346a96d300ada1e6f6a41bebcd8e9170d9a1d33fc86d56c2a33ff4105565b",
    "src/addons/XenSoluce/AvatarGallery/XF/Entity/User.php": "da84493d0061084f911c83867ddfb9032d2a0302e46b6de4babc10e893de8d12",
    "src/addons/XenSoluce/AvatarGallery/XF/Pub/Controller/Account.php": "e93e673c30b32d18963dad6a5f2998c8e91866ea78a36f8d5db1845f18093b4c",
    "src/addons/XenSoluce/AvatarGallery/XF/Pub/Controller/Register.php": "d355237583307a4e34bf603bb2f16c59c37e5840bef9ac09835e468cf334c951",
    "src/addons/XenSoluce/AvatarGallery/_data/activity_summary_definitions.xml": "99d8c2563a31320d66f958fc8bda78613545f5f7959bb3cf5318805e3a3c39d2",
    "src/addons/XenSoluce/AvatarGallery/_data/admin_navigation.xml": "13aad75841672ed042271a05f298abf8657db4e6019a26e2c303a5120d032714",
    "src/addons/XenSoluce/AvatarGallery/_data/admin_permission.xml": "ec6fb97cebf0bceb24f1ed1d5778c1db54eeb7535fbb3e31d824840e7aa9ff87",
    "src/addons/XenSoluce/AvatarGallery/_data/advertising_positions.xml": "d2f7cbe844bb1df3cf878d22ff6306249245c8ff6b0b87b9b729744bec538261",
    "src/addons/XenSoluce/AvatarGallery/_data/api_scopes.xml": "6793eaf758f140e8137187ba20e65f4faccf53410433ae3ad7a8b3b38cb6b3b7",
    "src/addons/XenSoluce/AvatarGallery/_data/bb_codes.xml": "faa4ddd5f4a365e5ac39aebdcbe2d25aedf74e7eb9ea4a812766e2fd5e13bdb1",
    "src/addons/XenSoluce/AvatarGallery/_data/bb_code_media_sites.xml": "29762987990187b33e43cfb68c08dc917b2d3f0176613d78f8e6c453f82da3f3",
    "src/addons/XenSoluce/AvatarGallery/_data/class_extensions.xml": "b4dfe53e79ca4e055a004fc4d9e81f465c015a830a44023e82d6f70ef5d1eff5",
    "src/addons/XenSoluce/AvatarGallery/_data/code_events.xml": "8370dec3df47f91df4cf79da253446ad11b29f4ea568fe76c774e97a0379f0eb",
    "src/addons/XenSoluce/AvatarGallery/_data/code_event_listeners.xml": "d6b5072f4909dee7a20ee9e44b163f95c8aa52e6ac7f573e292000cd9238c331",
    "src/addons/XenSoluce/AvatarGallery/_data/content_type_fields.xml": "c7ad5472b28f465b7ac7617627707eba1b7a39d28089460d52e1ed292fc0b06a",
    "src/addons/XenSoluce/AvatarGallery/_data/cron.xml": "323c4284742ef24329cd6db6f288eb9736d2353f36852e1db12591e1583aea26",
    "src/addons/XenSoluce/AvatarGallery/_data/help_pages.xml": "a8a0c0b06cdc550438bc8a8d385af3e1e5ab3459877dfb934c1c31be59c89163",
    "src/addons/XenSoluce/AvatarGallery/_data/member_stats.xml": "89fb2b93ff1eca7a1f6f752248edf6090dfd24037db1446fd18ff7143f08124d",
    "src/addons/XenSoluce/AvatarGallery/_data/navigation.xml": "f75e1c03a45a360bbdfcd0567121665082315068475d5b0feb8b1acbb1688651",
    "src/addons/XenSoluce/AvatarGallery/_data/options.xml": "d7d3747cc2b9faf6531ce73b76a0a684bb25c8c623249fe19911a64aae73360a",
    "src/addons/XenSoluce/AvatarGallery/_data/option_groups.xml": "1f876a6210f9563e0ea7322ebf58fe7f8a1c35a05f26106121d5467ddba06acc",
    "src/addons/XenSoluce/AvatarGallery/_data/permissions.xml": "09950002f800d654a896ce57261c9f16f53fb87ed969ffeb5999b9ea909fe058",
    "src/addons/XenSoluce/AvatarGallery/_data/permission_interface_groups.xml": "3177224e96458b829aa7fb24866dda9e0455a4922aee3d669b53f59a1ffdf5d1",
    "src/addons/XenSoluce/AvatarGallery/_data/phrases.xml": "c72bba1f22dfaf6e7c73c44765414509c9464ab1718953ae94f851d61f80785b",
    "src/addons/XenSoluce/AvatarGallery/_data/routes.xml": "2995f073d90f62c01ad1d4ac6794336ee32862ea17dea371a0957c6aa9f78dfa",
    "src/addons/XenSoluce/AvatarGallery/_data/style_properties.xml": "8b8690a8512f01f219dd2da76e3d0c5f62afc1f317b87794a7331c859c36a7a8",
    "src/addons/XenSoluce/AvatarGallery/_data/style_property_groups.xml": "68e1879cb3846c42d978487aa8d5145ff3335fc39e58016878824d5cf3fd684c",
    "src/addons/XenSoluce/AvatarGallery/_data/templates.xml": "3d1983f7c875e8f5700b6b424c3b42e9a7ed7bfaf485786fd61a8e99e11bf41e",
    "src/addons/XenSoluce/AvatarGallery/_data/template_modifications.xml": "77ba4fc8316b032bf67f19a9e505b4d3b245a5e5711efffd5816f2d3fa8c2c8d",
    "src/addons/XenSoluce/AvatarGallery/_data/widget_definitions.xml": "37e46965256430f24004c2e7f08ba08f9b0d1cbcc4d70e84b3f4e3ffb713e64b",
    "src/addons/XenSoluce/AvatarGallery/_data/widget_positions.xml": "a29cee66134f6bc5d75ed9df1eef21096c24401915c5b5c774389c3d7bb2d5b3"
}