<?xml version="1.0" encoding="utf-8"?>
<options>
  <option option_id="awe_Fake_Group" edit_format="callback" data_type="integer">
    <default_value>0</default_value>
    <edit_format_params>XF\Option\UserGroup::renderSelect</edit_format_params>
    <relation group_id="awe_FakeOnline" display_order="3"/>
  </option>
  <option option_id="awe_Fake_Limit" edit_format="spinbox" data_type="integer">
    <default_value>40</default_value>
    <relation group_id="awe_FakeOnline" display_order="5"/>
  </option>
  <option option_id="awe_fake_guest" edit_format="onofftextbox" data_type="array">
    <default_value>{"enabled":"1","number":"20"}</default_value>
    <edit_format_params>min=0
onoff=enabled
value=number
default=20
type=spinbox</edit_format_params>
    <sub_options>enabled
number</sub_options>
    <relation group_id="awe_FakeOnline" display_order="1"/>
  </option>
  <option option_id="awe_fake_user" edit_format="template" data_type="string">
    <default_value></default_value>
    <edit_format_params>awesome_option_fake_user_by_name</edit_format_params>
    <relation group_id="awe_FakeOnline" display_order="2"/>
  </option>
  <option option_id="fake_type" edit_format="checkbox" data_type="array">
    <default_value>{"thread":"1","forum":"1","inbox":"1","member":"1"}</default_value>
    <edit_format_params>thread={{phrase('thread_view')}}
forum={{phrase('forum_view')}}
inbox={{phrase('conversation_view')}}
member={{phrase('member_view')}}</edit_format_params>
    <sub_options>*</sub_options>
    <relation group_id="awe_FakeOnline" display_order="3"/>
  </option>
</options>
