<?xml version="1.0" encoding="utf-8"?>
<phrases>
  <phrase title="cron_entry.updatefakeonline" version_id="2000000" version_string="2.0.0"><![CDATA[Up date Fake online]]></phrase>
  <phrase title="fake_guest" version_id="2000002" version_string="2.0.2"><![CDATA[Fake Guest Count]]></phrase>
  <phrase title="option.awe_Fake_Group" version_id="2000" version_string="2.0.0"><![CDATA[Auto Fake Group]]></phrase>
  <phrase title="option.awe_Fake_Limit" version_id="2000" version_string="2.0.0"><![CDATA[Limit to process per times]]></phrase>
  <phrase title="option.awe_fake_guest" version_id="2000" version_string="2.0.0"><![CDATA[Fake Guest]]></phrase>
  <phrase title="option.awe_fake_user" version_id="2000" version_string="2.0.0"><![CDATA[Fake User List]]></phrase>
  <phrase title="option.fake_type" version_id="2000" version_string="2.0.0"><![CDATA[Fake action]]></phrase>
  <phrase title="option_explain.awe_Fake_Group" version_id="2000" version_string="2.0.0"><![CDATA[Automatically randomly select members of this<b> Primary user group </b>to fake online. Ideally, you should create a special group to accomplish this]]></phrase>
  <phrase title="option_explain.awe_Fake_Limit" version_id="2000" version_string="2.0.0"><![CDATA[For example, if you set 40, it will retrieve a list of 40 people manually fake and 40 people are automatically taken from the selected group
<br>
<p style="color:red ; font-size:20px">
Please <a href="admin.php?cron/updatefakeonline/run" style="color:blue"  target="_blank">Click here</a> to retrieve data during the first installation.
</p>]]></phrase>
  <phrase title="option_explain.awe_fake_guest" version_id="2000" version_string="2.0.0"><![CDATA[]]></phrase>
  <phrase title="option_explain.awe_fake_user" version_id="2000" version_string="2.0.0"><![CDATA[Enter fake user name. You may enter multiple names here.]]></phrase>
  <phrase title="option_explain.fake_type" version_id="2000" version_string="2.0.0"><![CDATA[]]></phrase>
  <phrase title="option_group.awe_FakeOnline" version_id="2000" version_string="2.0.0"><![CDATA[Fake User Online Option]]></phrase>
  <phrase title="option_group_description.awe_FakeOnline" version_id="2000" version_string="2.0.0"><![CDATA[]]></phrase>
  <phrase title="please_confirm_that_you_want_to_delete_fake_online_following" version_id="2000000" version_string="2.0.0"><![CDATA[please confirm that you want to delete fake online following]]></phrase>
  <phrase title="please_confirm_that_you_want_to_fake_online_following" version_id="2000000" version_string="2.0.0"><![CDATA[please confirm that you want to fake online following user]]></phrase>
</phrases>
