<?xml version="1.0" encoding="utf-8"?>
<template_modifications>
  <modification type="public" template="member_macros" modification_key="fakeonline" description="fake online" execution_order="10" enabled="1" action="str_replace">
    <find><![CDATA[<!--[XF:moderator_menu:bottom]-->]]></find>
    <replace><![CDATA[$0
<xf:if is="$user.canBan() && $user.fake_online == 0 ">
<a href="{{ link('members/fakeonline', $user) }}" class="menu-linkRow" data-xf-click="overlay">{{ phrase('fake online') }}</a>
<xf:elseif is="$user.canBan() && $user.fake_online == 1 "/>
<a href="{{ link('members/deletefake', $user) }}" class="menu-linkRow" data-xf-click="overlay">{{ phrase('unfake online') }}</a>
</xf:if>]]></replace>
  </modification>
</template_modifications>
