{
    "legacy_addon_id": "EWRcarta",
    "title": "[8WR] XenCarta 2 (Wiki) PRO",
    "description": "Light-weight, cache-able wiki. Add-on from 8WAYRUN.",
    "version_id": 2007,
    "version_string": "2.0.0.7",
    "dev": "Jaxel",
    "dev_url": "https://xenforo.com/community/resources/authors/1295/",
    "faq_url": "https://xenforo.com/community/resources/6393/field?field=faq",
    "support_url": "https://xenforo.com/community/resources/6393/",
    "extra_urls": [],
    "require": [],
    "icon": "fa-wikipedia-w"
}