{
    "js/8wayrun/carta/masonry.js": "605003a102486058fe8ac757b2c30652b9ac54d6d50df3799bc8cf81537ef66e",
    "js/8wayrun/carta/tablesort.js": "40c599a57eb6a62d36bcff13f3d92f88592f49dfdaf584af872ae9ec883f7895",
    "js/8wayrun/carta/wiki.js": "4ece67751907dbe258169f92716f6480c45604daf86cb46e8cca01b897fd1aa9",
    "src/addons/EWR/Carta/addon.json": "e7a77acfc144c74ccdfe0eb4258eff991a9faad2b4e87140e19a63f72896d41d",
    "src/addons/EWR/Carta/Admin/Controller/Index.php": "0dccaefa5359f616b5619e6cadc532746eff627637cfe1d642e147b5e17c79e2",
    "src/addons/EWR/Carta/Admin/Controller/Page.php": "1050b732cbc56986faa300443f567a31616fd92cc7a12408b6375b86e501c362",
    "src/addons/EWR/Carta/Admin/Controller/Template.php": "d8bb955509da428a7776abe3c20a4a73566f6e50db2700be6da3ca68e681e539",
    "src/addons/EWR/Carta/Alert/Page.php": "9d85326de1030a38f6f405112bc8be062e1d47cd57ba80abcd16dcf69e5f7911",
    "src/addons/EWR/Carta/Attachment/Page.php": "3f0654fe18cbb5b7d85e791ed6322076ac4035402cb12fb1fa37b1b156f398d7",
    "src/addons/EWR/Carta/BbCode/Wiki.php": "f1265bfef3873d4cdd01f4084c070ecf66cb96e577c8625896376d07ddf8240e",
    "src/addons/EWR/Carta/Entity/Cache.php": "e48229a660f684bb67c73da61bd8f3d34831b860fe78c35b7e78a5c45f110b28",
    "src/addons/EWR/Carta/Entity/History.php": "b76f20782786e2ef8b01ec4e6ccdf41c45d97b169a31fb2901473eedc4a8bc07",
    "src/addons/EWR/Carta/Entity/Page.php": "93991173f17badb788098fe9737b64ee1f5ec8f39e49f6abb3fdd37f0159bfff",
    "src/addons/EWR/Carta/Entity/Template.php": "227681356a7a37f11ccea38fa83c1dba32204184143bbe20a4cf8213a4000d87",
    "src/addons/EWR/Carta/Entity/Thread.php": "f1bfc04bdcdc23d65ebcfdfa6fdaed834e60205e83ba14a88ced7d04d14688a5",
    "src/addons/EWR/Carta/Entity/Watch.php": "a507f68d0a2789b88968a497b26f312009bf6be98661f0bd235b2e0f79ec0df3",
    "src/addons/EWR/Carta/Finder/Page.php": "b6233c0d86149b17d6f2e2fa03df3e599c83f115d222c1b6506211452c439992",
    "src/addons/EWR/Carta/Finder/Template.php": "f3aec9633ee7bada085a711e86730ea3835ea322972ce08855573c4101711374",
    "src/addons/EWR/Carta/Import/Importer/Carta140.php": "4f707048c21e8793a6547d381ea772e1c5e85d0c49b9f8b289f1424d56d37f0d",
    "src/addons/EWR/Carta/Like/Page.php": "7610f7d7cb8ea5c03fd3a2feff1eb15aca503330ff1e2e92acc44fcde7ff6801",
    "src/addons/EWR/Carta/Listener/Importer.php": "2c5d9a275ea98f11bb83e4d473c015679e4971428423204b75e331c0abedb82d",
    "src/addons/EWR/Carta/Listener/UserManagement.php": "1ff14b5305a6a5d2a0632809c602b37b98e6ec8c88d31f7e1980837c52592331",
    "src/addons/EWR/Carta/NewsFeed/Page.php": "c69d7be529d32a6f924e70570271ea1a8dcc4e79a75b635a7e78e5f4ba326d0e",
    "src/addons/EWR/Carta/Pub/Controller/History.php": "aaf0bd58a92273a02ae7a910d8b9f6d3d2298291153a3f76acb161b18ad25c2e",
    "src/addons/EWR/Carta/Pub/Controller/Page.php": "91fbb1a09d6dee4be682c9bb53bdf0d51f2695c82f9a371669fa7cdef4804acf",
    "src/addons/EWR/Carta/Pub/Controller/Special.php": "770d92f8c7b3383f34bc57ea55e678c57a4dff94991a4e8a0bd573cc43acf5ee",
    "src/addons/EWR/Carta/Pub/Controller/Template.php": "43961e757369ee76ba61d7f09baec4469ca38667f1554880c977a8a6b891eaa3",
    "src/addons/EWR/Carta/Repository/History.php": "fc84fe73080ae5efedf414c02b27a2cace383bbc3442f4726465e2a3a215af8a",
    "src/addons/EWR/Carta/Repository/Page.php": "8b22a7343fca6103291044fc5e5d14328ecca0cf413a4072af6992961109153c",
    "src/addons/EWR/Carta/Repository/Parser.php": "5ea2d6444ec74e0cd1a6b7c4b468277178f031b3f05f4843f48e1ec0e851710d",
    "src/addons/EWR/Carta/Repository/Template.php": "552014b05b8daaf5c551fdfeacef1b55dfbe699fb41272e3bcb7f081c0250f42",
    "src/addons/EWR/Carta/Repository/Watch.php": "44d8b18cc4798eaa6356a7dc98de254c4b3eae8268edc31c6ab5b3e8afb42fdf",
    "src/addons/EWR/Carta/Search/Page.php": "b022378570502097a937fb81de6860e73986fc87e83f95c3602a549e0b31f953",
    "src/addons/EWR/Carta/Setup.php": "d82b65496b3ded0ba6b06d734b0d338113e457e8cdf3fb9446f6d7b00b991af3",
    "src/addons/EWR/Carta/Sitemap/Page.php": "f796996a94d17af83401a8ae8a7a283ac13fac8eba2599a8addd196dc221fc1d",
    "src/addons/EWR/Carta/Widget/Index.php": "017b3aa3149b36c6888c657841cbc8f5bc73a1214b325744987bbdad01ad5d31",
    "src/addons/EWR/Carta/_data/admin_navigation.xml": "c069928035c8918bf41e9a6afda784061e9f04e4de7238b170dbb9417ccba4c6",
    "src/addons/EWR/Carta/_data/admin_permission.xml": "a49f55fa293afe343f3f4c691ea54b4dad47cb8e1c106b8b91ab926f40111a09",
    "src/addons/EWR/Carta/_data/bb_codes.xml": "93f4e50f41732576a3dd7ee996eaecc76bdef44eac8517f8690f8a5fc9371a83",
    "src/addons/EWR/Carta/_data/class_extensions.xml": "4e05b9e1c96ded29fd95ba0b9a04a9a5a3fc881c4f6210965411fa793572aadd",
    "src/addons/EWR/Carta/_data/code_event_listeners.xml": "b1cfc72e24110aa6068fe75d812569b953bda83c265d8e90f00be8133d87f621",
    "src/addons/EWR/Carta/_data/content_type_fields.xml": "f4b8df3e6e0769057dca627d26e7ddc28b497e0d119ef4e2620681f39dbe9c8a",
    "src/addons/EWR/Carta/_data/navigation.xml": "5d6a28457d1f7ad2b0946fdc0609d5bf1aff68903e331936aeb40c7d211b1fc9",
    "src/addons/EWR/Carta/_data/options.xml": "fc4b9ebc99a91997ea994e9480012c04ca325ab356fdba3d25a3e6b3ce37c293",
    "src/addons/EWR/Carta/_data/option_groups.xml": "73496cf4dc5259f0684dfeef579f49b9a003ea87f18d2a8c497f18a5b53ffb2c",
    "src/addons/EWR/Carta/_data/permissions.xml": "69213d1ed4b15c30ddc168ca1fc5e6e362dc0b9a4bdd9d76f84508c66892b27d",
    "src/addons/EWR/Carta/_data/permission_interface_groups.xml": "9d73397ececfbfff05044a1460801806b0eeed5765626af52e00894c63016c8c",
    "src/addons/EWR/Carta/_data/phrases.xml": "f0232c73bb505b8ee909263d3e22a56880e54203a6e83ff1835c17c30355d11b",
    "src/addons/EWR/Carta/_data/routes.xml": "d2842257f757053e50300989cbf4eb935ad8c788771ad87a7aaf1e28ff158cfc",
    "src/addons/EWR/Carta/_data/templates.xml": "65b76ba0347ed53fd93ea6381be57626f58f4c1e676e78bb39366a83cfd5734f",
    "src/addons/EWR/Carta/_data/template_modifications.xml": "5ab5bc02577f52a865aa2d70f4aa6c9dfa079c4650d2b672eb873dab2b390bcc",
    "src/addons/EWR/Carta/_data/widget_definitions.xml": "ba568586ce235e86851a970798de9844704e803d35dd2b1a45a4b2ec2e1b943a"
}