<?xml version="1.0" encoding="utf-8"?>
<options>
  <option option_id="siropuCustom404IgnoredUrls" edit_format="textbox" data_type="string">
    <default_value></default_value>
    <edit_format_params>rows=5</edit_format_params>
    <relation group_id="siropuCustom404Page" display_order="4"/>
  </option>
  <option option_id="siropuCustom404PageContent" edit_format="template" data_type="string" validation_class="Siropu\Custom404Page\Option\ContentTemplate" validation_method="verifyOption">
    <default_value>&lt;xf:title&gt;{{ phrase('siropu_custom_404_page_title') }}&lt;/xf:title&gt;
&lt;xf:h1 hidden="true" /&gt;

&lt;xf:set var="$controller" value="{$xf.reply.controller}" /&gt;
&lt;xf:set var="$action" value="{$xf.reply.action}" /&gt;

&lt;div class="block"&gt;
	&lt;div class="block-container"&gt;
		&lt;h3 class="block-header"&gt;{{ phrase('siropu_custom_404_page_title') }}&lt;/h3&gt;
		&lt;div class="block-body block-row"&gt;
			&lt;xf:if is="$controller == 'XF:Forum' AND $action == 'Forum'"&gt;
				{{ phrase('requested_forum_not_found') }}
			&lt;xf:elseif is="$controller == 'XF:Thread' AND $action == 'Index'" /&gt;
				{{ phrase('requested_thread_not_found') }}
			&lt;xf:elseif is="$controller == 'XF\Pub\Controller\Member' AND $action == 'View'" /&gt;
				{{ phrase('requested_user_not_found') }}
			&lt;xf:else /&gt;
				{{ phrase('siropu_custom_404_page_requested_page_could_not_be_found') }}
			&lt;/xf:if&gt;
		&lt;/div&gt;
	&lt;/div&gt;
&lt;/div&gt;</default_value>
    <edit_format_params>siropu_custom_404_option_template_content</edit_format_params>
    <relation group_id="siropuCustom404Page" display_order="1"/>
  </option>
  <option option_id="siropuCustom404PageDisplayContentOnly" edit_format="onoff" data_type="boolean">
    <default_value>0</default_value>
    <relation group_id="siropuCustom404Page" display_order="2"/>
  </option>
  <option option_id="siropuCustom404PageRegexRedirects" edit_format="callback" data_type="array" validation_class="Siropu\Custom404Page\Option\Regex" validation_method="verifyOption">
    <default_value>[]</default_value>
    <edit_format_params>Siropu\Custom404Page\Option\Regex::renderOption</edit_format_params>
    <sub_options>*</sub_options>
    <relation group_id="siropuCustom404Page" display_order="3"/>
  </option>
</options>
