<?xml version="1.0" encoding="utf-8"?>
<phrases>
  <phrase title="admin_navigation.siropuCustom404NotFound" version_id="1000070" version_string="1.0.0"><![CDATA[404 not found]]></phrase>
  <phrase title="option.siropuCustom404IgnoredUrls" version_id="1010170" version_string="1.1.1"><![CDATA[Ignored URLs]]></phrase>
  <phrase title="option.siropuCustom404PageContent" version_id="1000070" version_string="1.0.0"><![CDATA[404 page content]]></phrase>
  <phrase title="option.siropuCustom404PageDisplayContentOnly" version_id="1000070" version_string="1.0.0"><![CDATA[Display content only]]></phrase>
  <phrase title="option.siropuCustom404PageRegexRedirects" version_id="1010070" version_string="1.1.0"><![CDATA[RegEx redirects]]></phrase>
  <phrase title="option_explain.siropuCustom404IgnoredUrls" version_id="1010170" version_string="1.1.1"><![CDATA[The 404 not found URLs added here won't be logged. Add each URL on a separate line. You may use * to represent wildcards.]]></phrase>
  <phrase title="option_explain.siropuCustom404PageContent" version_id="1000070" version_string="1.0.0"><![CDATA[Content to be displayed on the custom 404 page. You can use HTML and XF template syntax here.]]></phrase>
  <phrase title="option_explain.siropuCustom404PageDisplayContentOnly" version_id="1000070" version_string="1.0.0"><![CDATA[If checked, this option allows you to display only the above content, without the XF header and footer.]]></phrase>
  <phrase title="option_explain.siropuCustom404PageRegexRedirects" version_id="1010070" version_string="1.1.0"><![CDATA[This option allows you to do redirects using Regular Expressions. Make sure that you are using valid RegEx with delimiters, else the value won't save.]]></phrase>
  <phrase title="option_group.siropuCustom404Page" version_id="1000070" version_string="1.0.0"><![CDATA[Custom 404 Page]]></phrase>
  <phrase title="option_group_description.siropuCustom404Page" version_id="1000070" version_string="1.0.0"><![CDATA[Options for Custom 404 Page by Siropu.]]></phrase>
  <phrase title="siropu_404_not_found_entries_selected" version_id="1010470" version_string="1.1.4"><![CDATA[Entries selected]]></phrase>
  <phrase title="siropu_custom_404_entry_date" version_id="1000070" version_string="1.0.0"><![CDATA[Entry date]]></phrase>
  <phrase title="siropu_custom_404_last_view_date" version_id="1000070" version_string="1.0.0"><![CDATA[Last view date]]></phrase>
  <phrase title="siropu_custom_404_not_found" version_id="1000070" version_string="1.0.0"><![CDATA[404 not found]]></phrase>
  <phrase title="siropu_custom_404_page_add_redirect" version_id="1000070" version_string="1.0.0"><![CDATA[Add redirect]]></phrase>
  <phrase title="siropu_custom_404_page_add_redirect_url" version_id="1000070" version_string="1.0.0"><![CDATA[Add redirect URL]]></phrase>
  <phrase title="siropu_custom_404_page_clear_log" version_id="1010270" version_string="1.1.2"><![CDATA[Clear log]]></phrase>
  <phrase title="siropu_custom_404_page_delete_all" version_id="1010270" version_string="1.1.2"><![CDATA[Delete all entries]]></phrase>
  <phrase title="siropu_custom_404_page_delete_entries_with_ip" version_id="1010270" version_string="1.1.2"><![CDATA[Delete entries with IP]]></phrase>
  <phrase title="siropu_custom_404_page_delete_entries_without_redirect" version_id="1010270" version_string="1.1.2"><![CDATA[Delete entries without redirect]]></phrase>
  <phrase title="siropu_custom_404_page_rebuild_url_index_key" version_id="1010570" version_string="1.1.5"><![CDATA[Rebuild URL index key]]></phrase>
  <phrase title="siropu_custom_404_page_redirect_url" version_id="1000070" version_string="1.0.0"><![CDATA[Redirect URL]]></phrase>
  <phrase title="siropu_custom_404_page_redirect_url_required" version_id="1010070" version_string="1.1.0"><![CDATA[Redirect URL is required.]]></phrase>
  <phrase title="siropu_custom_404_page_requested_page_could_not_be_found" version_id="1000070" version_string="1.0.0"><![CDATA[The requested page could not be found.]]></phrase>
  <phrase title="siropu_custom_404_page_title" version_id="1000070" version_string="1.0.0"><![CDATA[Page not found]]></phrase>
  <phrase title="siropu_custom_404_page_url_or_redirect_url" version_id="1000070" version_string="1.0.0"><![CDATA[URL or Redirect URL]]></phrase>
  <phrase title="siropu_custom_404_page_with_redirect" version_id="1000070" version_string="1.0.0"><![CDATA[With redirect]]></phrase>
  <phrase title="siropu_custom_404_page_without_redirect" version_id="1000070" version_string="1.0.0"><![CDATA[Without redirect]]></phrase>
  <phrase title="siropu_custom_404_view_count" version_id="1000070" version_string="1.0.0"><![CDATA[View count]]></phrase>
</phrases>
