<?xml version="1.0" encoding="utf-8"?>
<templates>
  <template type="admin" title="siropu_custom_404_option_template_content" version_id="1000070" version_string="1.0.0"><![CDATA[<xf:formrow label="{$option.title}" hint="{$hintHtml}" explain="{$explainHtml}" html="{$listedHtml}">
	<xf:codeeditor name="{$inputName}" value="{{ $option.option_value ?: $content|for_attr }}" mode="html" />
</xf:formrow>]]></template>
  <template type="admin" title="siropu_custom_404_page_not_found_add_redirect" version_id="1000070" version_string="1.0.0"><![CDATA[<xf:title>{{ phrase('siropu_custom_404_page_add_redirect_url:') }} {$notFound.url}</xf:title>

<xf:form action="{{ link('404-not-found/save', $notFound) }}" class="block" ajax="true">
	<div class="block-container">
		<div class="block-body">
			<xf:textboxrow name="redirect_url" value="{$notFound.redirect_url}" label="{{ phrase('siropu_custom_404_page_redirect_url') }}" />
		</div>
		<xf:submitrow icon="save" />
	</div>
</xf:form>]]></template>
  <template type="admin" title="siropu_custom_404_page_not_found_clear_log" version_id="1010270" version_string="1.1.2"><![CDATA[<xf:title>{{ phrase('siropu_custom_404_page_clear_log') }}</xf:title>

<xf:form action="{{ link('404-not-found/clear-log') }}" ajax="true" class="block">
	<div class="block-container">
		<div class="block-body">
			<xf:radiorow name="action">
				<xf:option value="delete_all" checked="true">{{ phrase('siropu_custom_404_page_delete_all') }}</xf:option>
				<xf:option value="no_redirect">{{ phrase('siropu_custom_404_page_delete_entries_without_redirect') }}</xf:option>
				<xf:option value="ip" label="{{ phrase('siropu_custom_404_page_delete_entries_with_ip') }}">
					<xf:dependent>
						<xf:textbox name="ip" placeholder="{{ phrase('ip') }}" />
					</xf:dependent>
				</xf:option>
			</xf:radiorow>
		</div>
		<xf:submitrow icon="delete" />
	</div>
</xf:form>]]></template>
  <template type="admin" title="siropu_custom_404_page_not_found_list" version_id="1010470" version_string="1.1.4"><![CDATA[<xf:title>{{ phrase('siropu_custom_404_not_found') }}</xf:title>

<xf:css>
	.referrerList
	{
		font-size: 12px;
		max-height: 300px;
		overflow: auto;
	}
	.referrerList li
	{
		margin-bottom: 5px;
	}
	.referrerList li:last-child
	{
		margin-bottom: 0;
	}
	.dataList-cell
	{
		word-break: break-all;
	}
	#addRedirectUrl
	{
		display: none;
		margin-top: 10px;
	}
	#addRedirectUrl input[name="url"]
	{
		width: 60%;
	}
	.js-redirectUrl
	{
		display: none;
	}
</xf:css>

<xf:js>
$(function()
{
	function toggleSubmitRow(cookieEntries)
	{
		var checked = $('input[name="entries[]"]:checked');

		if (cookieEntries)
		{
			checked = cookieEntries;
		}

		$('.js-submitRow .formSubmitRow-controls > button').prop('disabled', checked.length ? false : true);
		$('.js-submitRow').css('opacity', checked.length ? 1 : 0.5);
	}

	$('.js-addRedirect').click(function()
	{
		$('#addRedirectUrl').toggle();
	});

	var entriesCookieChecked = $('.404NotFoundEntiresChecked');
	var cookieEntries = XF.Cookie.get('404NotFoundEntries');
	var entries = cookieEntries ? cookieEntries.split(',') : [];

	$('input[type="checkbox"]').on('change', function()
	{
		toggleSubmitRow();

		$('input[name="entries[]"]').each(function()
		{
			var redirectUrl = $(this).parents('.dataList-row').find('.js-redirectUrl');

			if ($(this).is(':checked'))
			{
				redirectUrl.show();
			}
			else
			{
				redirectUrl.hide();
			}

			var id = $(this).val();
			var index = entries.indexOf(id);

			if ($(this).is(':checked'))
			{
				if (index == -1)
				{
					entries.push(id);
				}
			}
			else if (index > -1)
			{
				entries.splice(index, 1);
			}

			XF.Cookie.set('404NotFoundEntries', entries.join(','));
	
			if (entries.length)
			{
				entriesCookieChecked.find('b').text(entries.length);
				entriesCookieChecked.fadeIn();
			}
			else
			{
				entriesCookieChecked.fadeOut();
			}
		});
	});

	$('.js-checkAll').on('click', function()
	{
		if (!cookieEntries.length)
		{
			XF.Cookie.set('404NotFoundCheckbox', $(this).is(':checked'));
		}
	});

	if (XF.Cookie.get('404NotFoundCheckbox') == 'true')
	{
		$('.js-checkAll').trigger('click');
	}
	else
	{
		if (entries.length)
		{
			for (var i in entries)
			{
				$('.dataList-row input[value="' + entries[i] + '"]').prop('checked', true);
			}

			entriesCookieChecked.find('b').text(entries.length);
			entriesCookieChecked.fadeIn();
		}
	}

	entriesCookieChecked.find('a').on('click', function()
	{
		XF.Cookie.set('404NotFoundEntries', '');
		entriesCookieChecked.fadeOut();

		$('input[name="entries[]"]').each(function()
		{
			$(this).prop('checked', false);
		});
	});

	toggleSubmitRow(cookieEntries);
});
</xf:js>

<xf:pageaction>
	<xf:button href="{{ link('404-not-found/clear-log') }}" icon="delete" overlay="true">{{ phrase('siropu_custom_404_page_clear_log') }}</xf:button>
</xf:pageaction>

<xf:form action="{{ link('404-not-found', null, $linkParams) }}" class="block">
	<div class="block-container">
		<div class="block-body block-row">
			<xf:textbox name="url" value="{{ $linkParams.url ?: '' }}" placeholder="{{ phrase('siropu_custom_404_page_url_or_redirect_url') }}" type="search" class="input--inline" />
			<xf:textbox name="ip" value="{{ $linkParams.ip ?: '' }}" placeholder="{{ phrase('ip') }}" type="search" class="input--inline" />
			<xf:button type="submit" icon="search" />
		</div>
	</div>
</xf:form>

<div class="tabs block-tabHeader">
	<div class="hScroller" data-xf-init="h-scroller">
		<span class="hScroller-scroll">
			<xf:if is="$linkParams.url">
				<a href="{{ link('404-not-found') }}" class="tabs-tab is-active">{{ phrase('search_results') }}</a>
			</xf:if>
			<a href="{{ link('404-not-found') }}" class="tabs-tab{{ ($linkParams.redirect == 0 AND !$linkParams.url) ? ' is-active' : '' }}">{{ phrase('siropu_custom_404_page_without_redirect') }}</a>
			<a href="{{ link('404-not-found', null, {'redirect': 1}) }}" class="tabs-tab{{ $linkParams.redirect == 1 ? ' is-active' : '' }}">{{ phrase('siropu_custom_404_page_with_redirect') }}</a>
		</span>
	</div>
</div>

<div class="blockMessage 404NotFoundEntiresChecked" style="display: none;">
	{{ phrase('siropu_404_not_found_entries_selected:') }} <b></b>
	<a role="button" style="float: right;" data-xf-click="">{{ phrase('reset') }}</a>
</div>

<xf:if is="$entries is not empty">
	<xf:form action="{{ link('404-not-found', null, $linkParams) }}" class="block" ajax="true">
		<div class="block-container">
			<div class="block-body">
				<xf:datalist data-xf-init="responsive-data-list">
					<xf:datarow rowtype="header">
						<xf:cell style="text-align: center;">
							<xf:checkbox standalone="true">
								<xf:option check-all="< .block-container" class="js-checkAll" />
							</xf:checkbox>
						</xf:cell>
						<xf:cell width="20%">{{ phrase('url') }}</xf:cell>
						<xf:cell width="20%">{{ phrase('referrer') }}</xf:cell>
						<xf:cell>{{ phrase('ip') }}</xf:cell>
						<xf:cell>{{ phrase('siropu_custom_404_entry_date') }}</xf:cell>
						<xf:cell>{{ phrase('siropu_custom_404_last_view_date') }}</xf:cell>
						<xf:cell class="dataList-cell--min">{{ phrase('siropu_custom_404_view_count') }}</xf:cell>
						<xf:cell />
						<xf:cell />
					</xf:datarow>

					<xf:foreach loop="$entries" value="$entry">
						<xf:datarow delete="{{ link('404-not-found/delete', $entry) }}">
							<xf:toggle name="entries[]" value="{$entry.entry_id}" />
							<xf:cell>
								<a href="{$entry.url}" target="_blank">{$entry.url}</a>
								<xf:if is="$entry.redirect_url">
									<div class="dataList-subRow">&rdsh; {$entry.redirect_url}</div>
								<xf:else />
									<xf:textbox type="url" name="redirect_url[{$entry.entry_id}]" class="js-redirectUrl" placeholder="{{ phrase('siropu_custom_404_page_redirect_url') }}" />
								</xf:if>
							</xf:cell>
							<xf:cell>
								<xf:if is="$entry.referrer">
									<ol class="listPlain referrerList">
										<xf:foreach loop="$entry.referrer" value="$referrer">
											<li><a href="{$referrer}" target="_blank">{$referrer}</a></li>
										</xf:foreach>
									</ol>
								<xf:else />
									 {{ phrase('n_a') }}
								</xf:if>
							</xf:cell>
							<xf:cell>{{ $entry.ip|ip ?: phrase('n_a') }}</xf:cell>
							<xf:cell><xf:date time="{$entry.entry_date}" data-full-date="true" /></xf:cell>
							<xf:cell><xf:date time="{$entry.last_view_date}" data-full-date="true" /></xf:cell>
							<xf:cell>{$entry.view_count|number}</xf:cell>
							<xf:cell href="{{ link('404-not-found/add-redirect', $entry) }}" class="dataList-cell--separated" overlay="true">
								{{ phrase('siropu_custom_404_page_add_redirect...') }}
							</xf:cell>
						</xf:datarow>
					</xf:foreach>
				</xf:datalist>
			</div>
			<xf:submitrow sticky="true" rowclass="js-submitRow">
				<xf:html>
					<xf:button type="submit" name="action" value="save" icon="save" />
					<xf:button type="submit" name="action" value="delete" icon="delete" />
					<xf:button fa="fa-directions" class="js-addRedirect">{{ phrase('siropu_custom_404_page_add_redirect...') }}</xf:button>
					<div id="addRedirectUrl" class="inputGroup">
						<xf:textbox name="url" type="url" placeholder="{{ phrase('url') }}" class="input--inline" />
						<xf:button type="submit" name="action" value="redirect" icon="save" class="input--inline" />
					</div>
				</xf:html>
			</xf:submitrow>
		</div>
	</xf:form>

	<div class="block">
		<div class="block-container">
			<div class="block-footer block-footer--split">
				<span class="block-footer-counter">{{ display_totals($entries, $total) }}</span>
				<span class="block-footer-controls">
					<xf:form action="{{ link('404-not-found', null, $linkParams) }}">
						{{ phrase('order_by:') }}
						<xf:select name="order_field" class="input--inline input" value="{$linkParams.order_field}">
							<xf:option value="entry_date">{{ phrase('siropu_custom_404_entry_date') }}</xf:option>
							<xf:option value="last_view_date">{{ phrase('siropu_custom_404_last_view_date') }}</xf:option>
							<xf:option value="view_count">{{ phrase('siropu_custom_404_view_count') }}</xf:option>
						</xf:select>
						<xf:select name="order_direction" class="input--inline input" value="{$linkParams.order_direction}">
							<xf:option value="ASC">{{ phrase('ascending') }}</xf:option>
							<xf:option value="DESC">{{ phrase('descending') }}</xf:option>
						</xf:select>
						<xf:button name="save_order" value="1" type="submit" icon="save" />
					</xf:form>
				</span>
			</div>
		</div>
	</div>

	<xf:pagenav page="{$page}" perpage="{$perPage}" total="{$total}" link="404-not-found" params="{$linkParams}"
				wrapperclass="block-outer block-outer--after" />
<xf:else />
	<div class="blockMessage">{{ phrase('no_entries_have_been_logged') }}</div>
</xf:if>]]></template>
  <template type="admin" title="siropu_custom_404_page_option_template_regex" version_id="1010070" version_string="1.1.0"><![CDATA[<xf:formrow rowtype="input"
	label="{$option.title}"
	hint="{$hintHtml}"
	explain="{$explainHtml}"
	html="{$listedHtml}">

	<ul class="listPlain inputGroup-container">
		<xf:foreach loop="$choices" key="$counter" value="$choice">
			<li class="inputGroup">
				<xf:textbox name="{$inputName}[{$counter}][find]" value="{$choice.find}" placeholder="{{ phrase('find') }}" size="40" />
				<span class="inputGroup-splitter"></span>
				<xf:textbox name="{$inputName}[{$counter}][redirect]" value="{$choice.redirect}" placeholder="{{ phrase('redirect') }}" size="40" />
			</li>
		</xf:foreach>

		<li class="inputGroup" data-xf-init="field-adder" data-increment-format="{$inputName}[{counter}]">
			<xf:textbox name="{$inputName}[{$nextCounter}][find]" placeholder="{{ phrase('find') }}" size="40" />
			<span class="inputGroup-splitter"></span>
			<xf:textbox name="{$inputName}[{$nextCounter}][redirect]" placeholder="{{ phrase('redirect') }}" size="40" />
		</li>
	</ul>
</xf:formrow>]]></template>
  <template type="public" title="SIROPU_CUSTOM_404_PAGE_CONTAINER" version_id="1000070" version_string="1.0.0"><![CDATA[<!DOCTYPE html>
<html id="XF" lang="{$xf.language.language_code}" dir="{$xf.language.text_direction}">
	<head>
		<meta charset="utf-8" />
		<meta http-equiv="X-UA-Compatible" content="IE=Edge" />
		<meta name="viewport" content="width=device-width, initial-scale=1">

		<xf:set var="$siteName" value="{$xf.options.boardTitle}" />
		<xf:set var="$h1"><xf:h1 fallback="{$siteName}" /></xf:set>
		<xf:set var="$description"><xf:description /></xf:set>

		<title><xf:title formatter="%s | %s" fallback="{$siteName}" page="{$pageNumber}" /></title>

		<xf:macro template="helper_js_global" name="head" arg-app="public" />

		<xf:if is="property('publicFaviconUrl')">
			<link rel="icon" type="image/png" href="{{ base_url(property('publicFaviconUrl')) }}" sizes="32x32" />
		</xf:if>
		<xf:if is="property('publicMetadataLogoUrl')">
			<link rel="apple-touch-icon" href="{{ base_url(property('publicMetadataLogoUrl'), true) }}" />
		</xf:if>
		<xf:include template="google_analytics" />
	</head>
	<body>
			{$content|raw}
			{$ldJsonHtml|raw}
	</body>
</html>]]></template>
  <template type="public" title="siropu_custom_404_page_content" version_id="1010370" version_string="1.1.3"><![CDATA[<xf:title>{{ phrase('siropu_custom_404_page_title') }}</xf:title>
<xf:h1 hidden="true" />

<xf:set var="$controller" value="{$xf.reply.controller}" />
<xf:set var="$action" value="{$xf.reply.action}" />

<div class="block">
	<div class="block-container">
		<h3 class="block-header">{{ phrase('siropu_custom_404_page_title') }}</h3>
		<div class="block-body block-row">
			<xf:if is="$controller == 'XF:Forum' AND $action == 'Forum'">
				{{ phrase('requested_forum_not_found') }}
			<xf:elseif is="$controller == 'XF:Thread' AND $action == 'Index'" />
				{{ phrase('requested_thread_not_found') }}
			<xf:elseif is="$controller == 'XF\Pub\Controller\Member' AND $action == 'View'" />
				{{ phrase('requested_user_not_found') }}
			<xf:else />
				{{ phrase('siropu_custom_404_page_requested_page_could_not_be_found') }}
			</xf:if>
		</div>
	</div>
</div>]]></template>
</templates>
