<?xml version="1.0" encoding="utf-8"?>
<template_modifications>
  <modification type="public" template="error" modification_key="siropu_custom_404_error" description="Custom 404 error template." execution_order="10" enabled="1" action="preg_replace">
    <find><![CDATA[/^(.*?)$/s]]></find>
    <replace><![CDATA[<xf:if is="$xf.is404">
	<xf:if is="$xf.options.siropuCustom404PageDisplayContentOnly">
		<xf:page option="template">SIROPU_CUSTOM_404_PAGE_CONTAINER</xf:page>
	</xf:if>
	<xf:include template="siropu_custom_404_page_content" />
<xf:else />
	$0
</xf:if>]]></replace>
  </modification>
</template_modifications>
